Date,year,sample,SEX,YEAR,Ethnicity,Education,Occupation,Marital status,Transmission category,Baseline CD4+T-cell count(cells/μL),"Baseline HIV VL
(copies/mL plasma)[M(IQR)]",Initial ART regimen,ART duration ,HIV-1YX,PI MU,ATV/r,DRV/r,FPV/r,IDV/r,LPV/r,NFV,SQV/r,TPV/r,NRTI MU,ABC,AZT,d4T,ddI,FTC,3TC,TDF,NNRTI MU,DOR,NNRTIs,ETR,NNRTIs,RPV
2019/07/29,2019,VF-CQ-1000,2 ,62,1,1,2,3,3,72,6270000 ,2NRTIs+NNRTIs,24,B+C,N,S,S,S,S,S,S,S,S,N,S,S,S,S,S,S,S,K103N,S,H,S,H,S
2019/07/29,2019,VF-CQ-1002,1 ,48,1,2,4,1,5,10,6500 ,2NRTIs+NNRTIs,24,CRF01_AE,N,S,S,S,S,S,S,S,S,"D67N, K70E, M184I",I,S,I,I,H,H,L,"V106M, Y181C, G190A",H,H,I,H,H
2019/08/05,2019,VF-CQ-1007,1 ,32,1,3,4,2,3,68,356000 ,2NRTIs+NNRTIs,84,CRF07_BC,N,S,S,S,S,S,S,S,S,N,S,S,S,S,S,S,S,N,S,S,S,S,S
2019/08/05,2019,VF-CQ-1008,1 ,65,3,4,5,4,5,257,38900 ,2NRTIs+NNRTIs,36,B+C,N,S,S,S,S,S,S,S,S,N,S,S,S,S,S,S,S,N,S,S,S,S,S
2019/08/05,2019,VF-CQ-1012,1 ,38,1,2,4,1,4,12,335000 ,2NRTIs+NNRTIs,13,B+C,N,S,S,S,S,S,S,S,S,"K65R, Y115F",H,S,H,H,I,I,H,"V106M, V179D, Y181C",I,H,I,H,I
2019/08/05,2019,VF-CQ-1015,1 ,28,2,3,4,2,3,49,18000000 ,不详,12,CRF07_BC,N,S,S,S,S,S,S,S,S,N,S,S,S,S,S,S,S,N,S,S,S,S,S
2019/08/05,2019,VF-CQ-1017,1 ,60,1,2,4,1,5,37,348000 ,2NRTIs+NNRTIs,8,B+C,N,S,S,S,S,S,S,S,S,"A62V, K65R, M184MIV",H,S,I,H,H,H,I,"K101E, Y181C, G190A",I,H,H,H,H
2019/08/05,2019,VF-CQ-1019,1 ,36,2,4,3,2,3,29,220000 ,2NRTIs,15,B+C,N,S,S,S,S,S,S,S,S,"K65R, K70T, Y115F, M184V",H,S,H,H,H,H,H,"V106M, V179D, F227L",H,H,P,H,P
2019/08/12,2019,VF-CQ-1027,1 ,39,3,4,5,4,5,208,1810 ,2NRTIs+NNRTIs,48,CRF07_BC,N,S,S,S,S,S,S,S,S,N,S,S,S,S,S,S,S,Y181YC,P,I,I,H,I
2019/08/12,2019,VF-CQ-1034,1 ,38,1,4,3,2,4,86,175000 ,2NRTIs+NNRTIs,10,B+C,N,S,S,S,S,S,S,S,S,"K65R, M184I",H,S,I,H,H,H,I,"Y181C, M230L",H,H,H,H,H
2019/08/12,2019,VF-CQ-1042,1 ,25,1,3,4,2,4,64,2280 ,2NRTIs+NNRTIs,72,CRF07_BC,N,S,S,S,S,S,S,S,S,N,S,S,S,S,S,S,S,N,S,S,S,S,S
2019/08/12,2019,VF-CQ-1044,1 ,24,1,4,3,2,5,396,21833 ,2NRTIs+NNRTIs,21,CRF07_BC,N,S,S,S,S,S,S,S,S,N,S,S,S,S,S,S,S,K103N,S,H,S,H,S
2019/08/19,2019,VF-CQ-1053,1 ,24,3,4,5,4,5,,13800 ,2NRTIs+NNRTIs,8,B+C,N,S,S,S,S,S,S,S,S,"K65R, Y115F, M184V",H,S,I,H,H,H,H,"V179VD, Y181C, Y188L",H,H,I,H,H
2019/08/19,2019,VF-CQ-1060,1 ,37,1,2,4,3,5,118,333 ,不详,84,CRF07_BC,N,S,S,S,S,S,S,S,S,N,S,S,S,S,S,S,S,K103N,S,H,S,H,S
2019/08/19,2019,VF-CQ-1064,1 ,50,1,4,3,1,5,39,213235 ,2NRTIs+NNRTIs,9,B+C,N,S,S,S,S,S,S,S,S,K65R,I,S,H,H,I,I,H,"K103N, V106M",I,H,S,H,S
2019/08/19,2019,VF-CQ-1065,1 ,76,1,1,4,1,3,18,701000 ,2NRTIs+NNRTIs,84,CRF01_AE,N,S,S,S,S,S,S,S,S,N,S,S,S,S,S,S,S,"K103N, V179E",S,H,P,H,P
2019/08/19,2019,VF-CQ-1067,2 ,59,3,4,5,4,5,102,80200 ,2NRTIs+NNRTIs,12,CRF07_BC,N,S,S,S,S,S,S,S,S,"M41L, K65R, V75M, Y115F, M184V",H,S,H,H,H,H,H,"V106M, V179D, F227FL",H,H,P,H,P
2019/08/19,2019,VF-CQ-1069,1 ,27,3,4,5,4,5,135,573000 ,不详,36,CRF07_BC,N,S,S,S,S,S,S,S,S,N,S,S,S,S,S,S,S,N,S,S,S,S,S
2019/08/26,2019,VF-CQ-1073,1 ,63,1,1,4,1,5,21,318000 ,2NRTIs+NNRTIs,12,B+C,L90M,L,S,L,I,L,H,I,S,"D67N, K70E, M184V",I,S,I,I,H,H,L,"V106M, V179D, F227L",H,H,P,H,L
2019/08/26,2019,VF-CQ-1076,1 ,22,3,4,5,4,5,16,20200 ,2NRTIs+NNRTIs,19,CRF01_AE,N,S,S,S,S,S,S,S,S,"K65KR, K70KE, V75I, Y115F",H,S,H,H,I,I,H,"K101KE, V179D, Y181C, G190S",H,H,H,H,H
2019/08/26,2019,VF-CQ-1077,1 ,62,3,4,5,4,5,,104000 ,2NRTIs+NNRTIs,6,CRF07_BC,N,S,S,S,S,S,S,S,S,N,S,S,S,S,S,S,S,N,S,S,S,S,S
2019/08/26,2019,VF-CQ-1082,1 ,43,1,2,3,2,3,28,4975140 ,2NRTIs+PIs,6,B+C,M46MI,P,S,P,P,P,I,P,S,M184MI,L,S,S,P,H,H,S,N,S,S,S,S,S
2019/09/02,2019,VF-CQ-1083,1 ,59,1,4,4,1,3,39,993000 ,2NRTIs+NNRTIs,48,B+C,Q58E,S,S,S,S,S,P,S,L,N,S,S,S,S,S,S,S,V179D,S,P,P,P,P
2019/09/02,2019,VF-CQ-1084,1 ,32,1,4,4,4,5,,,不详,12,CRF01_AE,N,S,S,S,S,S,S,S,S,K65R,I,S,H,H,I,I,H,"K101EQ, Y181C, G190S, H221Y",H,H,H,H,H
2019/09/02,2019,VF-CQ-1087,1 ,56,1,2,4,3,5,6,629000 ,2NRTIs+NNRTIs,12,B + CRF01_AE,N,S,S,S,S,S,S,S,S,N,S,S,S,S,S,S,S,V179VD,S,P,P,P,P
2019/09/02,2019,VF-CQ-1088,2 ,40,1,4,4,1,5,538,1000 ,2NRTIs+PIs,12,B+C,N,S,S,S,S,S,S,S,S,"K65R, D67N, L210LW, K219E",H,L,H,H,I,I,H,"V106M, V179D, Y188C",I,H,P,H,P
2019/09/02,2019,VF-CQ-1089,1 ,51,1,4,2,1,3,,,2NRTIs+NNRTIs,48,CRF07_BC,N,S,S,S,S,S,S,S,S,M184V,L,S,S,P,H,H,S,Y181C,P,I,I,H,I
2019/09/02,2019,VF-CQ-1090,1 ,63,1,4,4,1,5,23,149337 ,2NRTIs+NNRTIs,16,B+C,N,S,S,S,S,S,S,S,S,"K65R, M184V",H,S,I,H,H,H,I,"V106M, V179E, F227L",H,H,P,H,P
2019/09/02,2019,VF-CQ-1092,1 ,46,1,1,4,1,3,169,61600 ,不详,121,CRF01_AE,N,S,S,S,S,S,S,S,S,N,S,S,S,S,S,S,S,N,S,S,S,S,S
2019/09/09,2019,VF-CQ-1101,1 ,49,1,1,4,1,2,53,78400 ,不详,81,CRF07_BC,N,S,S,S,S,S,S,S,S,N,S,S,S,S,S,S,S,N,S,S,S,S,S
2019/09/09,2019,VF-CQ-1102,2 ,32,1,2,4,1,5,6,180000 ,不详,69,CRF01_AE,N,S,S,S,S,S,S,S,S,N,S,S,S,S,S,S,S,N,S,S,S,S,S
2019/09/09,2019,VF-CQ-1103,2 ,46,3,4,5,4,5,337,185000 ,2NRTIs+NNRTIs,59,CRF08_BC,N,S,S,S,S,S,S,S,S,N,S,S,S,S,S,S,S,N,S,S,S,S,S
2019/09/09,2019,VF-CQ-1106,2 ,39,3,4,5,4,5,,140000 ,不详,20,CRF01_AE,N,S,S,S,S,S,S,S,S,N,S,S,S,S,S,S,S,N,S,S,S,S,S
2019/09/16,2019,VF-CQ-1109,2 ,57,1,1,2,1,5,2,206000 ,2NRTIs+NNRTIs,12,CRF01_AE,N,S,S,S,S,S,S,S,S,N,S,S,S,S,S,S,S,N,S,S,S,S,S
2019/09/16,2019,VF-CQ-1110,1 ,43,2,1,3,1,3,5,39500 ,2NRTIs+NNRTIs,52,CRF01_AE,N,S,S,S,S,S,S,S,S,N,S,S,S,S,S,S,S,V106I,L,S,P,P,P
2019/09/16,2019,VF-CQ-1112,1 ,28,3,4,5,4,5,,7550 ,不详,60,B+C,N,S,S,S,S,S,S,S,S,N,S,S,S,S,S,S,S,"K103KN, P225PH",I,H,S,H,S
2019/09/16,2019,VF-CQ-1113,1 ,29,1,3,3,2,4,15,409000 ,2NRTIs+PIs,6,CRF55_01B,N,S,S,S,S,S,S,S,S,N,S,S,S,S,S,S,S,"A98AG, V179E",L,L,L,I,L
2019/09/16,2019,VF-CQ-1114,2 ,43,1,2,4,1,2,49,3890000 ,不详,120,CRF07_BC,N,S,S,S,S,S,S,S,S,N,S,S,S,S,S,S,S,V179VD,S,P,P,P,P
2019/09/16,2019,VF-CQ-1116,1 ,39,1,1,3,1,3,21,110000 ,2NRTIs+PIs,120,B+C,N,S,S,S,S,S,S,S,S,M184I,L,S,S,P,H,H,S,"K101E, Y181C, G190S",H,H,H,H,H
2019/09/16,2019,VF-CQ-1122,1 ,48,1,2,4,1,5,97,458000 ,2NRTIs+NNRTIs,18,B+C,N,S,S,S,S,S,S,S,S,N,S,S,S,S,S,S,S,N,S,S,S,S,S
2019/09/16,2019,VF-CQ-1125,1 ,43,1,4,3,3,3,81,1000000 ,2NRTIs+NNRTIs,24,B+C,N,S,S,S,S,S,S,S,S,"M41ML, K65R, K70T, M184V",H,S,H,H,H,H,H,"K101P, V106M, V179D, F227L",H,H,H,H,H
2019/09/16,2019,VF-CQ-1128,1 ,77,1,2,4,1,5,13,1010000 ,不详,24,CRF01_AE,N,S,S,S,S,S,S,S,S,N,S,S,S,S,S,S,S,N,S,S,S,S,S
2019/09/16,2019,VF-CQ-1129,1 ,40,1,2,3,3,4,100,2800 ,不详,36,B,N,S,S,S,S,S,S,S,S,N,S,S,S,S,S,S,S,N,S,S,S,S,S
2019/09/23,2019,VF-CQ-1131,1 ,56,1,4,4,1,3,18,523000 ,2NRTIs+NNRTIs,8,CRF01_AE,N,S,S,S,S,S,S,S,S,"K65R, Y115F",H,S,H,H,I,I,H,"K103N, V179E, Y181C, G190GA, H221Y",I,H,H,H,H
2019/09/23,2019,VF-CQ-1132,1 ,51,1,2,4,2,3,133,215740 ,2NRTIs+NNRTIs,14,CRF08_BC,N,S,S,S,S,S,S,S,S,N,S,S,S,S,S,S,S,N,S,S,S,S,S
2019/09/23,2019,VF-CQ-1133,1 ,20,3,4,5,4,5,498,32 ,2NRTIs+NNRTIs,48,B+C,N,S,S,S,S,S,S,S,S,N,S,S,S,S,S,S,S,N,S,S,S,S,S
2019/09/23,2019,VF-CQ-1135,1 ,53,1,2,4,1,3,4,312000 ,2NRTIs+NNRTIs,12,B+C,N,S,S,S,S,S,S,S,S,"D67N, K70E, M184V",I,S,I,I,H,H,L,"V106M, V179D, F227L",H,H,P,H,L
2019/09/23,2019,VF-CQ-1137,1 ,66,3,4,5,4,5,211,57100 ,2NRTIs+NNRTIs,24,B+C,N,S,S,S,S,S,S,S,S,N,S,S,S,S,S,S,S,N,S,S,S,S,S
2019/09/23,2019,VF-CQ-1138,2 ,43,3,4,5,4,5,,1290 ,不详,13,B+C,N,S,S,S,S,S,S,S,S,N,S,S,S,S,S,S,S,V179D,S,P,P,P,P
2019/09/23,2019,VF-CQ-1139,2 ,44,1,2,4,3,2,113,853000 ,2NRTIs+NNRTIs,48,CRF07_BC,N,S,S,S,S,S,S,S,S,N,S,S,S,S,S,S,S,N,S,S,S,S,S
2019/09/23,2019,VF-CQ-1146,1 ,35,1,2,4,2,4,2,10800 ,2NRTIs+NNRTIs,86,CRF01_AE,N,S,S,S,S,S,S,S,S,N,S,S,S,S,S,S,S,K103KN,S,H,S,H,S
2019/09/30,2019,VF-CQ-1158,1 ,21,1,4,4,2,3,100,1410000 ,2NRTIs+NNRTIs,12,CRF01_AE,N,S,S,S,S,S,S,S,S,"V75M, M184MI",L,S,L,L,H,H,S,"K101E, V179IT, Y181YC, G190S, P225H",H,H,H,H,H
2019/09/30,2019,VF-CQ-1160,1 ,20,1,4,3,2,3,3,355000 ,2NRTIs+NNRTIs,13,CRF01_AE,N,S,S,S,S,S,S,S,S,N,S,S,S,S,S,S,S,K103N,S,H,S,H,S
2019/10/07,2019,VF-CQ-1161,2 ,56,3,4,5,4,5,11,14900 ,2NRTIs+NNRTIs,24,CRF01_AE,N,S,S,S,S,S,S,S,S,L74V,I,S,S,H,S,S,S,"K103N, Y181YC, H221HY, K238T",I,H,I,H,H
2019/10/07,2019,VF-CQ-1172,1 ,49,1,4,3,1,5,79,575000 ,2NRTIs+NNRTIs,9,B+C,"M46I, L76V, I84V，L10F, Q58E",H,I,H,H,H,H,H,I,"D67N, K70E, M184V",I,S,I,I,H,H,L,"V106I, V179D, F227L",H,I,L,H,I
2019/10/07,2019,VF-CQ-1179,1 ,50,3,4,5,4,5,81,96800 ,不详,37,CRF01_AE,N,S,S,S,S,S,S,S,S,N,S,S,S,S,S,S,S,N,S,S,S,S,S
2019/10/07,2019,VF-CQ-1180,1 ,47,1,2,4,3,3,9,831782 ,2NRTIs+NNRTIs,6,CRF01_AE,N,S,S,S,S,S,S,S,S,"K65R, M184I",H,S,I,H,H,H,I,"L100I, M230L",H,H,H,H,H
2019/10/14,2019,VF-CQ-1192,1 ,29,1,3,3,2,3,94,644000 ,2NRTIs+NNRTIs,72,B+C,N,S,S,S,S,S,S,S,S,N,S,S,S,S,S,S,S,N,S,S,S,S,S
2019/10/14,2019,VF-CQ-1193,1 ,35,3,4,5,4,5,165,925 ,2NRTIs+NNRTIs,11,B + CRF01_AE,N,S,S,S,S,S,S,S,S,"K65R, Y115F, M184V",H,S,I,H,H,H,H,"L100I, K103N, V179EQ",I,H,I,H,H
2019/10/14,2019,VF-CQ-1200,1 ,56,1,2,4,2,5,48,361000 ,不详,48,B+C,N,S,S,S,S,S,S,S,S,N,S,S,S,S,S,S,S,E138A,S,S,P,S,L
2019/10/14,2019,VF-CQ-1205,1 ,37,3,4,5,4,5,804,1150 ,不详,23,B+C,N,S,S,S,S,S,S,S,S,N,S,S,S,S,S,S,S,N,S,S,S,S,S
2019/10/21,2019,VF-CQ-1213,1 ,76,1,1,4,3,5,90,77926 ,2NRTIs+NNRTIs,60,CRF01_AE,N,S,S,S,S,S,S,S,S,"V75M, M184V",L,S,L,L,H,H,S,"A98G, K103N, P225H",I,H,P,H,L
2019/10/21,2019,VF-CQ-1216,1 ,58,1,2,4,1,5,41,121000 ,2NRTIs+NNRTIs,13,B+C,N,S,S,S,S,S,S,S,S,N,S,S,S,S,S,S,S,N,S,S,S,S,S
2019/10/21,2019,VF-CQ-1220,1 ,54,1,2,3,1,4,31,983000 ,2NRTIs+INSTIs,6,B+C,N,S,S,S,S,S,S,S,S,N,S,S,S,S,S,S,S,V179D,S,P,P,P,P
2019/10/28,2019,VF-CQ-1237,1 ,45,3,4,5,4,5,,,不详,不详,B+C,N,S,S,S,S,S,S,S,S,"D67N, T69DN, K70R, M184V, K219Q",H,I,I,H,H,H,L,G190A,S,I,P,H,L
2019/10/28,2019,VF-CQ-1241,1 ,70,1,1,4,1,3,42,244000 ,2NRTIs+NNRTIs,9,C,Q58E,S,S,S,S,S,S,P,S,N,S,S,S,S,S,S,S,N,S,S,S,S,S
2019/11/04,2019,VF-CQ-1253,1 ,30,1,4,4,2,4,38,150000 ,2NRTIs+NNRTIs,14,CRF01_AE,N,S,S,S,S,S,S,S,S,"K65R, D67G, T69DN, K219E",I,S,H,H,I,I,H,G190Q,I,H,I,H,I
2019/11/04,2019,VF-CQ-1256,1 ,30,1,3,4,2,4,2,4230 ,2NRTIs+NNRTIs,6,CRF01_AE,N,S,S,S,S,S,S,S,S,"K65R, M184V",H,S,I,H,H,H,I,"K101P, K103N",P,H,H,H,H
2019/11/11,2019,VF-CQ-1262,2 ,64,1,2,4,3,5,31,1760000 ,2NRTIs+NNRTIs,32,CRF07_BC,N,S,S,S,S,S,S,S,S,N,S,S,S,S,S,S,S,N,S,S,S,S,S
2019/11/11,2019,VF-CQ-1263,1 ,30,1,4,2,4,5,158,40 ,2NRTIs+NNRTIs,64,B+C,N,S,S,S,S,S,S,S,S,N,S,S,S,S,S,S,S,N,S,S,S,S,S
2019/11/11,2019,VF-CQ-1264,1 ,35,1,4,4,3,3,19,212012 ,2NRTIs+NNRTIs,60,CRF01_AE,N,S,S,S,S,S,S,S,S,N,S,S,S,S,S,S,S,G190S,I,H,P,H,L
2019/11/11,2019,VF-CQ-1267,1 ,53,1,2,4,3,3,211,42000 ,2NRTIs+NNRTIs,36,B+C,Q58QE,S,S,S,S,S,P,S,L,N,S,S,S,S,S,S,S,N,S,S,S,S,S
2019/11/11,2019,VF-CQ-1276,1 ,28,1,4,4,4,5,376,18510 ,2NRTIs+NNRTIs,48,CRF01_AE,N,S,S,S,S,S,S,S,S,N,S,S,S,S,S,S,S,N,S,S,S,S,S
2019/11/11,2019,VF-CQ-1277,1 ,32,1,3,4,2,3,9,42300 ,2NRTIs+NNRTIs,36,CRF01_AE,N,S,S,S,S,S,S,S,S,"M41ML, D67N, K70R, L74LI, M184V, T215F, K219E",H,H,H,H,H,H,H,"K103N, V108I",L,H,S,H,S
2019/11/11,2019,VF-CQ-1278,1 ,25,1,4,3,2,4,71,124000 ,2NRTIs+NNRTIs,13,B+C,N,S,S,S,S,S,S,S,S,K65R,I,S,H,H,I,I,H,"V106M, Y188C, H221Y",H,H,P,H,L
2019/11/18,2019,VF-CQ-1279,1 ,63,1,4,4,1,5,223,1130 ,2NRTIs+PIs,29,B,N,S,S,S,S,S,S,S,S,N,S,S,S,S,S,S,S,N,S,S,S,S,S
2019/11/18,2019,VF-CQ-1281,2 ,44,1,4,4,1,2,200,6110 ,2NRTIs+NNRTIs,21,B+C,N,S,S,S,S,S,S,S,S,N,S,S,S,S,S,S,S,K103N,S,H,S,H,S
2019/11/18,2019,VF-CQ-1288,1 ,30,1,4,3,4,5,444,10500 ,2NRTIs+PIs,12,B + CRF01_AE,N,S,S,S,S,S,S,S,S,N,S,S,S,S,S,S,S,K103N,S,H,S,H,S
2019/11/18,2019,VF-CQ-1292,1 ,51,3,4,5,4,5,,,不详,19年11月病毒性失败,CRF08_BC,N,S,S,S,S,S,S,S,S,"K65R, M184V",H,S,I,H,H,H,I,"L100I, K103N",I,H,I,H,H
2019/11/18,2019,VF-CQ-1295,1 ,60,3,4,5,4,5,168,1870 ,2NRTIs+NNRTIs,12,B+C,N,S,S,S,S,S,S,S,S,"M41ML, K65R, K70T, M184V",H,S,H,H,H,H,H,"V106M, V179D",I,H,P,H,P
2019/11/18,2019,VF-CQ-1297,1 ,30,1,2,4,1,4,131,2860000 ,2NRTIs+PIs,22,CRF07_BC,N,S,S,S,S,S,S,S,S,N,S,S,S,S,S,S,S,N,S,S,S,S,S
2019/11/18,2019,VF-CQ-1298,1 ,72,1,4,4,1,5,6,1820000 ,2NRTIs+NNRTIs,72,CRF08_BC,N,S,S,S,S,S,S,S,S,"D67G, K70E, M184V",I,S,L,I,H,H,L,"E138A, G190E",H,H,I,H,H
2019/11/18,2019,VF-CQ-1301,2 ,57,1,2,3,1,5,152,707103 ,2NRTIs+NNRTIs,12,B,N,S,S,S,S,S,S,S,S,N,S,S,S,S,S,S,S,N,S,S,S,S,S
2019/11/25,2019,VF-CQ-1311,1 ,48,3,4,5,4,5,,,不详,12,B+C,N,S,S,S,S,S,S,S,S,N,S,S,S,S,S,S,S,"K103KN, V179E",S,H,P,H,P
2019/11/25,2019,VF-CQ-1316,1 ,47,1,1,4,3,5,19,212000 ,2NRTIs+NNRTIs,9,CRF01_AE,N,S,S,S,S,S,S,S,S,"K65R, M184V, K219E",H,S,H,H,H,H,I,"L100I, K103N",I,H,I,H,H
2019/11/25,2019,VF-CQ-1317,1 ,28,1,3,4,2,4,0,100000 ,2NRTIs+NNRTIs,60,CRF01_AE,N,S,S,S,S,S,S,S,S,"A62V, D67N, V75I, Y115F, M184V, K219E",H,L,L,I,H,H,L,"K103N, V106M, V179T, F227L",H,H,S,H,S
2019/12/02,2019,VF-CQ-1321,2 ,38,1,1,4,1,5,15,40100 ,2NRTIs+NNRTIs,84,CRF01_AE,N,S,S,S,S,S,S,S,S,N,S,S,S,S,S,S,S,"E138EG, G190A",S,I,L,H,I
2019/12/02,2019,VF-CQ-1324,1 ,44,1,1,4,1,3,49,139000 ,2NRTIs+PIs,59,CRF08_BC,L10LF,S,S,L,P,S,L,S,S,N,S,S,S,S,S,S,S,V179D,S,P,P,P,P
2019/12/02,2019,VF-CQ-1329,1 ,70,1,1,5,1,5,133,1021705 ,2NRTIs+NNRTIs,7,B+C,N,S,S,S,S,S,S,S,S,N,S,S,S,S,S,S,S,K103N,S,H,S,H,S
2019/12/09,2019,VF-CQ-1339,2 ,47,1,1,2,3,5,93,1370000 ,2NRTIs+NNRTIs,84,B+C,N,S,S,S,S,S,S,S,S,"K65R, Y115F, M184V, K219E",H,S,H,H,H,H,H,"Y181C, H221Y",I,I,I,H,H
2019/12/09,2019,VF-CQ-1340,1 ,44,1,4,2,1,3,214,421000 ,2NRTIs+NNRTIs,48,B+C,N,S,S,S,S,S,S,S,S,"K65R, Y115F, M184V",H,S,H,H,H,H,H,"L100I, K103N",I,H,I,H,H
2019/12/09,2019,VF-CQ-1342,2 ,23,1,4,3,3,5,109,175000 ,2NRTIs+NNRTIs,22,B+C,N,S,S,S,S,S,S,S,S,"Y115F, M184V",H,S,S,I,H,H,S,"K103N, Y188L",H,H,P,H,H
2019/12/09,2019,VF-CQ-1347,1 ,85,1,1,4,3,3,258,5400 ,2NRTIs+NNRTIs,24,B+C,N,S,S,S,S,S,S,S,S,M184V,L,S,S,P,H,H,S,Y188L,H,H,P,H,H
2019/12/16,2019,VF-CQ-1356,1 ,33,1,3,4,1,3,27,273983 ,2NRTIs+NNRTIs,48,A,"M46I, I54V, L76V, I84V",H,I,H,H,H,H,H,I,"A62V, K70T, V75I, Y115F, F116Y, Q151M",H,H,H,H,I,I,H,N,S,S,S,S,S
2019/12/16,2019,VF-CQ-1361,1 ,26,1,4,4,2,3,100,4220 ,2NRTIs+NNRTIs,95,CRF07_BC,N,S,S,S,S,S,S,S,S,N,S,S,S,S,S,S,S,V179D,S,P,P,P,P
2019/12/16,2019,VF-CQ-1365,2 ,62,3,4,4,1,5,203,158000 ,不详,36,B+C,N,S,S,S,S,S,S,S,S,N,S,S,S,S,S,S,S,K103N,S,H,S,H,S
2019/12/16,2019,VF-CQ-1366,2 ,63,1,1,4,3,5,10,884397 ,2NRTIs+NNRTIs,36,B+C,N,S,S,S,S,S,S,S,S,N,S,S,S,S,S,S,S,"V179E, Y181C",P,I,I,H,I
2019/12/23,2019,VF-CQ-1368,1 ,25,1,4,4,2,3,172,830000 ,2NRTIs+NNRTIs,12,B+C,N,S,S,S,S,S,S,S,S,N,S,S,S,S,S,S,S,"K103N, G190A",S,H,P,H,L
2019/12/23,2019,VF-CQ-1373,1 ,74,1,1,2,3,3,3,2840 ,2NRTIs+NNRTIs,36,CRF01_AE,N,S,S,S,S,S,S,S,S,N,S,S,S,S,S,S,S,"V179D, Y181YC",P,H,I,H,H
2019/12/23,2019,VF-CQ-1378,1 ,61,3,4,5,4,5,,7830 ,2NRTIs+NNRTIs,21,B+C,N,S,S,S,S,S,S,S,S,M184V,L,S,S,P,H,H,S,"K103N, Y181C",L,H,I,H,I
2019/12/23,2019,VF-CQ-1379,1 ,43,1,4,4,1,5,244,13400000 ,2NRTIs+NNRTIs,7,B+C,N,S,S,S,S,S,S,S,S,N,S,S,S,S,S,S,S,N,S,S,S,S,S
2019/12/23,2019,VF-CQ-1380,1 ,47,1,1,3,1,3,27,245000 ,2NRTIs+NNRTIs,24,CRF01_AE,N,S,S,S,S,S,S,S,S,"K65R, V75M, M184V",H,S,H,H,H,H,I,"K103N, V106M",I,H,S,H,S
2019/12/30,2019,VF-CQ-1387,1 ,48,2,3,3,3,3,324,2150 ,2NRTIs+NNRTIs,144,CRF01_AE,N,S,S,S,S,S,S,S,S,N,S,S,S,S,S,S,S,N,S,S,S,S,S
2019/12/30,2019,VF-CQ-1388,1 ,28,1,3,4,2,4,210,29000 ,2NRTIs+NNRTIs,51,B+C,N,S,S,S,S,S,S,S,S,"A62V, M184V",L,S,S,L,H,H,S,"K103N, P225PH",I,H,S,H,S
2019/12/30,2019,VF-CQ-1395,1 ,67,1,2,4,3,5,65,2420 ,2NRTIs+PIs,14,CRF07_BC,N,S,S,S,S,S,S,S,S,M184V,L,S,S,P,H,H,S,"K103N, P225H",I,H,S,H,S
2019/12/30,2019,VF-CQ-1397,1 ,30,1,3,4,1,5,13,327000 ,2NRTIs+PIs,28,B+C,Q58QE,S,S,S,S,S,P,S,L,N,S,S,S,S,S,S,S,"V108I, E138EG",L,L,P,L,L
2020/01/06,2020,VF-CQ-1398,1 ,67,1,1,4,3,5,59,1510000 ,2NRTIs+NNRTIs,31,CRF07_BC,N,S,S,S,S,S,S,S,S,N,S,S,S,S,S,S,S,N,S,S,S,S,S
2020/01/06,2020,VF-CQ-1405,1 ,42,1,2,5,1,3,9,35500 ,2NRTIs+NNRTIs,36,CRF01_AE,N,S,S,S,S,S,S,S,S,"D67N, K70E, L74I, Y115F, M184V",I,S,I,H,H,H,I,"V106M, V179D, F227FL",H,H,P,H,L
2020/01/06,2020,VF-CQ-1406,2 ,63,1,4,3,1,3,87,18400 ,2NRTIs+NNRTIs,85,C,N,S,S,S,S,S,S,S,S,"M184V, T215Y",L,I,I,L,H,H,S,"A98G, Y181C",I,I,I,H,H
2020/01/13,2020,VF-CQ-1414,1 ,30,1,2,4,2,4,33,122000 ,2NRTIs+NNRTIs,16,A,N,S,S,S,S,S,S,S,S,"A62V, K65R, M184V",H,S,I,H,H,H,I,"V106M, V179D, F227L",H,H,I,H,L
2020/01/13,2020,VF-CQ-1417,1 ,29,1,2,4,3,3,51,27412 ,不详,48,CRF01_AE,N,S,S,S,S,S,S,S,S,"K65R, M184I",H,S,I,H,H,H,I,"L100LI, V179D, G190A, M230L",H,H,H,H,H
2020/01/13,2020,VF-CQ-1420,1 ,68,1,1,2,2,3,31,651000 ,2NRTIs+NNRTIs,23,B+C,N,S,S,S,S,S,S,S,S,"K65R, M184V",H,S,I,H,H,H,I,"K103KN, V108I, Y181C, G190GA",H,H,I,H,H
2020/01/13,2020,VF-CQ-1421,1 ,29,3,4,5,4,5,,,不详,20年1月失败,C,N,S,S,S,S,S,S,S,S,M184V,L,S,S,P,H,H,S,"K103N, V108VI",L,H,S,H,S
2020/01/13,2020,VF-CQ-1427,1 ,51,3,4,5,4,5,,,不详,6,CRF07_BC,N,S,S,S,S,S,S,S,S,M184V,L,S,S,P,H,H,S,"K101E, V179VD, Y188L",H,H,I,H,H
2020/01/13,2020,VF-CQ-1431,1 ,45,1,1,3,3,4,43,601000 ,2NRTIs+NNRTIs,42,CRF07_BC,N,S,S,S,S,S,S,S,S,N,S,S,S,S,S,S,S,N,S,S,S,S,S
2020/01/13,2020,VF-CQ-1434,1 ,38,3,4,5,4,5,15,1010 ,不详,12,B+C,N,S,S,S,S,S,S,S,S,"D67G, K70E, M184V",I,S,L,I,H,H,L,"K101E, K103N, G190A",L,H,I,H,H
2020/01/13,2020,VF-CQ-1435,1 ,65,1,2,4,2,5,34,354000 ,2NRTIs+NNRTIs,51,B+C,N,S,S,S,S,S,S,S,S,K219R,S,P,P,S,S,S,S,"K103N, P225H",I,H,S,H,S
2020/01/20,2020,VF-CQ-1439,1 ,29,1,3,3,2,4,70,507000 ,2NRTIs+NNRTIs,120,B+C,N,S,S,S,S,S,S,S,S,N,S,S,S,S,S,S,S,N,S,S,S,S,S
2020/01/20,2020,VF-CQ-1440,1 ,33,1,4,4,2,4,29,211220 ,2NRTIs+NNRTIs,10,CRF55_01B,N,S,S,S,S,S,S,S,S,K65R,I,S,H,H,I,I,H,"K103N, V106I, V179E, Y181C",I,H,I,H,H
2020/01/20,2020,VF-CQ-1442,1 ,27,1,4,4,2,4,15,93827 ,2NRTIs+NNRTIs,10,CRF01_AE,N,S,S,S,S,S,S,S,S,"A62V,K65R,M184I",H,S,I,H,H,H,I,"K101E,V179L,Y188W",L,L,L,I,H
2020/01/20,2020,VF-CQ-1443,1 ,45,1,4,4,1,5,277,121652 ,2NRTIs+NNRTIs,30,CRF07_BC,N,S,S,S,S,S,S,S,S,N,S,S,S,S,S,S,S,N,S,S,S,S,S
2020/01/20,2020,VF-CQ-1444,1 ,62,1,1,4,1,3,52,183120 ,不详,96,CRF07_BC,N,S,S,S,S,S,S,S,S,N,S,S,S,S,S,S,S,N,S,S,S,S,S
2020/01/20,2020,VF-CQ-1447,1 ,38,1,4,3,2,5,321,92100 ,2NRTIs+NNRTIs,24,CRF07_BC,N,S,S,S,S,S,S,S,S,"D67DG, K70KE",L,S,L,L,P,P,L,G190GE,H,H,I,H,H
2020/02/17,2020,VF-CQ-1466,1 ,12,3,4,5,4,5,370,20000 ,2NRTIs+NNRTIs,60,B+C,N,S,S,S,S,S,S,S,S,N,S,S,S,S,S,S,S,"K103N, P225PH",I,H,S,H,S
2020/02/24,2020,VF-CQ-1467,1 ,25,1,4,3,2,4,264,230000 ,2NRTIs+NNRTIs,48,CRF01_AE,N,S,S,S,S,S,S,S,S,N,S,S,S,S,S,S,S,N,S,S,S,S,S
2020/03/02,2020,VF-CQ-1474,2 ,68,3,4,5,4,5,265,245000 ,2NRTIs+NNRTIs,12,B+C,N,S,S,S,S,S,S,S,S,"K65R, K70T, Y115YF, M184V",H,S,H,H,H,H,H,"V106M, V179E, F227FL",H,H,P,H,P
2020/03/02,2020,VF-CQ-1477,2 ,18,1,2,4,2,5,31,845000 ,2NRTIs+NNRTIs,27,CRF01_AE,N,S,S,S,S,S,S,S,S,"D67N, K70E, M184MV",I,S,I,I,H,H,L,"V106M, V179D",I,H,P,I,L
2020/03/02,2020,VF-CQ-1480,1 ,30,3,4,5,4,5,51,28800 ,2NRTIs+NNRTIs,36,CRF07_BC,N,S,S,S,S,S,S,S,S,"K65R,Y115F,M184V",H,S,I,H,H,H,H,"V106M,V179E,F227FL",H,H,P,H,P
2020/03/02,2020,VF-CQ-1481,1 ,35,1,3,3,1,3,119,1490000 ,2NRTIs+NNRTIs,31,CRF07_BC,N,S,S,S,S,S,S,S,S,"K65R,M184V,K219KE",H,S,H,H,H,H,I,"K101E,K103N,Y181C,G190A",H,H,H,H,H
2020/03/02,2020,VF-CQ-1482,2 ,65,1,2,2,3,5,36,2200000 ,2NRTIs+NNRTIs,125,CRF07_BC,N,S,S,S,S,S,S,S,S,N,S,S,S,S,S,S,S,N,S,S,S,S,S
2020/03/09,2020,VF-CQ-1499,2 ,29,1,4,4,1,5,5,17500 ,2NRTIs+PIs,60,CRF01_AE,N,S,S,S,S,S,S,S,S,N,S,S,S,S,S,S,S,N,S,S,S,S,S
2020/03/09,2020,VF-CQ-1504,1 ,34,1,4,4,4,5,224,124000 ,2NRTIs+NNRTIs,20,B+C,N,S,S,S,S,S,S,S,S,N,S,S,S,S,S,S,S,N,S,S,S,S,S
2020/03/16,2020,VF-CQ-1506,1 ,48,1,2,4,4,5,498,6500 ,2NRTIs+NNRTIs,36,B+C,N,S,S,S,S,S,S,S,S,"A62V, K65R, M184V",H,S,I,H,H,H,I,"K101E, Y181C, G190A",I,H,H,H,H
2020/03/16,2020,VF-CQ-1509,2 ,53,1,1,2,1,3,7,61200 ,2NRTIs+NNRTIs,13,B+C,N,S,S,S,S,S,S,S,S,"L74V, M184V",H,S,S,H,H,H,S,"E138A, G190Q",I,H,I,H,H
2020/03/16,2020,VF-CQ-1511,2 ,54,3,4,5,4,5,140,5750 ,2NRTIs+NNRTIs,80,CRF01_AE,N,S,S,S,S,S,S,S,S,"K65R, M184V, K219KN",H,S,H,H,H,H,I,"K103N, Y181C, H221HY",I,H,I,H,H
2020/03/16,2020,VF-CQ-1516,1 ,45,1,4,2,1,5,154,9300 ,2NRTIs+NNRTIs,24,B+C,N,S,S,S,S,S,S,S,S,N,S,S,S,S,S,S,S,V179D,S,P,P,P,P
2020/03/16,2020,VF-CQ-1517,2 ,33,1,2,4,1,2,126,3690 ,2NRTIs+NNRTIs,144,CRF01_AE,N,S,S,S,S,S,S,S,S,N,S,S,S,S,S,S,S,N,S,S,S,S,S
2020/03/16,2020,VF-CQ-1520,1 ,33,1,2,2,1,5,59,1810000 ,2NRTIs+NNRTIs,11,B+C,N,S,S,S,S,S,S,S,S,"K65R, M184V",H,S,I,H,H,H,I,"V106M, Y188L",H,H,I,H,H
2020/03/16,2020,VF-CQ-1521,1 ,24,3,4,5,4,5,200,10900 ,2NRTIs+NNRTIs,95,CRF01_AE,N,S,S,S,S,S,S,S,S,"D67N, K70E, M184V",I,S,I,I,H,H,L,"K103S, V106M",I,H,S,H,S
2020/03/23,2020,VF-CQ-1524,1 ,40,1,4,2,4,5,523,1040 ,2NRTIs+NNRTIs,75,CRF01_AE,N,S,S,S,S,S,S,S,S,N,S,S,S,S,S,S,S,N,S,S,S,S,S
2020/03/23,2020,VF-CQ-1534,1 ,49,1,1,4,1,3,14,216000 ,2NRTIs+NNRTIs,38,CRF01_AE,N,S,S,S,S,S,S,S,S,N,S,S,S,S,S,S,S,N,S,S,S,S,S
2020/03/30,2020,VF-CQ-1554,1 ,41,1,2,4,2,5,61,796000 ,2NRTIs+NNRTIs,12,CRF08_BC,N,S,S,S,S,S,S,S,S,N,S,S,S,S,S,S,S,N,S,S,S,S,S
2020/03/30,2020,VF-CQ-1555,1 ,25,2,2,4,2,3,10,6244 ,2NRTIs+NNRTIs,108,CRF01_AE,N,S,S,S,S,S,S,S,S,N,S,S,S,S,S,S,S,V106I,P,S,P,P,P
2020/03/30,2020,VF-CQ-1558,1 ,48,1,4,4,4,5,31,453000 ,2NRTIs+NNRTIs,33,CRF07_BC,N,S,S,S,S,S,S,S,S,N,S,S,S,S,S,S,S,N,S,S,S,S,S
2020/04/06,2020,VF-CQ-1560,1 ,49,1,2,4,4,5,20,1370000 ,2NRTIs+NNRTIs,58,CRF07_BC,N,S,S,S,S,S,S,S,S,"M41ML, M184V",L,S,S,L,H,H,S,N,S,S,S,S,S
2020/04/06,2020,VF-CQ-1570,1 ,31,1,3,4,2,4,214,25800 ,2NRTIs+NNRTIs,109,CRF07_BC,N,S,S,S,S,S,S,S,S,N,S,S,S,S,S,S,S,N,S,S,S,S,S
2020/04/06,2020,VF-CQ-1571,1 ,44,1,4,4,4,5,188,306000 ,2NRTIs+NNRTIs,10,CRF08_BC,N,S,S,S,S,S,S,S,S,"K65R, M184I",H,S,I,H,H,H,I,"K101E, Y181C, G190S",H,H,H,H,H
2020/04/06,2020,VF-CQ-1573,1 ,24,1,3,5,2,4,33,3130000 ,2NRTIs+NNRTIs,48,CRF07_BC,N,S,S,S,S,S,S,S,S,N,S,S,S,S,S,S,S,K103N,S,H,S,H,S
2020/04/13,2020,VF-CQ-1580,2 ,70,1,4,4,1,3,13,3420 ,不详,27,CRF07_BC,"V82A, L10F",L,S,I,I,I,I,L,S,"D67N, M184I",L,S,S,L,H,H,S,N,S,S,S,S,S
2020/04/13,2020,VF-CQ-1586,1 ,62,1,2,4,3,5,395,67400 ,2NRTIs+NNRTIs,19,CRF07_BC,N,S,S,S,S,S,S,S,S,N,S,S,S,S,S,S,S,N,S,S,S,S,S
2020/04/13,2020,VF-CQ-1589,2 ,53,1,1,2,1,3,7,61200 ,2NRTIs+NNRTIs,12,CRF08_BC,N,S,S,S,S,S,S,S,S,"K70KQ, L74V, M184V",H,S,L,H,H,H,L,"E138A, G190Q",I,H,I,H,H
2020/04/20,2020,VF-CQ-1592,1 ,51,3,4,5,4,5,,,不详,168,CRF07_BC,N,S,S,S,S,S,S,S,S,"D67N, K70R, M184V, K219E",H,I,I,I,H,H,L,"V108I, Y181C, H221Y",H,I,I,H,H
2020/04/20,2020,VF-CQ-1596,1 ,50,1,4,2,1,5,8,121000 ,2NRTIs+NNRTIs,24,CRF01_AE,N,S,S,S,S,S,S,S,S,"D67N, K70E, M184V",I,S,I,I,H,H,L,"V106M, Y188F, G190A, H221Y",H,H,L,H,H
2020/04/20,2020,VF-CQ-1605,1 ,28,1,2,3,1,4,15,643000 ,2NRTIs+NNRTIs,48,CRF01_AE,N,S,S,S,S,S,S,S,S,L74V,I,S,S,H,S,S,S,"K103N, V106M",I,H,S,H,S
2020/04/20,2020,VF-CQ-1611,1 ,35,1,3,5,3,5,229,1260000 ,2NRTIs+NNRTIs,60,CRF07_BC,N,S,S,S,S,S,S,S,S,N,S,S,S,S,S,S,S,K101E,L,L,L,I,I
2020/04/27,2020,VF-CQ-1620,1 ,38,1,3,3,1,3,120,804150 ,2NRTIs+NNRTIs,12,CRF07_BC,N,S,S,S,S,S,S,S,S,"D67N, K70E, M184V",I,S,I,I,H,H,L,"K101P, K103N, P225H",I,H,H,H,H
2020/04/27,2020,VF-CQ-1624,1 ,31,1,3,2,2,5,45,1400000 ,2NRTIs+NNRTIs,7,CRF07_BC,N,S,S,S,S,S,S,S,S,N,S,S,S,S,S,S,S,V179D,S,P,P,P,P
2020/04/27,2020,VF-CQ-1627,1 ,54,1,1,2,3,5,242,3370000 ,2NRTIs+NNRTIs,48,CRF07_BC,N,S,S,S,S,S,S,S,S,N,S,S,S,S,S,S,S,N,S,S,S,S,S
2020/04/27,2020,VF-CQ-1628,1 ,48,1,1,4,2,4,63,124000 ,2NRTIs+NNRTIs,6,CRF01_AE,N,S,S,S,S,S,S,S,S,N,S,S,S,S,S,S,S,N,S,S,S,S,S
2020/04/27,2020,VF-CQ-1631,2 ,60,1,1,4,1,5,33,12800 ,2NRTIs+NNRTIs,81,CRF07_BC,N,S,S,S,S,S,S,S,S,"K65R, Y115F, M184V, K219E",H,S,H,H,H,H,H,"V106M, Y181C",H,H,I,H,I
2020/04/27,2020,VF-CQ-1636,1 ,63,3,4,5,4,5,,,不详,24,CRF07_BC,N,S,S,S,S,S,S,S,S,N,S,S,S,S,S,S,S,N,S,S,S,S,S
2020/04/27,2020,VF-CQ-1637,1 ,43,3,4,5,4,5,,,不详,48,B,N,S,S,S,S,S,S,S,S,N,S,S,S,S,S,S,S,N,S,S,S,S,S
2020/04/27,2020,VF-CQ-1644,1 ,54,1,4,4,2,3,6,165000 ,2NRTIs+NNRTIs,36,CRF01_AE,N,S,S,S,S,S,S,S,S,"L74I, M184V",H,S,S,H,H,H,S,"V106M, V179D, F227FL",H,H,P,H,P
4/27/2020,2020,VF-CQ-1647,1 ,37,1,2,4,2,5,168,142000 ,INSTIs+CYP3A+TAF+NRTIs,14,CRF07_BC,N,S,S,S,S,S,S,S,S,N,S,S,S,S,S,S,S,V179D,S,P,P,P,P
2020/04/27,2020,VF-CQ-1650,1 ,50,1,1,4,1,5,29,501474 ,2NRTIs+NNRTIs,10,C,N,S,S,S,S,S,S,S,S,"D67N, K70E, M184V",I,S,I,I,H,H,L,"V106M, V179D",I,H,P,H,L
2020/05/04,2020,VF-CQ-1660,2 ,34,1,4,4,1,3,20,105000 ,2NRTIs+NNRTIs,119,CRF08_BC,N,S,S,S,S,S,S,S,S,"K65R, L74I, Y115F, M184V",H,S,I,H,H,H,H,"L100I, K103N",I,H,I,H,H
2020/05/04,2020,VF-CQ-1663,1 ,49,1,4,4,1,4,200,3000 ,2NRTIs+NNRTIs,60,CRF07_BC,N,S,S,S,S,S,S,S,S,M184V,L,S,S,I,H,H,S,"K103N, P225H",I,H,S,H,S
2020/05/04,2020,VF-CQ-1664,1 ,49,1,2,4,1,5,53,141000 ,2NRTIs+NNRTIs,150,CRF07_BC,N,S,S,S,S,S,S,S,S,N,S,S,S,S,S,S,S,V179D,S,I,P,I,L
2020/05/04,2020,VF-CQ-1667,1 ,43,3,4,5,4,5,59,184000 ,不详,12,CRF07_BC,N,S,S,S,S,S,S,S,S,"K65R, M184V",H,S,I,H,H,H,I,"K101KDEN, Y181C, G190S",H,H,H,H,H
2020/05/04,2020,VF-CQ-1670,2 ,43,1,2,4,3,5,58,6280000 ,2NRTIs+NNRTIs,85,CRF07_BC,N,S,S,S,S,S,S,S,S,"K65R, M184V",H,S,I,H,H,H,I,"V179D, Y181C, Y188L",H,H,I,H,H
2020/05/04,2020,VF-CQ-1674,1 ,52,2,4,2,4,5,43,52200 ,2NRTIs+NNRTIs,12,CRF01_AE,N,S,S,S,S,S,S,S,S,"D67N, K70E, Y115F, M184V",H,S,I,I,H,H,I,"V106M, V179D",I,H,P,H,L
2020/05/04,2020,VF-CQ-1676,1 ,55,1,1,3,3,5,18,667000 ,2NRTIs+NNRTIs,10,CRF01_AE,N,S,S,S,S,S,S,S,S,N,S,S,S,S,S,S,S,V179T,S,S,S,S,S
2020/05/11,2020,VF-CQ-1684,1 ,33,1,3,4,3,3,67,9670000 ,2NRTIs+NNRTIs,6,CRF07_BC,N,S,S,S,S,S,S,S,S,"L74I, Y115F, M184V",H,S,S,H,H,H,P,"V106M, V179D",I,H,P,H,P
2020/05/11,2020,VF-CQ-1686,2 ,65,1,1,4,1,5,62,202000 ,2NRTIs+NNRTIs,84,CRF07_BC,N,S,S,S,S,S,S,S,S,N,S,S,S,S,S,S,S,N,S,S,S,S,S
2020/05/11,2020,VF-CQ-1694,1 ,25,1,4,3,2,5,300,867000 ,2NRTIs+NNRTIs,36,CRF01_AE,N,S,S,S,S,S,S,S,S,N,S,S,S,S,S,S,S,N,S,S,S,S,S
2020/05/11,2020,VF-CQ-1695,1 ,62,3,4,5,4,5,,58000 ,2NRTIs+NNRTIs,17,低于检测下限,低于检测下限,低于检测下限,低于检测下限,低于检测下限,低于检测下限,低于检测下限,低于检测下限,低于检测下限,低于检测下限,低于检测下限,低于检测下限,低于检测下限,低于检测下限,低于检测下限,低于检测下限,低于检测下限,低于检测下限,低于检测下限,低于检测下限,低于检测下限,低于检测下限,低于检测下限,低于检测下限
2020/05/18,2020,VF-CQ-1703,1 ,28,1,4,4,2,4,28,29773 ,2NRTIs+NNRTIs,24,A,N,S,S,S,S,S,S,S,S,"A62V, K65R, M184V",H,S,I,H,H,H,I,"K101E, V106M, G190A",H,H,I,H,H
2020/05/18,2020,VF-CQ-1704,1 ,33,1,2,3,1,3,343,7720 ,2NRTIs+NNRTIs,15,CRF01_AE,N,S,S,S,S,S,S,S,S,N,S,S,S,S,S,S,S,"K103N, V108I",L,H,S,H,S
2020/05/18,2020,VF-CQ-1707,1 ,76,1,1,5,1,3,232,61300 ,2NRTIs+NNRTIs,24,CRF01_AE,N,S,S,S,S,S,S,S,S,N,S,S,S,S,S,S,S,N,S,S,S,S,S
2020/05/18,2020,VF-CQ-1708,1 ,55,1,2,3,1,4,31,983000 ,INSTIs+2NRTIs,6,CRF07_BC,N,S,S,S,S,S,S,S,S,M184I,L,S,S,P,H,H,S,V179D,S,P,P,P,P
2020/05/18,2020,VF-CQ-1715,1 ,35,1,2,4,1,3,35,734000 ,2NRTIs+NNRTIs,35,CRF07_BC,K43T,S,S,S,S,S,P,S,P,"K65KR, D67DN, K70KT, M184V",H,S,H,H,H,H,H,"V106M, Y188L",H,H,P,H,H
2020/05/18,2020,VF-CQ-1718,1 ,33,1,3,4,1,3,27,273983 ,2NRTIs+NNRTIs,48,A,"M46I, I54V, L76V, I84V",H,I,H,H,H,H,H,I,"A62V, K70T, V75I, Y115F, F116Y, Q151M",H,H,H,H,I,I,H,N,S,S,S,S,S
5/25/2020,2020,VF-CQ-1720,1 ,48,1,2,3,3,4,15,274000 ,2NRTIs+INSTIs,6,CRF07_BC,N,S,S,S,S,S,S,S,S,N,S,S,S,S,S,S,S,N,S,S,S,S,S
2020/05/25,2020,VF-CQ-1720,1 ,48,1,2,3,3,4,15,274000 ,2NRTIs+NNRTIs,7,CRF07_BC,N,S,S,S,S,S,S,S,S,"K70E, Y115F, M184V",H,S,L,L,H,H,I,"V106M, V179D, G190A",I,H,L,H,L
2020/05/25,2020,VF-CQ-1721,1 ,55,3,4,5,4,5,,8600 ,2NRTIs+NNRTIs,48,低于检测下限,低于检测下限,低于检测下限,低于检测下限,低于检测下限,低于检测下限,低于检测下限,低于检测下限,低于检测下限,低于检测下限,低于检测下限,低于检测下限,低于检测下限,低于检测下限,低于检测下限,低于检测下限,低于检测下限,低于检测下限,低于检测下限,低于检测下限,低于检测下限,低于检测下限,低于检测下限,低于检测下限
2020/05/25,2020,VF-CQ-1725,1 ,39,3,4,5,4,5,143,17236 ,2NRTIs+NNRTIs,10,C,N,S,S,S,S,S,S,S,S,"A62V, K65R, V75M, M184V, K219E",H,S,H,H,H,H,H,"V106M, G190S",H,H,P,H,L
2020/05/25,2020,VF-CQ-1732,1 ,68,1,4,2,1,3,131,127000 ,2NRTIs+NNRTIs,20,B+C,N,S,S,S,S,S,S,S,S,N,S,S,S,S,S,S,S,N,S,S,S,S,S
2020/05/25,2020,VF-CQ-1735,1 ,57,1,4,4,2,3,234,74000 ,2NRTIs+NNRTIs,104,CRF08_BC,N,S,S,S,S,S,S,S,S,N,S,S,S,S,S,S,S,N,S,S,S,S,S
2020/05/25,2020,VF-CQ-1738,1 ,46,3,4,5,4,5,,,不详,60,A,"M46I, I84V",H,L,H,H,I,H,H,I,"M41L, E44A, D67N, L74I, M184V, L210W, T215Y",H,H,H,H,H,H,H,"A98G, K101E, V108I, G190A",I,H,I,H,H
2020/05/25,2020,VF-CQ-1740,1 ,30,3,4,5,4,5,,29000 ,2NRTIs+NNRTIs,12,CRF01_AE,N,S,S,S,S,S,S,S,S,"K65R, M184V",H,S,I,H,H,H,I,"K101E, Y181C, G190A",I,H,H,H,H
2020/06/01,2020,VF-CQ-1742,1 ,70,1,1,5,1,5,64,6580000 ,2NRTIs+NNRTIs,36,CRF07_BC,N,S,S,S,S,S,S,S,S,N,S,S,S,S,S,S,S,N,S,S,S,S,S
2020/06/01,2020,VF-CQ-1747,1 ,39,1,4,4,3,3,107,11300 ,2NRTIs+NNRTIs,12,CRF07_BC,N,S,S,S,S,S,S,S,S,N,S,S,S,S,S,S,S,N,S,S,S,S,S
2020/06/01,2020,VF-CQ-1748,1 ,30,1,2,2,2,4,13,978000 ,2NRTIs+PIs,96,CRF01_AE,N,S,S,S,S,S,S,S,S,N,S,S,S,S,S,S,S,N,S,S,S,S,S
2020/06/01,2020,VF-CQ-1751,1 ,21,3,4,5,4,5,12,83500 ,2NRTIs+PIs,12,CRF01_AE,N,S,S,S,S,S,S,S,S,N,S,S,S,S,S,S,S,N,S,S,S,S,S
2020/06/01,2020,VF-CQ-1754,2 ,58,1,1,4,3,5,70,132741 ,2NRTIs+NNRTIs,12,CRF07_BC,N,S,S,S,S,S,S,S,S,N,S,S,S,S,S,S,S,N,S,S,S,S,S
2020/06/01,2020,VF-CQ-1755,2 ,32,1,4,4,4,5,107,3080 ,2NRTIs+NNRTIs,44,CRF08_BC,N,S,S,S,S,S,S,S,S,"M41L, D67G, T69D, K70R, M184V, T215TI, K219E",H,H,H,H,H,H,I,"K103N, V108I",L,H,S,H,S
2020/06/01,2020,VF-CQ-1761,1 ,30,1,2,4,1,3,31,1280000 ,2NRTIs+NNRTIs,14,CRF08_BC,N,S,S,S,S,S,S,S,S,N,S,S,S,S,S,S,S,E138A,S,S,P,S,L
2020/06/01,2020,VF-CQ-1767,1 ,44,1,3,3,1,3,91,1370 ,2NRTIs+NNRTIs,6,CRF07_BC,N,S,S,S,S,S,S,S,S,N,S,S,S,S,S,S,S,N,S,S,S,S,S
2020/06/01,2020,VF-CQ-1769,1 ,31,1,1,4,1,3,19,5230558 ,不详,60,CRF01_AE,N,S,S,S,S,S,S,S,S,N,S,S,S,S,S,S,S,V179D,S,I,P,I,L
2020/06/08,2020,VF-CQ-1775,2 ,34,1,2,4,2,5,141,126000 ,2NRTIs+NNRTIs,135,CRF01_AE,N,S,S,S,S,S,S,S,S,"D67N, K70R, L74I, M184V, K219Q",H,I,I,H,H,H,L,"K101E, Y181C, G190A, P225H",H,H,H,H,H
2020/06/08,2020,VF-CQ-1780,1 ,13,3,4,5,4,5,,86600 ,不详,48,A,N,S,S,S,S,S,S,S,S,"M41L, E44D, D67N, T69D, L74V, M184V, L210W, T215Y",H,H,H,H,H,H,H,"K103N, V108I, M230L",H,H,I,H,H
2020/06/08,2020,VF-CQ-1781,1 ,26,3,4,5,4,5,230,46200 ,2NRTIs+NNRTIs,11,CRF07_BC,Q58E,S,S,S,S,S,P,S,L,N,S,S,S,S,S,S,S,N,S,S,S,S,S
2020/06/08,2020,VF-CQ-1783,2 ,27,1,2,4,1,5,75,984000 ,不详,48,CRF01_AE,N,S,S,S,S,S,S,S,S,N,S,S,S,S,S,S,S,N,S,S,S,S,S
2020/06/08,2020,VF-CQ-1785,1 ,57,1,4,2,4,5,386,179000 ,2NRTIs+NNRTIs,105,CRF08_BC,N,S,S,S,S,S,S,S,S,N,S,S,S,S,S,S,S,N,S,S,S,S,S
2020/06/08,2020,VF-CQ-1793,1 ,27,3,4,5,4,5,121,138318 ,2NRTIs+NNRTIs,24,CRF01_AE,N,S,S,S,S,S,S,S,S,"K65R, Y115F",H,S,H,H,I,I,H,"V106M, V179E, G190A",I,H,L,H,L
2020/06/08,2020,VF-CQ-1794,1 ,30,1,4,4,2,4,136,293376 ,2NRTIs+NNRTIs,17,CRF07_BC,N,S,S,S,S,S,S,S,S,N,S,S,S,S,S,S,S,K103N,S,H,S,H,S
2020/06/08,2020,VF-CQ-1799,1 ,45,1,4,4,1,5,23,1460000 ,2NRTIs+NNRTIs,76,CRF07_BC,N,S,S,S,S,S,S,S,S,"K65R, Y115F, M184V",H,S,I,H,H,H,H,"K103N, Y181C, G190A",I,H,I,H,H
2020/06/08,2020,VF-CQ-1800,1 ,42,3,4,5,4,5,,29000 ,2NRTIs+NNRTIs,24,CRF01_AE,N,S,S,S,S,S,S,S,S,K70KEGR,L,I,L,L,P,P,L,"L100I, K103KN, V179IT",I,H,I,H,H
2020/06/15,2020,VF-CQ-1808,2 ,57,3,4,5,4,5,,400 ,2NRTIs+NNRTIs,72,A,N,S,S,S,S,S,S,S,S,"D67N, K70E, M184V",I,S,I,I,H,H,L,"V106M, V179D, F227L",H,H,P,H,L
2020/06/15,2020,VF-CQ-1810,1 ,51,1,4,4,1,5,333,188638 ,2NRTIs+NNRTIs,14,CRF01_AE,N,S,S,S,S,S,S,S,S,N,S,S,S,S,S,S,S,N,S,S,S,S,S
2020/06/15,2020,VF-CQ-1815,1 ,19,3,4,5,4,4,313,52500 ,不详,6,CRF55_01B,N,S,S,S,S,S,S,S,S,N,S,S,S,S,S,S,S,V179E,S,P,P,P,P
2020/06/15,2020,VF-CQ-1817,1 ,"0,58",1,1,4,2,1,1184,447 ,NRTIs+NNRTIs,12,CRF01_AE,N,S,S,S,S,S,S,S,S,M184V,L,S,S,I,H,H,S,Y181CFGV,L,I,H,H,H
2020/06/15,2020,VF-CQ-1818,2 ,51,3,4,5,4,5,,,不详,23,CRF07_BC,N,S,S,S,S,S,S,S,S,"D67N, K70E, M184V",I,S,I,I,H,H,L,"K101E, V106M, G190A, F227L",H,H,I,H,H
2020/06/15,2020,VF-CQ-1827,1 ,55,1,2,4,2,5,56,1450000 ,不详,120,CRF01_AE,N,S,S,S,S,S,S,S,S,N,S,S,S,S,S,S,S,N,S,S,S,S,S
2020/06/15,2020,VF-CQ-1829,1 ,46,1,4,3,3,3,43,1290000 ,2NRTIs+NNRTIs,9,B + CRF01_AE,N,S,S,S,S,S,S,S,S,"K65R, M184V",H,S,I,H,H,H,I,"V106M, V179D",I,H,P,H,P
2020/06/22,2020,VF-CQ-1833,2 ,67,3,4,5,4,5,243,659 ,2NRTIs+NNRTIs,19,CRF07_BC,N,S,S,S,S,S,S,S,S,N,S,S,S,S,S,S,S,K103N,S,H,S,H,S
2020/06/22,2020,VF-CQ-1834,1 ,41,1,2,4,1,5,175,10200 ,2NRTIs+NNRTIs,96,CRF08_BC,N,S,S,S,S,S,S,S,S,"M41L, E44ED, V75I, M184V, L210W, T215Y",H,H,H,H,H,H,I,"K103N, V108I, H221Y, P225H",H,H,P,H,L
2020/06/22,2020,VF-CQ-1837,1 ,34,1,4,4,4,5,293,76 ,2NRTIs+NNRTIs,28,CRF07_BC,N,S,S,S,S,S,S,S,S,N,S,S,S,S,S,S,S,N,S,S,S,S,S
2020/06/22,2020,VF-CQ-1848,1 ,33,1,4,4,4,5,31,90955 ,2NRTIs+NNRTIs,24,CRF07_BC,N,S,S,S,S,S,S,S,S,"M41L, K65R, K70T, M184V",H,S,H,H,H,H,H,"K101E, V106M, G190A",H,H,I,H,H
2020/06/29,2020,VF-CQ-1858,1 ,42,1,4,2,1,5,,,2NRTIs+NNRTIs,84,CRF01_AE,N,S,S,S,S,S,S,S,S,N,S,S,S,S,S,S,S,K103KN,S,H,S,H,S
2020/06/29,2020,VF-CQ-1861,1 ,50,1,1,4,3,3,23,215000 ,2NRTIs+NNRTIs,24,C,N,S,S,S,S,S,S,S,S,N,S,S,S,S,S,S,S,V179D,S,P,P,P,P
2020/06/29,2020,VF-CQ-1862,1 ,46,3,4,5,4,5,20,20000 ,不详,,A,N,S,S,S,S,S,S,S,S,"K65R, M184I",H,S,I,H,H,H,I,"K101E, V179T, Y181C, G190S",H,H,H,H,H
2020/06/29,2020,VF-CQ-1868,1 ,57,1,1,2,3,3,40,209000 ,2NRTIs+NNRTIs,25,CRF01_AE,N,S,S,S,S,S,S,S,S,N,S,S,S,S,S,S,S,K103N,S,H,S,H,S
2020/06/29,2020,VF-CQ-1869,1 ,30,3,4,5,4,5,478,20 ,2NRTIs+NNRTIs,10,CRF07_BC,N,S,S,S,S,S,S,S,S,N,S,S,S,S,S,S,S,V179E,S,P,P,P,P
2020/06/29,2020,VF-CQ-1870,1 ,28,1,2,4,1,5,44,1720000 ,2NRTIs+NNRTIs,10,CRF07_BC,N,S,S,S,S,S,S,S,S,N,S,S,S,S,S,S,S,N,S,S,S,S,S
2020/07/06,2020,VF-CQ-1875,1 ,60,3,4,5,4,5,148,205000 ,2NRTIs+NNRTIs,48,C,N,S,S,S,S,S,S,S,S,"M41ML, M184V, T215TFIS",I,I,I,I,H,H,L,"A98G, Y181C, K238N",I,H,I,H,H
2020/07/06,2020,VF-CQ-1879,1 ,49,3,4,5,4,5,4,1010000 ,2NRTIs+NNRTIs,16,CRF01_AE,N,S,S,S,S,S,S,S,S,"K70E, M184V",I,S,L,L,H,H,L,"V106I, V179D, Y181C, G190A",I,H,H,H,H
2020/07/06,2020,VF-CQ-1882,1 ,72,1,1,4,3,5,29,97700 ,2NRTIs+NNRTIs,48,CRF07_BC,N,S,S,S,S,S,S,S,S,"L74LI, M184V",H,S,S,H,H,H,S,"K103N, P225H",I,H,S,H,S
2020/07/13,2020,VF-CQ-1891,2 ,72,1,2,4,3,3,101,1800000 ,2NRTIs+NNRTIs,72,C,N,S,S,S,S,S,S,S,S,N,S,S,S,S,S,S,S,V179D,S,P,P,P,P
2020/07/13,2020,VF-CQ-1892,1 ,54,1,2,4,1,3,69,2170000 ,2NRTIs+NNRTIs,37,C,N,S,S,S,S,S,S,S,S,N,S,S,S,S,S,S,S,K103N,S,H,S,H,S
2020/07/13,2020,VF-CQ-1896,1 ,25,1,2,4,2,3,124,43200 ,2NRTIs+NNRTIs,6,CRF07_BC,N,S,S,S,S,S,S,S,S,N,S,S,S,S,S,S,S,N,S,S,S,S,S
2020/07/13,2020,VF-CQ-1897,1 ,29,2,2,4,1,5,65,27900000 ,不详 ,19,CRF07_BC,N,S,S,S,S,S,S,S,S,N,S,S,S,S,S,S,S,N,S,S,S,S,S
2020/07/20,2020,VF-CQ-1900,2 ,49,1,1,4,1,5,92,170000 ,2NRTIs+NNRTIs,24,CRF01_AE,N,S,S,S,S,S,S,S,S,N,S,S,S,S,S,S,S,K103KN,S,H,S,H,S
2020/07/20,2020,VF-CQ-1903,1 ,60,1,1,2,4,3,38,900000 ,2NRTIs+NNRTIs,60,CRF07_BC,N,S,S,S,S,S,S,S,S,N,S,S,S,S,S,S,S,N,S,S,S,S,S
2020/07/20,2020,VF-CQ-1908,1 ,63,1,1,2,1,3,82,568 ,2NRTIs+NNRTIs,24,CRF07_BC,N,S,S,S,S,S,S,S,S,N,S,S,S,S,S,S,S,N,S,S,S,S,S
2020/07/20,2020,VF-CQ-1916,1 ,52,3,4,5,4,5,,3010 ,2NRTIs+NNRTIs,84,CRF07_BC,N,S,S,S,S,S,S,S,S,M184V,L,S,S,P,H,H,S,"K103N, P225H",I,H,S,H,S
2020/07/27,2020,VF-CQ-1919,1 ,47,3,4,5,4,5,30,60000 ,2NRTIs+NNRTIs,10,CRF01_AE,N,S,S,S,S,S,S,S,S,"K70E, Y115F, M184V",H,S,L,L,H,H,I,"V106M, V179D, F227L",H,H,P,H,P
2020/07/27,2020,VF-CQ-1921,1 ,33,3,4,5,4,5,401,25600 ,不详,36,B,N,S,S,S,S,S,S,S,S,"D67N, K219Q",P,L,L,P,S,S,P,K103N,S,H,S,H,S
2020/07/27,2020,VF-CQ-1930,1 ,39,1,4,4,3,3,138,12800 ,2NRTIs+NNRTIs,45,CRF07_BC,N,S,S,S,S,S,S,S,S,N,S,S,S,S,S,S,S,N,S,S,S,S,S
2020/07/27,2020,VF-CQ-1940,1 ,27,1,2,4,2,5,81,4390000 ,2NRTIs+NNRTIs,36,CRF07_BC,N,S,S,S,S,S,S,S,S,N,S,S,S,S,S,S,S,N,S,S,S,S,S
2020/08/03,2020,VF-CQ-1947,1 ,36,1,4,4,3,3,100,100000 ,2NRTIs+NNRTIs,36,CRF08_BC,N,S,S,S,S,S,S,S,S,N,S,S,S,S,S,S,S,"V106I, V179D",P,I,L,I,I
2020/08/03,2020,VF-CQ-1951,1 ,25,1,4,4,1,5,11,34500000 ,2NRTIs+NNRTIs,12,CRF01_AE,N,S,S,S,S,S,S,S,S,"L74I, M184V",H,S,S,H,H,H,S,"K101E, V106M, G190A",H,H,I,H,H
2020/08/03,2020,VF-CQ-1953,2 ,62,3,4,5,4,5,199,5100 ,2NRTIs+NNRTIs,14,B+C,N,S,S,S,S,S,S,S,S,"D67N, M184V",L,S,S,L,H,H,S,K103N,S,H,S,H,S
2020/08/10,2020,VF-CQ-1963,1 ,66,1,4,4,1,3,149,680000 ,2NRTIs+NNRTIs,12,CRF08_BC,N,S,S,S,S,S,S,S,S,K70KE,L,S,L,L,P,P,L,"K103N, E138A, Y188L",H,H,L,H,H
2020/08/10,2020,VF-CQ-1964,1 ,53,1,2,3,1,3,52,1252318 ,2NRTIs+NNRTIs,9,CRF01_AE,N,S,S,S,S,S,S,S,S,"L74I, M184V",H,S,S,H,H,H,S,"K103N, V108I, P225H",I,H,S,H,S
2020/08/10,2020,VF-CQ-1969,1 ,46,3,4,5,4,5,129,3060 ,2NRTIs+NNRTIs,60,CRF08_BC,N,S,S,S,S,S,S,S,S,"K65R, Y115YF, M184MV",H,S,I,H,H,H,H,"L100I, K103N, P225H",H,H,I,H,H
2020/08/10,2020,VF-CQ-1974,2 ,32,1,2,4,3,5,40,68500 ,不详,44,CRF07_BC,N,S,S,S,S,S,S,S,S,N,S,S,S,S,S,S,S,V179D,S,P,P,P,P
2020/08/17,2020,VF-CQ-1978,1 ,27,3,4,5,4,5,17,48000 ,2NRTIs+NNRTIs,15,A,N,S,S,S,S,S,S,S,S,"K65R, K219E",I,S,H,H,I,I,H,"V106M, Y181C, G190GA",H,H,I,H,H
8/17/2020,2020,VF-CQ-1990,1 ,50,1,4,4,3,2,88,37800 ,2NRTIs+NNRTIs,36,CRF01_AE,N,S,S,S,S,S,S,S,S,N,S,S,S,S,S,S,S,N,S,S,S,S,S
2020/08/17,2020,VF-CQ-1993,2 ,36,3,4,5,4,5,117,76600 ,2NRTIs+NNRTIs,24,CRF07_BC,N,S,S,S,S,S,S,S,S,N,S,S,S,S,S,S,S,N,S,S,S,S,S
2020/08/17,2020,VF-CQ-1995,2 ,27,3,4,5,4,5,79,212000 ,不详,70,CRF07_BC,N,S,S,S,S,S,S,S,S,N,S,S,S,S,S,S,S,N,S,S,S,S,S
2020/08/17,2020,VF-CQ-1998,1 ,57,3,4,5,4,5,350,989 ,2NRTIs+NNRTIs,82,CRF07_BC,N,S,S,S,S,S,S,S,S,"K65R, M184V, K219KR",H,S,H,H,H,H,I,"K101P, K103S, P225H",I,H,H,H,H
2020/08/17,2020,VF-CQ-2000,1 ,45,3,4,5,4,5,12,134000 ,2NRTIs+NNRTIs,8,CRF01_AE,N,S,S,S,S,S,S,S,S,"K65R, K219E",I,S,H,H,I,I,H,"K103N, Y181C, G190A, F227L",H,H,I,H,H
2020/08/17,2020,VF-CQ-2002,1 ,41,1,2,2,1,3,59,48500 ,2NRTIs+NNRTIs,12,CRF07_BC,N,S,S,S,S,S,S,S,S,N,S,S,S,S,S,S,S,N,S,S,S,S,S
2020/08/17,2020,VF-CQ-2005,2 ,60,1,1,4,1,5,4,23400 ,2NRTIs+NNRTIs,24,CRF01_AE,N,S,S,S,S,S,S,S,S,N,S,S,S,S,S,S,S,"K103N, P225PH",I,H,S,H,S
2020/08/17,2020,VF-CQ-2008,1 ,29,3,4,5,4,5,245,99900 ,2NRTIs+NNRTIs,11,B+C,N,S,S,S,S,S,S,S,S,"K65R, Y115YF, M184V",H,S,I,H,H,H,H,"K103N, Y181C",L,H,I,H,I
2020/08/17,2020,VF-CQ-2009,1 ,74,1,1,5,1,3,59,4810000 ,2NRTIs+NNRTIs,12,CRF07_BC,N,S,S,S,S,S,S,S,S,N,S,S,S,S,S,S,S,K103N,S,H,S,H,S
2020/08/24,2020,VF-CQ-2012,1 ,33,3,4,5,4,5,401,1430 ,2NRTIs+NNRTIs,70,CRF01_AE,N,S,S,S,S,S,S,S,S,M184V,L,S,S,P,H,H,S,"K103N, V108I, E138Q, L234I",H,H,P,H,L
2020/08/24,2020,VF-CQ-2013,1 ,48,3,4,5,4,5,,12700 ,2NRTIs+NNRTIs,57,CRF07_BC,N,S,S,S,S,S,S,S,S,N,S,S,S,S,S,S,S,N,S,S,S,S,S
2020/08/24,2020,VF-CQ-2015,1 ,59,3,4,5,4,5,50,4300 ,不详,72,CRF01_AE,N,S,S,S,S,S,S,S,S,"K65R, M184MV",H,S,I,H,H,H,I,"K103N, G190A",S,H,P,H,L
2020/08/31,2020,VF-CQ-2027,1 ,27,3,4,5,4,5,,3000 ,不详,24,A,N,S,S,S,S,S,S,S,S,"K70E, Y115F, M184V",H,S,L,L,H,H,I,"V106M, Y188C, G190A",H,H,P,H,L
2020/08/31,2020,VF-CQ-2035,1 ,31,3,4,5,4,5,110,4000 ,2NRTIs+NNRTIs,8,A,N,S,S,S,S,S,S,S,S,"K65R, M184V, K219E",H,S,H,H,H,H,I,"Y181C, G190S",H,H,I,H,H
2020/08/31,2020,VF-CQ-2037,1 ,48,3,4,5,4,5,71,39000 ,2NRTIs+NNRTIs,46,CRF07_BC,N,S,S,S,S,S,S,S,S,"M41L, D67N, K70E, V75MT, Y115YF, M184V, K219KR",H,I,H,H,H,H,I,"V106M, V179D, F227FL",H,H,P,H,L
2020/08/31,2020,VF-CQ-2046,1 ,79,1,3,4,3,5,83,901000 ,不详,24,CRF08_BC,N,S,S,S,S,S,S,S,S,N,S,S,S,S,S,S,S,N,S,S,S,S,S
2020/08/31,2020,VF-CQ-2048,1 ,39,3,4,4,4,5,103,870000 ,2NRTIs+INSTIs,9,CRF07_BC,N,S,S,S,S,S,S,S,S,N,S,S,S,S,S,S,S,N,S,S,S,S,S
2020/08/31,2020,VF-CQ-2050,1 ,35,1,2,4,1,5,84,10200 ,2NRTIs+PIs,14,CRF08_BC,N,S,S,S,S,S,S,S,S,"K65R, M184V",H,S,I,H,H,H,I,"K103N, G190A, P225H",I,H,P,H,L
2020/08/31,2020,VF-CQ-2053,1 ,35,1,3,3,1,3,231,455000 ,2NRTIs+PIs,9,CRF07_BC,N,S,S,S,S,S,S,S,S,N,S,S,S,S,S,S,S,N,S,S,S,S,S
2020/08/31,2020,VF-CQ-2059,1 ,44,1,1,3,3,5,33,593000 ,2NRTIs+NNRTIs,36,CRF07_BC,N,S,S,S,S,S,S,S,S,N,S,S,S,S,S,S,S,K103N,S,H,S,H,S
2020/09/07,2020,VF-CQ-2065,1 ,36,1,1,4,2,3,167,18000 ,2NRTIs+NNRTIs,22,CRF07_BC,N,S,S,S,S,S,S,S,S,N,S,S,S,S,S,S,S,N,S,S,S,S,S
2020/09/07,2020,VF-CQ-2067,1 ,76,1,4,4,1,3,359,20700 ,2NRTIs+NNRTIs,60,CRF07_BC,N,S,S,S,S,S,S,S,S,N,S,S,S,S,S,S,S,N,S,S,S,S,S
2020/09/07,2020,VF-CQ-2072,1 ,36,1,3,4,2,3,3,3300000 ,2NRTIs+INSTIs,17,CRF07_BC,N,S,S,S,S,S,S,S,S,"L74V, Y115F, M184V",H,S,S,H,H,H,S,N,S,S,S,S,S
2020/09/07,2020,VF-CQ-2073,2 ,44,3,4,5,4,5,219,159000 ,2NRTIs+NNRTIs,33,CRF07_BC,N,S,S,S,S,S,S,S,S,N,S,S,S,S,S,S,S,V108I,L,P,S,L,S
2020/09/07,2020,VF-CQ-2076,2 ,30,1,2,4,2,5,53,4480 ,不详,68,CRF07_BC,N,S,S,S,S,S,S,S,S,N,S,S,S,S,S,S,S,Y181C,P,I,I,H,I
2020/09/14,2020,VF-CQ-2085,1 ,35,1,3,3,2,5,1,240000 ,2NRTIs+INSTIs,14,CRF01_AE,N,S,S,S,S,S,S,S,S,"D67N, K70E, M184V",I,S,I,I,H,H,L,"V106M, G190A, F227L",H,H,P,H,L
2020/09/14,2020,VF-CQ-2086,1 ,29,2,2,4,1,5,65,27900000 ,不详 ,19,CRF07_BC,N,S,S,S,S,S,S,S,S,N,S,S,S,S,S,S,S,N,S,S,S,S,S
2020/09/14,2020,VF-CQ-2088,2 ,21,1,2,4,2,5,95,1330000 ,不详,60,CRF08_BC,N,S,S,S,S,S,S,S,S,N,S,S,S,S,S,S,S,N,S,S,S,S,S
2020/09/14,2020,VF-CQ-2089,1 ,56,3,4,5,4,5,56,23900 ,2NRTIs+NNRTIs,118,CRF07_BC,N,S,S,S,S,S,S,S,S,"M184V, T215Y",L,I,I,L,H,H,S,"A98AG, K101E, G190A",I,H,I,H,H
2020/09/14,2020,VF-CQ-2095,2 ,70,3,4,5,4,5,139,12000 ,2NRTIs+NNRTIs,141,CRF08_BC,N,S,S,S,S,S,S,S,S,"K65R, K70T, M184V",H,S,H,H,H,H,H,"K103N, E138G, Y188H",P,H,P,H,L
2020/09/14,2020,VF-CQ-2096,1 ,68,3,4,5,4,5,81,2090 ,2NRTIs+NNRTIs,105,CRF08_BC,N,S,S,S,S,S,S,S,S,"K65R, M184V, K219E",H,S,H,H,H,H,I,K103N,S,H,S,H,S
2020/09/21,2020,VF-CQ-2101,1 ,49,3,4,5,4,5,20,139000 ,2NRTIs+NNRTIs,8,CRF01_AE,N,S,S,S,S,S,S,S,S,"K70Q, Y115F, M184V",H,S,L,L,H,H,I,"V106M, V179D, F227L",H,H,P,H,P
2020/09/21,2020,VF-CQ-2102,2 ,57,3,4,5,4,5,,751442 ,2NRTIs+NNRTIs,9,低于检出限,低于检出限,低于检出限,低于检出限,低于检出限,低于检出限,低于检出限,低于检出限,低于检出限,低于检出限,低于检出限,低于检出限,低于检出限,低于检出限,低于检出限,低于检出限,低于检出限,低于检出限,低于检出限,低于检出限,低于检出限,低于检出限,低于检出限,低于检出限
2020/09/21,2020,VF-CQ-2103,1 ,31,2,2,4,2,3,44,2173113 ,2NRTIs+NNRTIs,34,CRF55_01B,N,S,S,S,S,S,S,S,S,N,S,S,S,S,S,S,S,V179E,S,P,P,P,P
2020/09/21,2020,VF-CQ-2104,1 ,40,3,4,5,4,5,,2850 ,2NRTIs+NNRTIs,11,CRF08_BC,N,S,S,S,S,S,S,S,S,"K65R, Y115F",H,S,H,H,I,I,H,G190A,S,I,P,H,L
2020/09/21,2020,VF-CQ-2107,1 ,32,3,4,5,4,5,29,1410000 ,2NRTIs+NNRTIs,12,CRF07_BC,N,S,S,S,S,S,S,S,S,"K65R, L74V, Y115F",H,S,H,H,I,I,H,"V106M, V179D, Y181YC, F227FL",H,H,I,H,I
2020/09/21,2020,VF-CQ-2112,2 ,41,1,2,4,3,4,27,328000 ,2NRTIs+NNRTIs,101,CRF08_BC,N,S,S,S,S,S,S,S,S,N,S,S,S,S,S,S,S,N,S,S,S,S,S
2020/09/21,2020,VF-CQ-2115,1 ,48,2,4,4,1,4,78,105 ,2NRTIs+NNRTIs,36,CRF55_01B,N,S,S,S,S,S,S,S,S,N,S,S,S,S,S,S,S,V179E,S,P,P,P,P
2020/09/21,2020,VF-CQ-2117,1 ,23,3,4,5,4,5,15,26700 ,2NRTIs+NNRTIs,6,CRF01_AE,N,S,S,S,S,S,S,S,S,"K65R, Y115F",H,S,H,H,I,I,H,"V106M, V179D, Y181C",H,H,I,H,I
2020/09/21,2020,VF-CQ-2118,2 ,41,1,1,4,1,5,28,2210000 ,2NRTIs+NNRTIs,36,CRF07_BC,N,S,S,S,S,S,S,S,S,N,S,S,S,S,S,S,S,"V106M, V179D, F227L",H,H,P,H,P
2020/09/28,2020,VF-CQ-2129,2 ,76,3,4,5,4,5,,17900 ,2NRTIs+NNRTIs,23,CRF07_BC,N,S,S,S,S,S,S,S,S,"M41L, K65R, M184V",H,S,H,H,H,H,I,"V106M, V179D",I,H,P,H,L
2020/09/28,2020,VF-CQ-2131,2 ,54,3,4,5,4,5,50,95100 ,2NRTIs+NNRTIs,10,CRF07_BC,N,S,S,S,S,S,S,S,S,"K65R, Y115F, M184V",H,S,I,H,H,H,H,"K103N, V106M",I,H,S,H,S
2020/09/28,2020,VF-CQ-2132,1 ,37,1,4,4,4,5,82,51 ,2NRTIs+NNRTIs,55,CRF01_AE,N,S,S,S,S,S,S,S,S,N,S,S,S,S,S,S,S,N,S,S,S,S,S
2020/09/28,2020,VF-CQ-2134,2 ,47,3,4,5,4,5,68,20300 ,2NRTIs+NNRTIs,22,CRF07_BC,K43T,S,S,S,S,S,S,P,S,"D67N, K70E, M184V",I,S,I,I,H,H,L,"V106M, V179D",I,H,P,H,L
2020/09/28,2020,VF-CQ-2135,2 ,49,3,4,5,4,5,119,49200 ,2NRTIs+NNRTIs,22,CRF07_BC,N,S,S,S,S,S,S,S,S,"M41L, K65R, L74IV, Y115F, M184V",H,S,H,H,H,H,H,"V106M, V179E, Y181YC, G190GA",H,H,H,H,H
2020/09/28,2020,VF-CQ-2136,1 ,41,1,1,4,1,5,24,703000 ,2NRTIs+NNRTIs,9,CRF08_BC,N,S,S,S,S,S,S,S,S,"K65R, M184I",H,S,I,H,H,H,I,"K103N, M230L",H,H,I,H,H
2020/10/05,2020,VF-CQ-2146,1 ,45,1,1,4,3,3,22,208000 ,2NRTIs+NNRTIs,8,CRF07_BC,N,S,S,S,S,S,S,S,S,"D67N, K70E, M184V",I,S,I,I,H,H,L,"V106M, V179D, F227L",H,H,P,H,L
2020/10/05,2020,VF-CQ-2148,2 ,16,3,4,5,4,5,262,2440 ,2NRTIs+NNRTIs,16,CRF08_BC,N,S,S,S,S,S,S,S,S,N,S,S,S,S,S,S,S,N,S,S,S,S,S
2020/10/05,2020,VF-CQ-2150,1 ,41,3,4,5,4,5,117,45747 ,2NRTIs+NNRTIs,82,CRF01_AE,N,S,S,S,S,S,S,S,S,M184I,L,S,S,I,H,H,S,"K101E, V108VI, Y181C, G190A",H,H,H,H,H
2020/10/05,2020,VF-CQ-2151,1 ,45,1,4,5,4,5,355,2200 ,2NRTIs+NNRTIs,58,CRF07_BC,N,S,S,S,S,S,S,S,S,N,S,S,S,S,S,S,S,N,S,S,S,S,S
2020/10/05,2020,VF-CQ-2152,1 ,63,3,4,5,4,5,99,3500 ,2NRTIs+NNRTIs,46,CRF07_BC,N,S,S,S,S,S,S,S,S,"K65R, Y115F, M184V",H,S,I,H,H,H,H,"K101E, V106M, Y181C, F227L",H,H,I,H,H
2020/10/05,2020,VF-CQ-2153,2 ,49,1,1,4,1,5,27,385000 ,2NRTIs+ABT,15,CRF07_BC,N,S,S,S,S,S,S,S,S,N,S,S,S,S,S,S,S,N,S,S,S,S,S
2020/10/05,2020,VF-CQ-2155,1 ,64,1,1,4,1,5,61,1990000 ,不详,36,CRF07_BC,N,S,S,S,S,S,S,S,S,N,S,S,S,S,S,S,S,N,S,S,S,S,S
2020/10/05,2020,VF-CQ-2156,1 ,32,1,2,4,1,4,228,18000 ,2NRTIs+NNRTIs,37,低于检出下限,低于检出下限,低于检出下限,低于检出下限,低于检出下限,低于检出下限,低于检出下限,低于检出下限,低于检出下限,低于检出下限,低于检出下限,低于检出下限,低于检出下限,低于检出下限,低于检出下限,低于检出下限,低于检出下限,低于检出下限,低于检出下限,低于检出下限,低于检出下限,低于检出下限,低于检出下限,低于检出下限
2020/10/05,2020,VF-CQ-2157,1 ,56,1,2,2,1,5,27,3100 ,2NRTIs+NNRTIs,25,CRF01_AE,N,S,S,S,S,S,S,S,S,N,S,S,S,S,S,S,S,K103N,S,H,S,H,S
2020/10/05,2020,VF-CQ-2158,1 ,28,3,4,5,4,5,,7912 ,2NRTIs+NNRTIs,12,CRF07_BC,N,S,S,S,S,S,S,S,S,"A62V, K65R, M184V",H,S,I,H,H,H,I,"V106M, V179E, F227L",H,H,P,H,P
2020/10/05,2020,VF-CQ-2159,1 ,60,1,1,4,3,5,197,75000 ,2NRTIs+NNRTIs,25,CRF07_BC,N,S,S,S,S,S,S,S,S,N,S,S,S,S,S,S,S,V179D,S,I,P,I,L
2020/10/12,2020,VF-CQ-2161,1 ,74,3,4,5,4,5,128,30100 ,不详,23,CRF07_BC,N,S,S,S,S,S,S,S,S,N,S,S,S,S,S,S,S,N,S,S,S,S,S
2020/10/12,2020,VF-CQ-2165,1 ,63,1,4,4,1,5,79,1800000 ,2NRTIs+INSTIs,10,CRF07_BC,N,S,S,S,S,S,S,S,S,M184V,L,S,S,P,H,H,S,N,S,S,S,S,S
2020/10/12,2020,VF-CQ-2166,1 ,36,1,2,4,2,4,2,10800 ,2NRTIs+NNRTIs,86,CRF01_AE,N,S,S,S,S,S,S,S,S,N,S,S,S,S,S,S,S,N,S,S,S,S,S
2020/10/12,2020,VF-CQ-2167,2 ,46,3,4,5,4,5,280,35900 ,2NRTIs+NNRTIs,12,CRF08_BC,N,S,S,S,S,S,S,S,S,"K70E, M184V",I,S,L,L,H,H,L,"Y181C, H221HY",I,I,I,H,H
2020/10/12,2020,VF-CQ-2170,1 ,55,3,4,5,4,5,,192000 ,不详,21,CRF07_BC,N,S,S,S,S,S,S,S,S,N,S,S,S,S,S,S,S,K103N,S,H,S,H,S
2020/10/12,2020,VF-CQ-2171,1 ,20,1,4,4,4,5,28,581000 ,2NRTIs+NNRTIs,9,CRF07_BC,N,S,S,S,S,S,S,S,S,"K65R, V75IM",I,S,H,H,I,I,H,G190E,H,H,I,H,H
2020/10/12,2020,VF-CQ-2172,2 ,29,1,1,3,1,3,205,1460 ,2NRTIs+NNRTIs,36,CRF01_AE,N,S,S,S,S,S,S,S,S,N,S,S,S,S,S,S,S,N,S,S,S,S,S
2020/10/12,2020,VF-CQ-2173,1 ,44,1,4,2,4,5,336,138 ,2NRTIs+PIs,54,CRF07_BC,"I54V,K20T",L,S,L,L,L,I,L,L,M184V,L,S,S,P,H,H,S,N,S,S,S,S,S
2020/10/12,2020,VF-CQ-2174,2 ,40,3,4,5,4,5,120,657 ,不详,77,CRF08_BC,N,S,S,S,S,S,S,S,S,N,S,S,S,S,S,S,S,"K103N, E138A, K238K",S,H,P,H,L
2020/10/12,2020,VF-CQ-2175,1 ,48,1,1,3,3,2,114,5450 ,2NRTIs+NNRTIs,48,CRF07_BC,N,S,S,S,S,S,S,S,S,N,S,S,S,S,S,S,S,N,S,S,S,S,S
2020/10/12,2020,VF-CQ-2181,1 ,67,3,4,5,4,5,,,2NRTIs+NNRTIs,36,CRF07_BC,N,S,S,S,S,S,S,S,S,"D67N, K70R, M184V, K219E",H,I,I,I,H,H,L,Y181C,P,I,I,H,I
2020/10/12,2020,VF-CQ-2182,1 ,58,1,2,4,1,3,18,1070000 ,2NRTIs+NNRTIs,32,CRF07_BC,N,S,S,S,S,S,S,S,S,N,S,S,S,S,S,S,S,N,S,S,S,S,S
2020/10/12,2020,VF-CQ-2183,1 ,29,3,4,5,4,5,91,70000 ,2NRTIs+NNRTIs,24,B + CRF01_AE,N,S,S,S,S,S,S,S,S,"K65R, L74LI, M184V",H,S,I,H,H,H,I,"K103N, V106I, V179E",P,H,L,H,L
2020/10/12,2020,VF-CQ-2186,1 ,44,3,4,5,4,5,54,17900 ,2NRTIs+NNRTIs,21,CRF07_BC,N,S,S,S,S,S,S,S,S,"M41L, K65R, Y115F, M184V",H,S,H,H,H,H,H,"V106M, V179D, F227FL",H,H,P,H,L
2020/10/19,2020,VF-CQ-2191,1 ,32,1,2,4,2,5,57,525000 ,2NRTIs+NNRTIs,52,CRF01_AE,N,S,S,S,S,S,S,S,S,N,S,S,S,S,S,S,S,V179VD,S,P,P,P,P
2020/10/19,2020,VF-CQ-2195,1 ,65,3,4,5,4,5,,11700 ,2NRTIs+NNRTIs,34,CRF07_BC,N,S,S,S,S,S,S,S,S,"K70E, M184V",I,S,L,L,H,H,L,E138K,P,P,P,P,I
2020/10/19,2020,VF-CQ-2196,1 ,24,1,4,5,3,4,347,5520 ,2NRTIs+NNRTIs,84,CRF07_BC,N,S,S,S,S,S,S,S,S,"K65R, M184I",H,S,I,H,H,H,I,"L100I, K103N, M230L",H,H,H,H,H
2020/10/19,2020,VF-CQ-2198,2 ,67,1,4,2,4,5,21,340005 ,2NRTIs+NNRTIs,21,CRF01_AE,N,S,S,S,S,S,S,S,S,N,S,S,S,S,S,S,S,N,S,S,S,S,S
2020/10/19,2020,VF-CQ-2199,1 ,29,3,4,5,4,5,236,108000 ,2NRTIs+NNRTIs,29,低于检出限,低于检出下限,低于检出下限,低于检出下限,低于检出下限,低于检出下限,低于检出下限,低于检出下限,低于检出下限,低于检出下限,低于检出下限,低于检出下限,低于检出下限,低于检出下限,低于检出下限,低于检出下限,低于检出下限,低于检出下限,低于检出下限,低于检出下限,低于检出下限,低于检出下限,低于检出下限,低于检出下限
2020/10/19,2020,VF-CQ-2202,1 ,42,1,4,4,4,5,266,319000 ,2NRTIs+NNRTIs,9,CRF07_BC,N,S,S,S,S,S,S,S,S,N,S,S,S,S,S,S,S,N,S,S,S,S,S
2020/10/19,2020,VF-CQ-2203,1 ,35,3,4,5,4,5,212,3688244 ,2NRTIs+NNRTIs,15,CRF07_BC,N,S,S,S,S,S,S,S,S,"K65R, K70R, M184V",H,S,H,H,H,H,I,"V106M, V179D, F227L",H,H,P,H,L
2020/10/19,2020,VF-CQ-2204,1 ,63,1,4,4,1,5,79,1800000 ,2NRTIs+INSTIs,10,CRF07_BC,N,S,S,S,S,S,S,S,S,M184V,L,S,S,P,H,H,S,N,S,S,S,S,S
2020/10/19,2020,VF-CQ-2214,1 ,68,3,4,5,4,5,,110000 ,不详,12,CRF01_AE,N,S,S,S,S,S,S,S,S,"K65R, D67DG, Y115F",H,S,H,H,I,I,H,"V179D, G190Q",I,H,I,H,I
2020/10/26,2020,VF-CQ-2216,1 ,26,1,4,4,2,4,414,24300 ,2NRTIs+NNRTIs,17,CRF07_BC,N,S,S,S,S,S,S,S,S,N,S,S,S,S,S,S,S,N,S,S,S,S,S
2020/10/26,2020,VF-CQ-2217,1 ,50,1,1,4,3,3,23,215000 ,2NRTIs+NNRTIs,24,C,N,S,S,S,S,S,S,S,S,"K65R, Y115F",H,S,H,H,I,I,H,"V106M, V179D",I,H,P,H,P
2020/10/26,2020,VF-CQ-2219,1 ,34,1,2,4,1,3,5,27500 ,2NRTIs+NNRTIs,12,CRF01_AE,N,S,S,S,S,S,S,S,S,"K65R, M184I",H,S,I,H,H,H,I,"L100I, K103N, M230L",H,H,H,H,H
2020/10/26,2020,VF-CQ-2222,2 ,39,1,1,4,1,5,40,14200 ,2NRTIs+NNRTIs,155,CRF01_AE,N,S,S,S,S,S,S,S,S,N,S,S,S,S,S,S,S,N,S,S,S,S,S
2020/10/26,2020,VF-CQ-2225,2 ,56,1,1,4,1,3,25,82600 ,2NRTIs+NNRTIs,24,CRF01_AE,N,S,S,S,S,S,S,S,S,N,S,S,S,S,S,S,S,N,S,S,S,S,S
2020/10/26,2020,VF-CQ-2229,1 ,49,3,4,5,4,5,,25900 ,不详,36,CRF07_BC,N,S,S,S,S,S,S,S,S,"A62AV, K65KR, M184V",H,S,I,H,H,H,I,N,S,S,S,S,S
2020/10/26,2020,VF-CQ-2231,1 ,66,1,2,2,1,3,123,663000 ,2NRTIs+NNRTIs,36,CRF01_AE,N,S,S,S,S,S,S,S,S,N,S,S,S,S,S,S,S,N,S,S,S,S,S
2020/10/26,2020,VF-CQ-2232,1 ,31,1,3,4,1,3,13,365000 ,,24,CRF01_AE,N,S,S,S,S,S,S,S,S,M184I,L,S,S,P,H,H,S,Y181C,P,I,I,H,I
2020/10/26,2020,VF-CQ-2235,1 ,37,1,2,4,2,4,50,418000 ,2NRTIs+NNRTIs,25,CRF01_AE,N,S,S,S,S,S,S,S,S,N,S,S,S,S,S,S,S,N,S,S,S,S,S
2020/10/26,2020,VF-CQ-2236,1 ,26,1,4,4,2,4,252,251000 ,2NRTIs+NNRTIs,21,CRF07_BC,N,S,S,S,S,S,S,S,S,M184I,L,S,S,P,H,H,S,"V179E, Y181C",P,I,I,H,I
2020/10/26,2020,VF-CQ-2238,1 ,35,1,2,4,2,2,128,82300 ,不详,84,CRF08_BC,N,S,S,S,S,S,S,S,S,N,S,S,S,S,S,S,S,N,S,S,S,S,S
2020/10/26,2020,VF-CQ-2239,1 ,11,1,4,4,2,1,224,319000 ,2NRTIs+NNRTIs,12,CRF07_BC,N,S,S,S,S,S,S,S,S,M184V,L,S,S,I,H,H,S,"K101E, G190S",I,H,I,H,H
2020/10/26,2020,VF-CQ-2240,2 ,69,1,1,2,3,3,102,1220000 ,2NRTIs+NNRTIs,80,CRF07_BC,N,S,S,S,S,S,S,S,S,N,S,S,S,S,S,S,S,"K103N, Y318F",I,H,S,H,S
2020/10/26,2020,VF-CQ-2245,2 ,57,3,4,5,4,5,,20900 ,2NRTIs+NNRTIs,71,低于检出下限,低于检出下限,低于检出下限,低于检出下限,低于检出下限,低于检出下限,低于检出下限,低于检出下限,低于检出下限,低于检出下限,低于检出下限,低于检出下限,低于检出下限,低于检出下限,低于检出下限,低于检出下限,低于检出下限,低于检出下限,低于检出下限,低于检出下限,低于检出下限,低于检出下限,低于检出下限,低于检出下限
2020/10/26,2020,VF-CQ-2246,1 ,68,3,4,5,4,5,,15000 ,不详,20年11月失败,低于检出下限,低于检出下限,低于检出下限,低于检出下限,低于检出下限,低于检出下限,低于检出下限,低于检出下限,低于检出下限,低于检出下限,低于检出下限,低于检出下限,低于检出下限,低于检出下限,低于检出下限,低于检出下限,低于检出下限,低于检出下限,低于检出下限,低于检出下限,低于检出下限,低于检出下限,低于检出下限,低于检出下限
2020/11/02,2020,VF-CQ-2247,1 ,13,3,4,5,4,5,373,5740 ,2NRTIs+NNRTIs,12,CRF08_BC,N,S,S,S,S,S,S,S,S,M184V,L,S,S,P,H,H,S,"E138A, G190A",S,I,L,H,I
2020/11/02,2020,VF-CQ-2250,1 ,60,3,4,5,4,5,117,55700 ,2NRTIs+NNRTIs,10,CRF01_AE,N,S,S,S,S,S,S,S,S,"K65R, V75M, M184V",H,S,H,H,H,H,I,"A98AG, V106I, Y188L",H,H,I,H,H
2020/11/02,2020,VF-CQ-2258,1 ,30,1,3,3,1,3,48,1600 ,2NRTIs+NNRTIs,48,CRF01_AE,N,S,S,S,S,S,S,S,S,N,S,S,S,S,S,S,S,N,S,S,S,S,S
2020/11/02,2020,VF-CQ-2265,1 ,43,1,4,4,3,3,518,127000 ,2NRTIs+NNRTIs,61,CRF07_BC,N,S,S,S,S,S,S,S,S,N,S,S,S,S,S,S,S,K103KN,S,H,S,H,S
2020/11/02,2020,VF-CQ-2266,1 ,59,3,4,5,4,5,6,17000 ,不详,36,CRF01_AE,N,S,S,S,S,S,S,S,S,"K65R, Y115YF, M184V",H,S,I,H,H,H,H,"K101E, K103N, Y181C, G190A",H,H,H,H,H
2020/11/09,2020,VF-CQ-2268,1 ,46,3,4,5,4,5,,61000 ,2NRTIs+NNRTIs,48,CRF07_BC,N,S,S,S,S,S,S,S,S,M184V,L,S,S,P,H,H,S,"K103N, P225H",I,H,S,H,S
2020/11/09,2020,VF-CQ-2270,1 ,56,1,4,4,4,5,,1900000 ,2NRTIs+NNRTIs,48,CRF62_BC,N,S,S,S,S,S,S,S,S,N,S,S,S,S,S,S,S,N,S,S,S,S,S
2020/11/09,2020,VF-CQ-2271,1 ,27,1,4,3,1,3,59,75200 ,2NRTIs+NNRTIs,6,CRF01_AE,N,S,S,S,S,S,S,S,S,M184I,L,S,S,P,H,H,S,"K101H, Y181C, G190S",H,H,H,H,H
2020/11/09,2020,VF-CQ-2272,1 ,70,3,4,5,4,5,21,463000 ,2NRTIs+NNRTIs,13,CRF07_BC,Q58E,S,S,S,S,S,P,S,L,N,S,S,S,S,S,S,S,"K103N, P225PH",I,H,S,H,S
2020/11/09,2020,VF-CQ-2278,1 ,55,3,4,5,4,5,79,12700 ,2NRTIs+NNRTIs,12,A,N,S,S,S,S,S,S,S,S,"K70KE, M184I",I,S,L,L,H,H,L,"K103N, M230L, L234I",H,H,I,H,H
2020/11/09,2020,VF-CQ-2280,1 ,48,1,4,3,1,5,304,677000 ,2NRTIs+NNRTIs,60,CRF07_BC,N,S,S,S,S,S,S,S,S,N,S,S,S,S,S,S,S,N,S,S,S,S,S
2020/11/09,2020,VF-CQ-2281,1 ,50,1,4,4,1,3,85,23300 ,不详,120,CRF01_AE,N,S,S,S,S,S,S,S,S,N,S,S,S,S,S,S,S,N,S,S,S,S,S
2020/11/16,2020,VF-CQ-2287,1 ,69,3,4,5,4,5,199,1410 ,2NRTIs+NNRTIs,24,CRF07_BC,N,S,S,S,S,S,S,S,S,"M41ML, D67N, K70E, V75M, M184V",I,L,H,I,H,H,L,"V106M, V179D, F227L",H,H,P,H,L
2020/11/16,2020,VF-CQ-2289,1 ,31,1,3,2,2,5,45,1400000 ,2NRTIs+NNRTIs,7,CRF07_BC,N,S,S,S,S,S,S,S,S,"K65R, M184I",H,S,I,H,H,H,I,"V106M, V179D, M230L",H,H,I,H,H
2020/11/16,2020,VF-CQ-2296,1 ,35,3,4,5,4,5,202,105000 ,2NRTIs+NNRTIs,39,CRF07_BC,N,S,S,S,S,S,S,S,S,"K65R, M184V",H,I,H,H,H,H,I,"V106M, V179D",I,H,P,H,P
2020/11/16,2020,VF-CQ-2305,1 ,47,1,3,4,1,3,122,52000 ,2NRTIs+NNRTIs,8,CRF08_BC,N,S,S,S,S,S,S,S,S,N,S,S,S,S,S,S,S,E138EA,S,S,P,S,L
2020/11/16,2020,VF-CQ-2307,1 ,63,1,1,2,1,4,190,15800 ,2NRTIs+NNRTIs,60,CRF01_AE,N,S,S,S,S,S,S,S,S,N,S,S,S,S,S,S,S,N,S,S,S,S,S
2020/11/23,2020,VF-CQ-2313,2 ,49,2,4,2,1,3,32,529000 ,不详,48,CRF07_BC,"M46I, I50V, I54V, V82C，L10FI, Q58E",H,L,H,H,H,H,H,I,"L74V, Y115YF, M184V",H,S,S,H,H,H,S,"K103N, E138G, P225H",I,H,P,H,L
2020/11/23,2020,VF-CQ-2321,1 ,20,3,4,5,4,5,,3620 ,2NRTIs+NNRTIs,17,CRF01_AE,N,S,S,S,S,S,S,S,S,N,S,S,S,S,S,S,S,"K103N, V179E",S,H,P,H,P
2020/11/23,2020,VF-CQ-2323,2 ,68,3,4,5,4,5,424,1610 ,2NRTIs+NNRTIs,93,CRF01_AE,N,S,S,S,S,S,S,S,S,M184V,L,S,S,P,H,H,S,"K103N, M230L",H,H,I,H,H
2020/11/23,2020,VF-CQ-2324,2 ,29,1,4,4,4,5,213,77995 ,2NRTIs+NNRTIs,44,CRF07_BC,N,S,S,S,S,S,S,S,S,N,S,S,S,S,S,S,S,N,S,S,S,S,S
2020/11/23,2020,VF-CQ-2326,2 ,43,1,3,3,2,5,13,1030000 ,2NRTIs+NNRTIs,24,CRF07_BC,N,S,S,S,S,S,S,S,S,M184MIV,L,S,S,P,H,H,S,"V106M, V179D",I,H,P,H,P
2020/11/30,2020,VF-CQ-2330,2 ,64,3,4,5,4,5,200,15000 ,2NRTIs+NNRTIs,66,CRF07_BC,N,S,S,S,S,S,S,S,S,"D67N, K70R, M184V, K219Q",H,I,I,I,H,H,L,"K103N, Y318F",I,H,S,H,S
2020/11/30,2020,VF-CQ-2332,2 ,37,1,4,4,1,3,67,201000 ,2NRTIs+NNRTIs,60,CRF07_BC,N,S,S,S,S,S,S,S,S,N,S,S,S,S,S,S,S,N,S,S,S,S,S
2020/11/30,2020,VF-CQ-2338,2 ,30,1,3,3,3,5,565,54700 ,2NRTIs+PIs,28,CRF08_BC,N,S,S,S,S,S,S,S,S,N,S,S,S,S,S,S,S,V179D,S,P,P,P,P
2020/11/30,2020,VF-CQ-2339,2 ,70,1,4,4,1,5,13,73740 ,不详,37,CRF07_BC,"M46MI, I54V, V82A,L10F",H,S,H,H,H,H,H,L,"D67N, M184I",L,S,S,L,H,H,S,N,S,S,S,S,S
2020/11/30,2020,VF-CQ-2344,1 ,27,1,4,4,1,3,8,,2NRTIs+NNRTIs,31,CRF01_AE,N,S,S,S,S,S,S,S,S,"K65R, K70T",H,S,H,H,I,I,H,"K103N, V108I, Y181C, H221Y",H,H,I,H,H
2020/11/30,2020,VF-CQ-2345,1 ,25,1,4,5,2,4,25,38600 ,2NRTIs+NNRTIs,14,CRF01_AE,N,S,S,S,S,S,S,S,S,"D67N, K70E, V75M, M184V",I,S,H,I,H,H,L,"E138G, V179D, Y188H, G190S",I,H,I,H,I
2020/12/07,2020,VF-CQ-2350,1 ,80,3,4,5,4,5,,72500 ,2NRTIs+NNRTIs,12,CRF07_BC,N,S,S,S,S,S,S,S,S,"A62AV, K65R, M184V, K219KE",H,S,H,H,H,H,H,"L100I, K103N",I,H,I,H,H
2020/12/07,2020,VF-CQ-2358,1 ,36,1,2,4,1,5,15,242000 ,2NRTIs+NNRTIs,22,A,N,S,S,S,S,S,S,S,S,"D67N, K70T, L74I, Y115YF, M184V, K219N",H,L,I,H,H,H,I,"K101E, V106M, G190A",H,H,I,H,H
2020/12/07,2020,VF-CQ-2360,2 ,41,1,2,4,1,3,22,980000 ,2NRTIs+NNRTIs,15,CRF07_BC,N,S,S,S,S,S,S,S,S,"K65R, M184IV",H,S,I,H,H,H,I,"L100I, K103N",I,H,I,H,H
2020/12/07,2020,VF-CQ-2365,1 ,13,1,1,1,2,1,20,636000 ,不详,44166,CRF01_AE,N,S,S,S,S,S,S,S,S,M184MV,L,S,S,P,H,H,S,N,S,S,S,S,S
2020/12/07,2020,VF-CQ-2368,1 ,66,3,4,5,4,5,,87000 ,不详,12,CRF01_AE,N,S,S,S,S,S,S,S,S,N,S,S,S,S,S,S,S,"A98G, K103N",L,H,P,H,L
2020/12/07,2020,VF-CQ-2369,1 ,34,3,4,5,4,5,195,460000 ,N,20.9月失败,CRF07_BC,N,S,S,S,S,S,S,S,S,N,S,S,S,S,S,S,S,N,S,S,S,S,S
2020/12/07,2020,VF-CQ-2370,1 ,34,1,3,4,1,3,27,273983 ,2NRTIs+NNRTIs,48,A,"M46I, I54V, L76V, I84V",H,I,H,H,H,H,H,I,"A62V, K65R, K70T, V75I, F77L, Y115F, F116Y, Q151M, M184V",H,H,H,H,H,H,H,N,S,S,S,S,S
2020/12/07,2020,VF-CQ-2372,2 ,61,3,4,5,4,5,30,98100 ,2NRTIs+NNRTIs,9,CRF07_BC,N,S,S,S,S,S,S,S,S,N,S,S,S,S,S,S,S,N,S,S,S,S,S
2020/12/07,2020,VF-CQ-2377,1 ,13,2,4,4,4,5,469,46400 ,2NRTIs+NNRTIs,24,CRF01_AE,N,S,S,S,S,S,S,S,S,N,S,S,S,S,S,S,S,V179D,S,I,P,I,L
2020/12/07,2020,VF-CQ-2380,1 ,77,1,1,5,1,3,232,61300 ,2NRTIs+NNRTIs,24,CRF01_AE,N,S,S,S,S,S,S,S,S,N,S,S,S,S,S,S,S,N,S,S,S,S,S
2020/12/14,2020,VF-CQ-2388,1 ,70,1,1,4,1,3,71,10200 ,2NRTIs+NNRTIs,6,CRF07_BC,N,S,S,S,S,S,S,S,S,N,S,S,S,S,S,S,S,N,S,S,S,S,S
2020/12/14,2020,VF-CQ-2392,1 ,28,1,4,3,2,5,59,104000 ,2NRTIs+NNRTIs,29,CRF01_AE,N,S,S,S,S,S,S,S,S,"K65R, Y115F, M184MV",H,S,I,H,H,H,H,"Y181C, G190S",H,H,I,H,H
2020/12/14,2020,VF-CQ-2395,2 ,31,1,2,4,3,3,54,1410000 ,2NRTIs+NNRTIs,84,C,N,S,S,S,S,S,S,S,S,"K70Q, V75VIM, K219KR",L,L,I,I,L,L,L,"V106M, V179D",I,H,P,H,P
2020/12/14,2020,VF-CQ-2396,2 ,66,3,4,5,4,5,207,1710 ,2NRTIs+NNRTIs,21,CRF07_BC,N,S,S,S,S,S,S,S,S,N,S,S,S,S,S,S,S,N,S,S,S,S,S
2020/12/14,2020,VF-CQ-2397,1 ,26,3,4,5,4,5,138,24100 ,2NRTIs+NNRTIs,23,A,N,S,S,S,S,S,S,S,S,"K65R, K70KT, V75I, T215A, K219E",H,L,H,H,I,I,H,"K101E, V106I, Y181C, G190S",H,H,H,H,H
2020/12/14,2020,VF-CQ-2402,1 ,56,1,1,3,1,3,25,89300 ,2NRTIs+NNRTIs,25,B,N,S,S,S,S,S,S,S,S,"K70Q, M184V",I,S,L,L,H,H,L,"K103N, V108I, H221Y, P225H",H,H,P,H,L
2020/12/14,2020,VF-CQ-2403,1 ,79,3,4,5,4,5,,,2NRTIs+NNRTIs,60,CRF07_BC,N,S,S,S,S,S,S,S,S,N,S,S,S,S,S,S,S,N,S,S,S,S,S
2020/12/14,2020,VF-CQ-2404,2 ,55,3,4,5,4,5,12,108000 ,2NRTIs+NNRTIs,71,CRF01_AE,N,S,S,S,S,S,S,S,S,"D67DN, K70E, L74LI, Y115YF, M184V",H,S,I,H,H,H,I,"K101P, K103N, V179L",P,H,H,H,H
2020/12/14,2020,VF-CQ-2405,1 ,75,1,3,5,1,5,79,92000 ,2NRTIs+NNRTIs,26,CRF08_BC,N,S,S,S,S,S,S,S,S,N,S,S,S,S,S,S,S,N,S,S,S,S,S
2020/12/21,2020,VF-CQ-2409,1 ,51,1,4,2,4,5,252,21900 ,2NRTIs+NNRTIs,21,CRF07_BC,N,S,S,S,S,S,S,S,S,N,S,S,S,S,S,S,S,V179D,S,P,P,P,P
2020/12/21,2020,VF-CQ-2413,1 ,63,3,4,5,4,5,,1100 ,2NRTIs+NNRTIs,11,CRF07_BC,N,S,S,S,S,S,S,S,S,N,S,S,S,S,S,S,S,N,S,S,S,S,S
2020/12/21,2020,VF-CQ-2423,2 ,69,3,4,5,4,5,,5650 ,不详,71,CRF08_BC,N,S,S,S,S,S,S,S,S,"K70E, M184V, K219R",I,S,L,I,H,H,L,"K103N, V108I, P225H",I,H,S,H,S
2020/12/21,2020,VF-CQ-2424,1 ,24,1,4,4,4,5,46,13300 ,2NRTIs+NNRTIs,12,CRF01_AE,N,S,S,S,S,S,S,S,S,K65R,I,S,H,H,I,I,H,"K101E, V106M, V108I, Y181C",H,H,I,H,H
2020/12/28,2020,VF-CQ-2428,1 ,74,1,2,4,1,3,86,549 ,不详,9,CRF01_AE,N,S,S,S,S,S,S,S,S,"K65R, M184I",H,S,I,H,H,H,I,"K103N, V106I, V179E, M230L",H,H,I,H,H
2020/12/28,2020,VF-CQ-2436,1 ,52,3,4,5,4,5,,22500 ,2NRTIs+NNRTIs,22,CRF07_BC,N,S,S,S,S,S,S,S,S,"K65R, L74I, M184V",H,S,I,H,H,H,I,"A98G, G190Q",I,H,I,H,H
2020/12/28,2020,VF-CQ-2437,2 ,31,1,3,4,1,3,9,17500 ,2NRTIs+NNRTIs,32,CRF01_AE,N,S,S,S,S,S,S,S,S,D67G,S,P,P,S,S,S,S,"V106M, G190A",I,H,P,H,L
2020/12/28,2020,VF-CQ-2439,1 ,33,1,3,4,2,4,106,85400 ,2NRTIs+NNRTIs,36,CRF01_AE,N,S,S,S,S,S,S,S,S,N,S,S,S,S,S,S,S,N,S,S,S,S,S
2020/12/28,2020,VF-CQ-2441,1 ,43,1,3,4,3,3,26,1120000 ,2NRTIs+INSTIs,8,CRF07_BC,N,S,S,S,S,S,S,S,S,N,S,S,S,S,S,S,S,N,S,S,S,S,S
2020/12/28,2020,VF-CQ-2442,1 ,47,1,4,2,1,3,4,6749 ,2NRTIs+NNRTIs,24,A,N,S,S,S,S,S,S,S,S,"M184I, K219N",L,S,S,L,H,H,S,N,S,S,S,S,S
2020/12/28,2020,VF-CQ-2443,2 ,63,3,4,5,4,5,276,239000 ,不详,76,CRF01_AE,N,S,S,S,S,S,S,S,S,N,S,S,S,S,S,S,S,N,S,S,S,S,S
2021/01/04,2021,VF-CQ-2448,1 ,39,1,4,4,3,3,59,8000000 ,2NRTIs+NNRTIs,31,CRF07_BC,N,S,S,S,S,S,S,S,S,N,S,S,S,S,S,S,S,N,S,S,S,S,S
2021/01/04,2021,VF-CQ-2450,1 ,33,1,2,4,1,3,30,687000 ,2NRTIs+NNRTIs,8,CRF07_BC,N,S,S,S,S,S,S,S,S,N,S,S,S,S,S,S,S,N,S,S,S,S,S
2021/01/04,2021,VF-CQ-2451,1 ,51,1,1,4,3,3,84,1190000 ,2NRTIs+NNRTIs,12,C,N,S,S,S,S,S,S,S,S,"D67N, K70R, M184V, K219E",H,I,I,I,H,H,L,"K101E, K103N, G190A",L,H,I,H,H
2021/01/04,2021,VF-CQ-2452,1 ,42,1,1,3,3,5,5,7980 ,2NRTIs+NNRTIs,100,B,N,S,S,S,S,S,S,S,S,"D67N, K70R, M184V, T215I, K219E",H,H,H,I,H,H,L,"V108I, Y181C",I,I,I,H,I
2021/01/04,2021,VF-CQ-2454,1 ,39,1,2,5,2,4,16,66200 ,2NRTIs+NNRTIs,6,CRF07_BC,N,S,S,S,S,S,S,S,S,M184I,L,S,S,P,H,H,S,N,S,S,S,S,S
2021/01/04,2021,VF-CQ-2457,1 ,45,1,4,4,4,5,99,19500 ,不详,24,CRF07_BC,N,S,S,S,S,S,S,S,S,"K65R, Y115F, M184V",H,S,I,H,H,H,H,"V106M, V179E, G190A, F227L",H,H,L,H,L
2021/01/04,2021,VF-CQ-2463,1 ,29,3,4,5,4,5,,11600 ,2NRTIs+NNRTIs,36,CRF07_BC,N,S,S,S,S,S,S,S,S,"M41L, K65R, L74LV, M184V",H,S,H,H,H,H,I,"K103N, Y181C",L,H,I,H,I
2021/01/11,2021,VF-CQ-2465,1 ,66,3,4,5,4,5,36,79600 ,2NRTIs+NNRTIs,9,CRF01_AE,N,S,S,S,S,S,S,S,S,N,S,S,S,S,S,S,S,V179D,S,P,P,P,P
2021/01/11,2021,VF-CQ-2467,1 ,51,3,4,5,4,5,,,不详,21.1失败,B,N,S,S,S,S,S,S,S,S,"A62V, K65R, D67N, K219E",H,L,H,H,I,I,H,"K103N, V106I, V179L, Y188C",L,H,L,H,L
2021/01/11,2021,VF-CQ-2482,1 ,50,1,4,4,1,3,54,5180 ,2NRTIs+NNRTIs,6,CRF07_BC,N,S,S,S,S,S,S,S,S,M184I,L,S,S,P,H,H,S,"V106M, V179D",I,H,P,H,P
2021/01/11,2021,VF-CQ-2485,1 ,42,3,4,5,4,5,102,,2NRTIs+PIs,96,A,"M46I, I47V, I54V, I84V，L10F, K43T",H,I,H,H,H,H,H,H,"M41L, D67N, K70R, M184V, T215F, K219E",H,H,H,H,H,H,I,"V106I, V179IT, Y181C, Y188L, G190A",H,H,H,H,H
2021/01/18,2021,VF-CQ-2492,2 ,36,3,4,5,4,5,49,80000 ,2NRTIs+PIs,57,CRF07_BC,N,S,S,S,S,S,S,S,S,M184MV,L,S,S,P,H,H,S,"V179E, Y181C, H221Y",I,I,I,H,H
2021/01/18,2021,VF-CQ-2498,1 ,39,1,2,4,1,5,162,1950 ,2NRTIs+NNRTIs,138,CRF01_AE,N,S,S,S,S,S,S,S,S,N,S,S,S,S,S,S,S,N,S,S,S,S,S
2021/01/18,2021,VF-CQ-2500,1 ,36,1,4,4,3,3,19,212012 ,2NRTIs+NNRTIs,60,CRF01_AE,N,S,S,S,S,S,S,S,S,N,S,S,S,S,S,S,S,N,S,S,S,S,S
2021/01/18,2021,VF-CQ-2503,1 ,33,1,2,4,1,3,13,432000 ,2NRTIs+INSTIs,32,CRF07_BC,N,S,S,S,S,S,S,S,S,N,S,S,S,S,S,S,S,N,S,S,S,S,S
2021/01/18,2021,VF-CQ-2506,1 ,23,3,4,5,4,5,545,19600 ,2NRTIs+NNRTIs,13,CRF07_BC,N,S,S,S,S,S,S,S,S,N,S,S,S,S,S,S,S,N,S,S,S,S,S
2021/01/18,2021,VF-CQ-2511,1 ,30,1,2,4,2,5,30,1907 ,2NRTIs+NNRTIs,33,A,N,S,S,S,S,S,S,S,S,"K70S, Y115F, M184V",H,S,L,L,H,H,I,"V106M, V179D, F227L",H,H,P,H,L
2021/01/18,2021,VF-CQ-2513,1 ,31,1,3,3,2,4,473,16500 ,2NRTIs+NNRTIs,120,CRF07_BC,N,S,S,S,S,S,S,S,S,N,S,S,S,S,S,S,S,"V179VD, F227FL",I,L,P,I,P
2021/01/18,2021,VF-CQ-2517,1 ,47,3,4,5,4,5,,12000 ,不详,24,CRF01_AE,N,S,S,S,S,S,S,S,S,"K65R, D67N, Y115F, K219E",H,P,H,H,I,I,H,"K101E, Y181C, G190S",H,H,H,H,H
2021/01/18,2021,VF-CQ-2521,1 ,51,3,4,5,4,5,527,3120 ,2NRTIs+NNRTIs,12,B,N,S,S,S,S,S,S,S,S,N,S,S,S,S,S,S,S,N,S,S,S,S,S
2021/01/25,2021,VF-CQ-2527,2 ,74,3,4,5,4,5,,26600 ,2NRTIs+NNRTIs,34,CRF07_BC,N,S,S,S,S,S,S,S,S,N,S,S,S,S,S,S,S,N,S,S,S,S,S
2021/01/25,2021,VF-CQ-2531,1 ,49,1,4,4,1,3,167,13600 ,2NRTIs+NNRTIs,34,CRF07_BC,N,S,S,S,S,S,S,S,S,N,S,S,S,S,S,S,S,N,S,S,S,S,S
2021/01/25,2021,VF-CQ-2536,1 ,28,3,4,5,4,5,51,244000 ,2NRTIs+NNRTIs,多年20年4月发现病毒性失败,A,N,S,S,S,S,S,S,S,S,"K65R, M184I",H,S,I,H,H,H,I,"K103N, M230L, L234LI",H,H,I,H,H
2021/02/01,2021,VF-CQ-2551,1 ,57,3,4,5,4,5,10,120000 ,2NRTIs+NNRTIs,17,CRF01_AE,N,S,S,S,S,S,S,S,S,"K65R, M184I, K219Q",H,S,H,H,H,H,I,"K103N, P225H, M230L",H,H,I,H,H
2021/02/01,2021,VF-CQ-2553,1 ,48,1,4,5,4,5,183,298000 ,2NRTIs+NNRTIs,34,低于检测限,低于检测限,低于检测限,低于检测限,低于检测限,低于检测限,低于检测限,低于检测限,低于检测限,低于检测限,低于检测限,低于检测限,低于检测限,低于检测限,低于检测限,低于检测限,低于检测限,低于检测限,低于检测限,低于检测限,低于检测限,低于检测限,低于检测限,低于检测限
2021/02/01,2021,VF-CQ-2556,1 ,64,1,1,2,1,3,404,20200 ,2NRTIs+PIs,7,CRF08_BC,N,S,S,S,S,S,S,S,S,N,S,S,S,S,S,S,S,N,S,S,S,S,S
2021/02/08,2021,VF-CQ-2571,1 ,46,3,4,5,4,5,21,3390 ,不详,6,CRF07_BC,N,S,S,S,S,S,S,S,S,M184V,L,S,S,P,H,H,S,"V106M, V179D, F227FL",H,H,P,H,P
2021/02/08,2021,VF-CQ-2575,1 ,50,2,1,4,3,4,245,924000 ,2NRTIs+NNRTIs,8,B,N,S,S,S,S,S,S,S,S,"A62V, K65R, M184V",H,S,I,H,H,H,I,"V179T, G190V",P,H,P,H,P
2021/02/08,2021,VF-CQ-2577,2 ,26,2,1,4,1,3,22,919000 ,2NRTIs+NNRTIs,48,CRF01_AE,N,S,S,S,S,S,S,S,S,N,S,S,S,S,S,S,S,N,S,S,S,S,S
2021/02/15,2021,VF-CQ-2579,1 ,56,1,1,3,3,5,18,667000 ,2NRTIs+NNRTIs,10,A,N,S,S,S,S,S,S,S,S,K65R,I,S,H,H,I,I,H,"V179T, Y181C, G190S",H,H,H,H,H
2021/02/22,2021,VF-CQ-2592,1 ,58,1,2,5,1,3,16,99500 ,2NRTIs+NNRTIs,11,CRF01_AE,N,S,S,S,S,S,S,S,S,N,S,S,S,S,S,S,S,N,S,S,S,S,S
2021/02/22,2021,VF-CQ-2595,2 ,29,1,4,5,4,5,238,23500 ,2NRTIs+NNRTIs,26,CRF01_AE,N,S,S,S,S,S,S,S,S,N,S,S,S,S,S,S,S,N,S,S,S,S,S
2021/02/22,2021,VF-CQ-2596,1 ,64,1,1,2,3,3,198,273000000 ,2NRTIs+NNRTIs,9,CRF07_BC,N,S,S,S,S,S,S,S,S,N,S,S,S,S,S,S,S,N,S,S,S,S,S
2021/02/22,2021,VF-CQ-2602,1 ,46,3,4,5,4,5,21,254000 ,2NRTIs+NNRTIs,23,CRF07_BC,N,S,S,S,S,S,S,S,S,N,S,S,S,S,S,S,S,N,S,S,S,S,S
2021/02/22,2021,VF-CQ-2605,1 ,67,3,4,5,4,5,,3100 ,2NRTIs+NNRTIs,24,CRF07_BC,N,S,S,S,S,S,S,S,S,N,S,S,S,S,S,S,S,K103N,S,H,S,I,S
2021/02/22,2021,VF-CQ-2606,2 ,61,3,4,5,4,5,349,63100 ,2NRTIs+NNRTIs,84,CRF07_BC,N,S,S,S,S,S,S,S,S,"D67N, K70R, M184V, K219KQ",H,I,I,I,H,H,L,"K101H, G190A",S,I,L,H,L
2021/03/01,2021,VF-CQ-2610,1 ,67,3,4,5,4,5,158,3650 ,不详,72,CRF07_BC,N,S,S,S,S,S,S,S,S,N,S,S,S,S,S,S,S,"V179E, G190A",S,I,L,H,L
2021/03/01,2021,VF-CQ-2615,1 ,45,1,1,3,1,3,22,400000 ,2NRTIs+NNRTIs,12,CRF07_BC,N,S,S,S,S,S,S,S,S,"K65R, M184V",H,S,I,H,H,H,I,"K101E, G190C",L,H,L,H,I
2021/03/01,2021,VF-CQ-2620,1 ,52,1,4,2,1,3,40,330000 ,2NRTIs+NNRTIs,13,CRF08_BC,N,S,S,S,S,S,S,S,S,N,S,S,S,S,S,S,S,V179D,S,P,P,P,P
2021/03/01,2021,VF-CQ-2621,1 ,43,1,1,4,3,3,79,629000 ,2NRTIs+NNRTIs,61,CRF07_BC,N,S,S,S,S,S,S,S,S,"D67N, K70E, L74I, Y115F, M184V",H,S,I,H,H,H,I,"K103N, V106M",I,H,S,H,S
2021/03/01,2021,VF-CQ-2623,1 ,78,3,4,5,4,5,,4400 ,不详,36,CRF07_BC,N,S,S,S,S,S,S,S,S,N,S,S,S,S,S,S,S,N,S,S,S,S,S
2021/03/01,2021,VF-CQ-2630,1 ,18,1,2,1,2,4,277,31200 ,2NRTIs+PIs,10,CRF07_BC,N,S,S,S,S,S,S,S,S,N,S,S,S,S,S,S,S,N,S,S,S,S,S
2021/03/01,2021,VF-CQ-2632,1 ,51,1,4,2,3,5,113,2377793 ,2NRTIs+NNRTIs,21,CRF01_AE,N,S,S,S,S,S,S,S,S,"M41L, K65R, M184V",H,S,H,H,H,H,I,"L100I, K103N, V106I, V179IT",I,H,I,H,H
2021/03/01,2021,VF-CQ-2634,2 ,72,1,1,4,3,5,17,2800000 ,2NRTIs+NNRTIs,37,B,N,S,S,S,S,S,S,S,S,N,S,S,S,S,S,S,S,V106I,P,S,P,P,P
2021/03/01,2021,VF-CQ-2636,1 ,56,1,2,3,1,3,400,31400 ,2NRTIs+NNRTIs,48,C,N,S,S,S,S,S,S,S,S,N,S,S,S,S,S,S,S,N,S,S,S,S,S
2021/03/08,2021,VF-CQ-2643,1 ,41,1,2,3,3,4,100,2800 ,不详,36,低于检测限,低于检测限,低于检测限,低于检测限,低于检测限,低于检测限,低于检测限,低于检测限,低于检测限,低于检测限,低于检测限,低于检测限,低于检测限,低于检测限,低于检测限,低于检测限,低于检测限,低于检测限,低于检测限,低于检测限,低于检测限,低于检测限,低于检测限,低于检测限
2021/03/08,2021,VF-CQ-2648,1 ,50,1,1,4,4,5,57,277000 ,2NRTIs+NNRTIs,11,CRF01_AE,N,S,S,S,S,S,S,S,S,N,S,S,S,S,S,S,S,N,S,S,S,S,S
2021/03/08,2021,VF-CQ-2651,2 ,26,1,1,4,2,3,16,1350000 ,2NRTIs+NNRTIs,61,CRF55_01B,N,S,S,S,S,S,S,S,S,N,S,S,S,S,S,S,S,V179E,S,P,P,P,P
2021/03/15,2021,VF-CQ-2659,1 ,68,3,4,5,4,5,,4860 ,2NRTIs+NNRTIs,56,CRF07_BC,N,S,S,S,S,S,S,S,S,"D67N, K70E, Y115F, M184V",H,S,I,I,H,H,I,"V106M, V179D, F227L",H,H,P,H,L
2021/03/15,2021,VF-CQ-2660,1 ,71,1,1,5,1,5,18,3100000 ,2NRTIs+NNRTIs,72,CRF07_BC,N,S,S,S,S,S,S,S,S,N,S,S,S,S,S,S,S,V179D,S,P,P,P,P
2021/03/15,2021,VF-CQ-2671,1 ,47,1,2,2,1,4,7,164000 ,2NRTIs+NNRTIs,60,C,N,S,S,S,S,S,S,S,S,M184V,L,S,S,P,H,H,S,"A98G, Y181C, G190A",I,H,H,H,H
2021/03/15,2021,VF-CQ-2672,1 ,62,3,4,5,4,5,103,43300 ,不详,60,CRF07_BC,K43T,S,S,S,S,S,P,S,P,"M41L, K65R, L74I, Y115F, M184V",H,S,H,H,H,H,H,"K103N, V106M",I,H,S,H,S
2021/03/22,2021,VF-CQ-2680,1 ,29,1,4,4,2,5,24,481 ,2NRTIs+NNRTIs,57,B,N,S,S,S,S,S,S,S,S,N,S,S,S,S,S,S,S,"E138EG, V179E",S,L,L,L,L
2021/03/22,2021,VF-CQ-2690,1 ,54,1,1,4,1,3,204,18339 ,2NRTIs+NNRTIs,49,CRF08_BC,N,S,S,S,S,S,S,S,S,N,S,S,S,S,S,S,S,N,S,S,S,S,S
2021/03/22,2021,VF-CQ-2691,1 ,32,3,4,5,4,5,84,322000 ,2NRTIs+NNRTIs,6,A,N,S,S,S,S,S,S,S,S,"D67N, K70E, Y115F, M184V",H,S,I,I,H,H,I,"V106M, V179D, G190A",I,H,L,H,L
2021/03/22,2021,VF-CQ-2692,1 ,45,1,3,3,3,3,48,606000 ,不详,72,CRF07_BC,Q58E,S,S,S,S,S,P,S,L,N,S,S,S,S,S,S,S,K103N,S,H,S,H,S
2021/03/22,2021,VF-CQ-2697,1 ,31,1,4,4,4,5,,79300 ,2NRTIs+NNRTIs,51,A,N,S,S,S,S,S,S,S,S,"K70EQ, Y115F, M184V",H,S,L,L,H,H,I,"V106M, V179D, G190A",I,H,L,H,L
2021/03/22,2021,VF-CQ-2700,1 ,45,1,1,4,3,3,198,36600 ,2NRTIs+NNRTIs,110,CRF07_BC,N,S,S,S,S,S,S,S,S,M184I,L,S,S,P,H,H,S,"K103N, V106M, F227FL",H,H,S,H,S
2021/03/22,2021,VF-CQ-2709,1 ,80,1,1,4,3,3,401,1870 ,2NRTIs+PIs,65,CRF07_BC,N,S,S,S,S,S,S,S,S,N,S,S,S,S,S,S,S,N,S,S,S,S,S
2021/03/22,2021,VF-CQ-2710,1 ,65,3,4,5,4,5,83,220000 ,2NRTIs+NNRTIs,35,CRF07_BC,K43T,S,S,S,S,S,P,S,P,"A62V, K65R, M184V",H,S,I,H,H,H,I,"V106M, V179D, F227FL",H,H,P,H,P
2021/03/22,2021,VF-CQ-2712,1 ,52,3,4,5,4,5,,1320000 ,不详,21年3月失败,CRF08_BC,N,S,S,S,S,S,S,S,S,M184V,L,S,S,P,H,H,S,E138A,S,S,P,S,L
2021/03/22,2021,VF-CQ-2713,1 ,61,3,4,5,4,5,,6620 ,2NRTIs+NNRTIs,22,低于检出限,低于检出限,低于检出限,低于检出限,低于检出限,低于检出限,低于检出限,低于检出限,低于检出限,低于检出限,低于检出限,低于检出限,低于检出限,低于检出限,低于检出限,低于检出限,低于检出限,低于检出限,低于检出限,低于检出限,低于检出限,低于检出限,低于检出限,低于检出限
2021/03/22,2021,VF-CQ-2715,1 ,74,1,4,4,1,5,6,1820000 ,2NRTIs+NNRTIs,72,CRF08_BC,N,S,S,S,S,S,S,S,S,N,S,S,S,S,S,S,S,E138A,S,S,P,S,L
2021/03/29,2021,VF-CQ-2719,1 ,45,1,3,3,3,3,48,606000 ,不详,72,CRF07_BC,Q58E,S,S,S,S,S,P,S,L,N,S,S,S,S,S,S,S,K103N,S,H,S,H,S
2021/03/29,2021,VF-CQ-2724,1 ,35,1,2,4,1,3,163,40 ,2NRTIs+NNRTIs,25,CRF01_AE,N,S,S,S,S,S,S,S,S,N,S,S,S,S,S,S,S,N,S,S,S,S,S
2021/03/29,2021,VF-CQ-2732,2 ,53,3,4,5,4,5,,19700 ,2NRTIs+NNRTIs,12,CRF07_BC,K43T,S,S,S,S,S,P,S,P,N,S,S,S,S,S,S,S,V179AD,S,P,P,P,P
2021/03/29,2021,VF-CQ-2734,2 ,56,3,4,5,4,5,138,65800 ,不详,121,CRF07_BC,N,S,S,S,S,S,S,S,S,N,S,S,S,S,S,S,S,N,S,S,S,S,S
2021/03/29,2021,VF-CQ-2739,1 ,26,1,4,3,4,5,70,1520000 ,2NRTIs+NNRTIs,85,CRF07_BC,N,S,S,S,S,S,S,S,S,N,S,S,S,S,S,S,S,N,S,S,S,S,S
2021/03/29,2021,VF-CQ-2742,2 ,48,3,4,5,4,5,122,129000 ,2NRTIs+NNRTIs,24,CRF07_BC,N,S,S,S,S,S,S,S,S,N,S,S,S,S,S,S,S,N,S,S,S,S,S
2021/03/29,2021,VF-CQ-2745,2 ,68,1,1,4,1,5,53,2540000 ,2NRTIs+NNRTIs,24,CRF01_AE,N,S,S,S,S,S,S,S,S,"K65R, V75M, M184V",H,S,H,H,H,H,I,"L100I, K103N, P225H",H,H,I,H,H
2021/03/29,2021,VF-CQ-2751,1 ,57,1,2,4,1,3,53,2330000 ,2NRTIs+NNRTIs,120,CRF07_BC,N,S,S,S,S,S,S,S,S,N,S,S,S,S,S,S,S,N,S,S,S,S,S
2021/03/29,2021,VF-CQ-2752,1 ,55,1,4,2,1,3,140,1200000 ,2NRTIs+NNRTIs,56,CRF08_BC,N,S,S,S,S,S,S,S,S,M184V,L,S,S,P,H,H,S,"V106VI, Y188L",H,H,L,H,H
2021/04/05,2021,VF-CQ-2759,1 ,35,3,4,5,4,5,,3010 ,2NRTIs+NNRTIs,84,CRF07_BC,N,S,S,S,S,S,S,S,S,N,S,S,S,S,S,S,S,N,S,S,S,S,S
2021/04/05,2021,VF-CQ-2762,1 ,77,3,4,5,4,5,,14200 ,2NRTIs+NNRTIs,96,CRF07_BC,N,S,S,S,S,S,S,S,S,M184I,L,S,S,P,H,H,S,Y181C,P,I,I,H,I
2021/04/05,2021,VF-CQ-2764,2 ,53,1,1,4,1,5,66,687000 ,2NRTIs+NNRTIs,8,CRF07_BC,N,S,S,S,S,S,S,S,S,N,S,S,S,S,S,S,S,N,S,S,S,S,S
2021/04/05,2021,VF-CQ-2765,1 ,52,3,4,5,4,5,,1940000 ,不详,24,CRF07_BC,K43T,S,S,S,S,S,P,S,P,"M41L, E44ED, D67N, K70E, M184V, T215Y",H,H,H,H,H,H,I,Y188L,H,H,P,H,H
2021/04/05,2021,VF-CQ-2768,1 ,70,1,4,4,1,3,30,56000 ,2NRTIs+NNRTIs,35,CRF07_BC,N,S,S,S,S,S,S,S,S,"M41ML, A62V, K65R, K70T, M184V",H,S,H,H,H,H,H,"V106M, V179D, F227L",H,H,P,H,L
2021/04/05,2021,VF-CQ-2769,2 ,64,3,4,5,4,5,,13600 ,2NRTIs+NNRTIs,36,CRF07_BC,N,S,S,S,S,S,S,S,S,"K65R, M184V",H,S,I,H,H,H,I,K103N,S,H,S,H,S
2021/04/05,2021,VF-CQ-2770,2 ,36,3,4,5,4,5,21,2580 ,2NRTIs+NNRTIs,81,CRF07_BC,N,S,S,S,S,S,S,S,S,"K65R, M184V",H,S,I,H,H,H,I,Y188L,H,H,P,H,H
2021/04/05,2021,VF-CQ-2772,2 ,40,1,2,4,1,2,124,1410 ,不详,29,CRF07_BC,N,S,S,S,S,S,S,S,S,N,S,S,S,S,S,S,S,N,S,S,S,S,S
2021/04/05,2021,VF-CQ-2773,2 ,57,3,4,5,4,5,424,17300 ,2NRTIs+NNRTIs,119,C,N,S,S,S,S,S,S,S,S,M184V,L,S,S,P,H,H,S,K103N,S,H,S,H,S
2021/04/05,2021,VF-CQ-2775,1 ,48,3,4,5,4,5,,50800 ,2NRTIs+NNRTIs,7,CRF55_01B,N,S,S,S,S,S,S,S,S,"K65R, T69Deletion",H,S,H,H,I,I,H,"V179E, Y181C, G190S",H,H,H,H,H
2021/04/05,2021,VF-CQ-2776,1 ,29,1,4,4,2,5,77,6060 ,不详,49,CRF07_BC,N,S,S,S,S,S,S,S,S,N,S,S,S,S,S,S,S,N,S,S,S,S,S
2021/04/05,2021,VF-CQ-2778,1 ,60,1,4,4,3,3,12,864000 ,2NRTIs+NNRTIs,17,C,Q58E,S,S,S,S,S,P,S,L,N,S,S,S,S,S,S,S,N,S,S,S,S,S
2021/04/12,2021,VF-CQ-2785,1 ,77,1,1,4,1,3,84,3680000 ,不详,20,CRF07_BC,N,S,S,S,S,S,S,S,S,N,S,S,S,S,S,S,S,N,S,S,S,S,S
2021/04/12,2021,VF-CQ-2786,1 ,62,1,4,5,4,5,202,125000 ,2NRTIs+NNRTIs,122,CRF07_BC,N,S,S,S,S,S,S,S,S,N,S,S,S,S,S,S,S,N,S,S,S,S,S
2021/04/12,2021,VF-CQ-2788,2 ,67,1,4,4,1,3,55,636000 ,2NRTIs+NNRTIs,72,CRF07_BC,N,S,S,S,S,S,S,S,S,N,S,S,S,S,S,S,S,N,S,S,S,S,S
2021/04/12,2021,VF-CQ-2789,1 ,57,3,4,5,4,5,,,不详,36,CRF07_BC,N,S,S,S,S,S,S,S,S,"A62V, K65R, K70T, L74LI, M184V",H,S,H,H,H,H,H,"V106M, V179E, F227L",H,H,P,H,P
2021/04/12,2021,VF-CQ-2795,1 ,63,3,4,5,4,5,301,20000 ,2NRTIs+NNRTIs,9,低于检测限,低于检测限,低于检测限,低于检测限,低于检测限,低于检测限,低于检测限,低于检测限,低于检测限,低于检测限,低于检测限,低于检测限,低于检测限,低于检测限,低于检测限,低于检测限,低于检测限,低于检测限,低于检测限,低于检测限,低于检测限,低于检测限,低于检测限,低于检测限
2021/04/12,2021,VF-CQ-2796,1 ,48,1,1,3,1,5,16,245000 ,2NRTIs+NNRTIs,204,CRF07_BC,N,S,S,S,S,S,S,S,S,"K65R, M184V, K219E",H,S,H,H,H,H,I,"K101E, Y181C, G190A",I,H,H,H,H
2021/04/12,2021,VF-CQ-2800,1 ,36,3,4,5,4,5,"3,97",2590 ,不详,119,CRF07_BC,N,S,S,S,S,S,S,S,S,M184V,L,S,S,P,H,H,S,"K103N, E138EQ",S,H,P,H,L
2021/04/19,2021,VF-CQ-2801,1 ,71,3,4,5,4,5,61,51000 ,2NRTIs+NNRTIs,25,CRF07_BC,N,S,S,S,S,S,S,S,S,N,S,S,S,S,S,S,S,K103N,S,H,S,H,S
2021/04/19,2021,VF-CQ-2802,1 ,26,1,4,3,4,5,359,46900 ,2NRTIs+NNRTIs,48,CRF07_BC,N,S,S,S,S,S,S,S,S,N,S,S,S,S,S,S,S,N,S,S,S,S,S
2021/04/19,2021,VF-CQ-2803,2 ,51,1,4,2,4,5,17,660000 ,2NRTIs+PIs,6,低于检测限,低于检测限,低于检测限,低于检测限,低于检测限,低于检测限,低于检测限,低于检测限,低于检测限,低于检测限,低于检测限,低于检测限,低于检测限,低于检测限,低于检测限,低于检测限,低于检测限,低于检测限,低于检测限,低于检测限,低于检测限,低于检测限,低于检测限,低于检测限
2021/04/19,2021,VF-CQ-2811,1 ,29,1,4,4,2,5,32,502000 ,2NRTIs+NNRTIs,12,C,N,S,S,S,S,S,S,S,S,N,S,S,S,S,S,S,S,N,S,S,S,S,S
2021/04/19,2021,VF-CQ-2814,1 ,63,1,1,2,3,3,26,1040000 ,2NRTIs+NNRTIs,54,CRF07_BC,N,S,S,S,S,S,S,S,S,N,S,S,S,S,S,S,S,K103N,S,H,S,H,S
2021/04/19,2021,VF-CQ-2815,1 ,50,1,4,3,3,5,65,6230 ,2NRTIs+NNRTIs,108,CRF07_BC,N,S,S,S,S,S,S,S,S,"M41ML, M184V, T215Y",I,I,I,I,H,H,L,"K101P, K103NS",P,H,H,H,H
2021/04/19,2021,VF-CQ-2817,2 ,59,1,4,4,3,5,256,277000 ,2NRTIs+NNRTIs,6,CRF07_BC,N,S,S,S,S,S,S,S,S,N,S,S,S,S,S,S,S,V179D,S,P,P,P,P
2021/04/19,2021,VF-CQ-2818,1 ,41,1,2,2,1,3,59,48500 ,2NRTIs+NNRTIs,12,CRF07_BC,N,S,S,S,S,S,S,S,S,"K65R, M184V",H,S,I,H,H,H,I,"V106M, V179E, F227L",H,H,P,H,P
2021/04/19,2021,VF-CQ-2822,1 ,39,1,1,4,2,3,166,7230 ,2NRTIs+NNRTIs,19,CRF07_BC,"M46MI, I54IV, V82VF, I84V",H,I,H,H,H,H,H,I,M184I,L,S,S,P,H,H,S,N,S,S,S,S,S
2021/04/19,2021,VF-CQ-2826,1 ,65,1,1,2,1,4,141,258000 ,2NRTIs+NNRTIs,34,CRF08_BC,N,S,S,S,S,S,S,S,S,N,S,S,S,S,S,S,S,V179D,S,P,P,P,P
2021/04/19,2021,VF-CQ-2828,2 ,58,1,4,4,1,5,73,706 ,2NRTIs+NNRTIs,60,CRF08_BC,N,S,S,S,S,S,S,S,S,N,S,S,S,S,S,S,S,N,S,S,S,S,S
2021/04/19,2021,VF-CQ-2829,1 ,67,3,4,5,4,5,118,23600 ,2NRTIs+NNRTIs,70,低于检测下限,低于检测下限,低于检测下限,低于检测下限,低于检测下限,低于检测下限,低于检测下限,低于检测下限,低于检测下限,低于检测下限,低于检测下限,低于检测下限,低于检测下限,低于检测下限,低于检测下限,低于检测下限,低于检测下限,低于检测下限,低于检测下限,低于检测下限,低于检测下限,低于检测下限,低于检测下限,低于检测下限
2021/04/19,2021,VF-CQ-2830,2 ,53,1,1,4,1,5,130,232000 ,2NRTIs+NNRTIs,132,CRF07_BC,N,S,S,S,S,S,S,S,S,N,S,S,S,S,S,S,S,Y181C,P,I,I,H,I
2021/04/19,2021,VF-CQ-2831,1 ,29,1,2,4,1,5,44,1720000 ,2NRTIs+NNRTIs,10,CRF07_BC,N,S,S,S,S,S,S,S,S,"K65R, M184V",H,S,I,H,H,H,I,N,S,S,S,S,S
2021/04/19,2021,VF-CQ-2834,1 ,28,1,3,3,2,4,113,3170 ,2NRTIs+NNRTIs,36,CRF07_BC,N,S,S,S,S,S,S,S,S,M184V,L,S,S,P,H,H,S,"K101KAET, K103N, P225H",I,H,L,H,I
2021/04/26,2021,VF-CQ-2837,1 ,26,1,4,4,2,4,100,21800 ,2NRTIs+NNRTIs,6,CRF01_AE,N,S,S,S,S,S,S,S,S,N,S,S,S,S,S,S,S,"K103N, G190GE",H,H,I,H,H
2021/04/26,2021,VF-CQ-2839,1 ,54,3,4,5,4,5,48,15000 ,不详,40,C,N,S,S,S,S,S,S,S,S,"K65R, Y115F, M184V, K219E",H,S,H,H,H,H,H,"V106M, V108I, V179D, M230L",H,H,I,H,H
2021/04/26,2021,VF-CQ-2843,2 ,37,2,1,4,1,5,153,949 ,2NRTIs+NNRTIs,85,B,N,S,S,S,S,S,S,S,S,N,S,S,S,S,S,S,S,"K103N, V106I",P,H,P,H,P
2021/04/26,2021,VF-CQ-2847,1 ,26,1,4,3,1,3,21,1480000 ,2NRTIs+NNRTIs,13,CRF07_BC,N,S,S,S,S,S,S,S,S,M184V,L,S,S,P,H,H,S,"E138A, G190E",H,H,I,H,H
2021/04/26,2021,VF-CQ-2863,1 ,36,1,2,4,1,5,32,1420000 ,2NRTIs+NNRTIs,12,CRF07_BC,N,S,S,S,S,S,S,S,S,"D67N, K70E, M184V",I,S,I,I,H,H,L,"K103S, V106M",I,H,S,H,S
2021/05/03,2021,VF-CQ-2874,1 ,67,1,4,2,1,5,41,659000 ,2NRTIs+NNRTIs,36,CRF01_AE,N,S,S,S,S,S,S,S,S,N,S,S,S,S,S,S,S,N,S,S,S,S,S
2021/05/03,2021,VF-CQ-2875,1 ,52,3,4,5,4,5,122,15200 ,2NRTIs+NNRTIs,88,C,N,S,S,S,S,S,S,S,S,"K65R, M184I, K219E",H,S,H,H,H,H,I,"L100I, K103N, M230L",H,H,H,H,H
2021/05/03,2021,VF-CQ-2879,2 ,30,1,4,4,1,5,29,145094 ,2NRTIs+PIs,72,CRF07_BC,N,S,S,S,S,S,S,S,S,N,S,S,S,S,S,S,S,V179D,S,P,P,P,P
2021/05/03,2021,VF-CQ-2885,1 ,35,1,1,4,2,3,170,16200 ,2NRTIs+NNRTIs,60,CRF07_BC,N,S,S,S,S,S,S,S,S,"K70T, Y115F, M184V, T215TI",H,P,I,I,H,H,I,"V106M, V179D, F227L",H,H,P,H,L
2021/05/10,2021,VF-CQ-2891,1 ,35,1,4,5,4,5,327,114000 ,2NRTIs+NNRTIs,36,CRF07_BC,Q58QE,S,S,S,S,S,P,S,S,N,S,S,S,S,S,S,S,N,S,S,S,S,S
2021/05/10,2021,VF-CQ-2894,1 ,27,1,3,4,2,4,26,3360000 ,2NRTIs+NNRTIs,36,CRF07_BC,N,S,S,S,S,S,S,S,S,N,S,S,S,S,S,S,S,K103N,S,H,S,H,S
2021/05/10,2021,VF-CQ-2897,1 ,47,3,4,5,4,5,124,6240 ,2NRTIs+NNRTIs,8,CRF07_BC,N,S,S,S,S,S,S,S,S,"K65R, L74I, M184V",H,S,I,H,H,H,I,"K101E, K103N, P225H",I,H,L,H,I
2021/05/10,2021,VF-CQ-2899,1 ,55,1,4,3,1,5,24,4370000 ,不详,36,CRF07_BC,N,S,S,S,S,S,S,S,S,N,S,S,S,S,S,S,S,N,S,S,S,S,S
2021/05/10,2021,VF-CQ-2902,1 ,67,3,4,5,4,5,,6540 ,不详,72,低于检测限,低于检测限,低于检测限,低于检测限,低于检测限,低于检测限,低于检测限,低于检测限,低于检测限,低于检测限,低于检测限,低于检测限,低于检测限,低于检测限,低于检测限,低于检测限,低于检测限,低于检测限,低于检测限,低于检测限,低于检测限,低于检测限,低于检测限,低于检测限
2021/05/10,2021,VF-CQ-2903,2 ,53,1,1,4,1,5,119,125000 ,2NRTIs+NNRTIs,6,CRF01_AE,N,S,S,S,S,S,S,S,S,"K70KDEN, M184V",I,S,L,L,H,H,L,"K101E, V106I, Y188L",H,H,I,H,H
2021/05/10,2021,VF-CQ-2913,2 ,64,1,1,4,3,5,49,927000 ,不详,36,CRF08_BC,N,S,S,S,S,S,S,S,S,"K65R, M184I",H,S,I,H,H,H,I,"K103N, E138A, M230L",H,H,I,H,H
2021/05/10,2021,VF-CQ-2914,1 ,49,1,1,4,1,5,9,72700 ,2NRTIs+NNRTIs,48,CRF01_AE,N,S,S,S,S,S,S,S,S,"K65R, Y115YF, M184V",H,S,I,H,H,H,H,"K101EQ, K103N, Y181YC, G190A",H,H,H,H,H
2021/05/10,2021,VF-CQ-2915,1 ,52,1,2,4,3,3,33,728000 ,2NRTIs+INSTIs,16,CRF07_BC,N,S,S,S,S,S,S,S,S,"L74V, M184V",H,S,S,H,H,H,S,N,S,S,S,S,S
2021/05/17,2021,VF-CQ-2919,1 ,76,1,1,2,1,5,12,3480000 ,不详,33,CRF01_AE,N,S,S,S,S,S,S,S,S,N,S,S,S,S,S,S,S,N,S,S,S,S,S
2021/05/17,2021,VF-CQ-2923,2 ,51,3,4,5,4,5,,2500 ,2NRTIs+NNRTIs,96,CRF01_AE,N,S,S,S,S,S,S,S,S,"K65KR, M184MIV",H,S,I,H,H,H,I,"K101E, Y181C, G190A",I,H,H,H,H
2021/05/17,2021,VF-CQ-2924,1 ,45,3,4,5,4,5,,219000 ,不详,82,低于检测限,低于检测限,低于检测限,低于检测限,低于检测限,低于检测限,低于检测限,低于检测限,低于检测限,低于检测限,低于检测限,低于检测限,低于检测限,低于检测限,低于检测限,低于检测限,低于检测限,低于检测限,低于检测限,低于检测限,低于检测限,低于检测限,低于检测限,低于检测限
2021/05/17,2021,VF-CQ-2926,2 ,66,1,4,4,3,3,246,118421 ,2NRTIs+NNRTIs,27,C,N,S,S,S,S,S,S,S,S,N,S,S,S,S,S,S,S,N,S,S,S,S,S
2021/05/17,2021,VF-CQ-2930,2 ,21,3,4,5,4,5,268,8600 ,不详,45,低于检测限,低于检测限,低于检测限,低于检测限,低于检测限,低于检测限,低于检测限,低于检测限,低于检测限,低于检测限,低于检测限,低于检测限,低于检测限,低于检测限,低于检测限,低于检测限,低于检测限,低于检测限,低于检测限,低于检测限,低于检测限,低于检测限,低于检测限,低于检测限
2021/05/17,2021,VF-CQ-2931,1 ,57,3,4,5,4,5,227,20600 ,2NRTIs+NNRTIs,34,C,N,S,S,S,S,S,S,S,S,"K65R, M184V",H,S,I,H,H,H,I,"L100I, K103N",I,H,I,H,H
2021/05/17,2021,VF-CQ-2935,2 ,62,3,4,5,4,5,,,2NRTIs+NNRTIs,11,低于检测限,低于检测限,低于检测限,低于检测限,低于检测限,低于检测限,低于检测限,低于检测限,低于检测限,低于检测限,低于检测限,低于检测限,低于检测限,低于检测限,低于检测限,低于检测限,低于检测限,低于检测限,低于检测限,低于检测限,低于检测限,低于检测限,低于检测限,低于检测限
2021/05/17,2021,VF-CQ-2941,1 ,23,3,4,5,4,5,104,487000 ,2NRTIs+NNRTIs,19,CRF07_BC,N,S,S,S,S,S,S,S,S,"D67N, K70E, M184V",I,S,I,I,H,H,L,"V106M, V179D, F227FL",H,H,P,H,L
2021/05/17,2021,VF-CQ-2945,1 ,35,1,2,4,2,5,70,933 ,2NRTIs+NNRTIs,72,CRF07_BC,N,S,S,S,S,S,S,S,S,N,S,S,S,S,S,S,S,K103N,S,H,S,H,S
2021/05/17,2021,VF-CQ-2946,1 ,55,3,4,5,4,5,,,2NRTIs+NNRTIs,21.5失败,CRF07_BC,N,S,S,S,S,S,S,S,S,"K65R, K70KT, M184V, K219KE",H,S,H,H,H,H,H,"L100I, Y188L",H,H,I,H,H
2021/05/17,2021,VF-CQ-2947,1 ,30,1,4,5,4,4,339,564000 ,2NRTIs+NNRTIs,6,CRF55_01B,N,S,S,S,S,S,S,S,S,M184I,L,S,S,P,H,H,S,"K103N, V179E, Y181C",L,H,I,H,I
2021/05/17,2021,VF-CQ-2948,1 ,38,2,3,4,1,3,28,10800 ,2NRTIs+NNRTIs,13,CRF01_AE,N,S,S,S,S,S,S,S,S,N,S,S,S,S,S,S,S,N,S,S,S,S,S
2021/05/24,2021,VF-CQ-2950,1 ,68,3,4,5,4,5,53,194000 ,2NRTIs+NNRTIs,17,低于检出限,低于检出限,低于检出限,低于检出限,低于检出限,低于检出限,低于检出限,低于检出限,低于检出限,低于检出限,低于检出限,低于检出限,低于检出限,低于检出限,低于检出限,低于检出限,低于检出限,低于检出限,低于检出限,低于检出限,低于检出限,低于检出限,低于检出限,低于检出限
2021/05/24,2021,VF-CQ-2951,2 ,53,1,1,2,1,3,23,289000 ,2NRTIs+NNRTIs,24,CRF07_BC,N,S,S,S,S,S,S,S,S,"D67N, K70KQ",L,L,I,L,P,P,L,"K103N, V106M",I,H,S,H,S
2021/05/24,2021,VF-CQ-2966,2 ,70,1,1,4,1,3,234,63800 ,2NRTIs+NNRTIs,73,CRF08_BC,N,S,S,S,S,S,S,S,S,N,S,S,S,S,S,S,S,E138A,S,S,P,S,L
2021/05/24,2021,VF-CQ-2968,1 ,42,3,4,5,4,5,276,11500 ,不详,120,CRF07_BC,N,S,S,S,S,S,S,S,S,"A62V, K65R, M184V",H,S,I,H,H,H,I,"K103N, P225H",I,H,S,H,S
2021/05/24,2021,VF-CQ-2974,1 ,55,3,4,5,4,5,22,377000 ,2NRTIs+NNRTIs,12,CRF01_AE,N,S,S,S,S,S,S,S,S,"A62V, K65R, D67N, M184V, K219E",H,S,H,H,H,H,H,"K103N, V106M, V179T",I,H,S,H,S
2021/05/24,2021,VF-CQ-2976,2 ,34,1,4,4,1,3,97,32400 ,2NRTIs+NNRTIs,13,CRF07_BC,N,S,S,S,S,S,S,S,S,N,S,S,S,S,S,S,S,"K103N, P225PH",I,H,S,H,S
2021/05/24,2021,VF-CQ-2977,1 ,38,2,3,4,1,3,28,10800 ,2NRTIs+NNRTIs,13,CRF01_AE,N,S,S,S,S,S,S,S,S,N,S,S,S,S,S,S,S,N,S,S,S,S,S
2021/05/24,2021,VF-CQ-2980,1 ,56,1,2,3,1,5,28,1510000 ,2NRTIs+INSTIs,15,CRF07_BC,N,S,S,S,S,S,S,S,S,N,S,S,S,S,S,S,S,N,S,S,S,S,S
2021/05/24,2021,VF-CQ-2983,1 ,28,1,2,5,2,4,202,557958 ,2NRTIs+NNRTIs,84,CRF07_BC,N,S,S,S,S,S,S,S,S,N,S,S,S,S,S,S,S,K103N,S,H,S,H,S
2021/05/31,2021,VF-CQ-2996,1 ,48,1,2,4,3,3,81,8510 ,2NRTIs+NNRTIs,16,CRF07_BC,N,S,S,S,S,S,S,S,S,N,S,S,S,S,S,S,S,K103N,S,H,S,H,S
2021/05/31,2021,VF-CQ-2997,1 ,38,1,2,4,1,3,17,14100 ,2NRTIs+NNRTIs,6,CRF07_BC,N,S,S,S,S,S,S,S,S,N,S,S,S,S,S,S,S,N,S,S,S,S,S
2021/05/31,2021,VF-CQ-3008,2 ,54,3,4,5,4,5,8,15000 ,2NRTIs+NNRTIs,32,CRF08_BC,N,S,S,S,S,S,S,S,S,"K65R, Y115F, M184V",H,S,I,H,H,H,H,"K101E, K103H, E138AT, Y181C, G190A",I,H,H,H,H
2021/05/31,2021,VF-CQ-3009,1 ,77,3,4,5,4,5,96,12100 ,2NRTIs+NNRTIs,77,CRF01_AE,N,S,S,S,S,S,S,S,S,N,S,S,S,S,S,S,S,"K103N, P225PH",I,H,S,H,S
2021/05/31,2021,VF-CQ-3010,1 ,62,3,4,5,4,5,,172000 ,2NRTIs+NNRTIs,8,CRF07_BC,N,S,S,S,S,S,S,S,S,"K70KQ, L74LV, Y115YF, M184V",H,S,L,H,H,H,I,"V106M, V179E, F227FL",H,H,P,H,P
2021/05/31,2021,VF-CQ-3011,2 ,75,3,4,5,4,5,89,597 ,2NRTIs+NNRTIs,12,CRF08_BC,N,S,S,S,S,S,S,S,S,N,S,S,S,S,S,S,S,N,S,S,S,S,S
2021/05/31,2021,VF-CQ-3014,1 ,40,1,4,4,3,3,107,11300 ,2NRTIs+NNRTIs,12,CRF07_BC,N,S,S,S,S,S,S,S,S,N,S,S,S,S,S,S,S,N,S,S,S,S,S
2021/05/31,2021,VF-CQ-3017,1 ,60,1,4,4,4,5,101,369000 ,2NRTIs+NNRTIs,17,低于检出限,低于检出限,低于检出限,低于检出限,低于检出限,低于检出限,低于检出限,低于检出限,低于检出限,低于检出限,低于检出限,低于检出限,低于检出限,低于检出限,低于检出限,低于检出限,低于检出限,低于检出限,低于检出限,低于检出限,低于检出限,低于检出限,低于检出限,低于检出限
2021/05/31,2021,VF-CQ-3018,1 ,36,3,4,5,4,5,,740000 ,不详,6,CRF01_AE,N,S,S,S,S,S,S,S,S,"L74I, M184V",H,S,S,H,H,H,S,"K101AE, G190S",I,H,I,H,H
2021/05/31,2021,VF-CQ-3019,1 ,56,3,4,5,4,5,,37800 ,2NRTIs+NNRTIs,23,CRF08_BC,N,S,S,S,S,S,S,S,S,"K70Q, M184I, K219R",I,S,L,I,H,H,L,"K103N, P225H",I,H,S,H,S
2021/05/31,2021,VF-CQ-3024,1 ,47,1,4,4,1,3,44,20 ,2NRTIs+NNRTIs,48,CRF01_AE,"M46I, V82A",S,S,S,S,S,S,S,S,"K65R, M184I",H,S,I,H,H,H,I,"L100I, K103N",I,H,I,H,H
2021/05/31,2021,VF-CQ-3025,2 ,69,3,4,5,4,5,135,49000 ,2NRTIs+NNRTIs,14,C,N,S,S,S,S,S,S,S,S,"A62V, K65R, Y115F, M184V",H,S,I,H,H,H,H,"V106M, V179D",I,H,P,H,L
2021/05/31,2021,VF-CQ-3027,1 ,47,3,4,5,4,4,,200000 ,不详,21年6月失败,CRF07_BC,N,S,S,S,S,S,S,S,S,N,S,S,S,S,S,S,S,K103N,S,H,S,H,S
2021/05/31,2021,VF-CQ-3029,2 ,34,1,2,4,1,5,26,2710000 ,2NRTIs+NNRTIs,84,CRF07_BC,N,S,S,S,S,S,S,S,S,"D67N, K70KR, T215TI",L,H,I,L,S,S,L,V179D,S,P,P,P,P
2021/05/31,2021,VF-CQ-3030,2 ,45,1,2,4,3,5,19,718000 ,2NRTIs+INSTIs,24,CRF01_AE,N,S,S,S,S,S,S,S,S,"K65R, Y115YF",H,S,H,H,I,I,H,"K101E, Y181C, G190A, H221HY",H,H,H,H,H
2021/06/07,2021,VF-CQ-3034,1 ,31,3,4,5,4,5,,2490 ,2NRTIs+NNRTIs,12,低于检出限,低于检出限,低于检出限,低于检出限,低于检出限,低于检出限,低于检出限,低于检出限,低于检出限,低于检出限,低于检出限,低于检出限,低于检出限,低于检出限,低于检出限,低于检出限,低于检出限,低于检出限,低于检出限,低于检出限,低于检出限,低于检出限,低于检出限,低于检出限
2021/06/07,2021,VF-CQ-3036,1 ,51,1,4,4,1,5,230,3050 ,2NRTIs+NNRTIs,42,CRF07_BC,N,S,S,S,S,S,S,S,S,N,S,S,S,S,S,S,S,N,S,S,S,S,S
2021/06/07,2021,VF-CQ-3038,1 ,59,1,1,2,3,3,17,422000 ,2NRTIs+NNRTIs,32,CRF01_AE,N,S,S,S,S,S,S,S,S,N,S,S,S,S,S,S,S,G190GA,S,I,P,H,L
2021/06/07,2021,VF-CQ-3039,1 ,50,3,4,5,4,5,,5540000 ,2NRTIs+NNRTIs,6,CRF07_BC,"M46I, I54V, V82A，L10F, L24I, L33F",H,P,H,H,H,H,H,I,"D67N, K70E, M184I",I,S,I,I,H,H,L,"K101H, Y181C, G190GA, H221Y",I,H,H,H,H
2021/06/07,2021,VF-CQ-3040,1 ,27,1,3,4,2,3,75,2220000 ,2NRTIs+NNRTIs,61,CRF07_BC,N,S,S,S,S,S,S,S,S,N,S,S,S,S,S,S,S,N,S,S,S,S,S
2021/06/07,2021,VF-CQ-3043,1 ,20,3,4,5,4,5,268,13400 ,2NRTIs+NNRTIs,91,CRF07_BC,N,S,S,S,S,S,S,S,S,N,S,S,S,S,S,S,S,N,S,S,S,S,S
2021/06/07,2021,VF-CQ-3044,2 ,56,1,4,5,4,5,320,2800 ,2NRTIs+NNRTIs,23,CRF07_BC,N,S,S,S,S,S,S,S,S,N,S,S,S,S,S,S,S,V179D,S,P,P,P,P
2021/06/07,2021,VF-CQ-3046,1 ,27,3,4,5,4,5,513,48600 ,2NRTIs+NNRTIs,72,CRF01_AE,N,S,S,S,S,S,S,S,S,N,S,S,S,S,S,S,S,N,S,S,S,S,S
2021/06/07,2021,VF-CQ-3048,1 ,42,3,4,5,4,5,,359000 ,2NRTIs+NNRTIs,57,CRF07_BC,N,S,S,S,S,S,S,S,S,N,S,S,S,S,S,S,S,K103KN,S,H,S,H,S
2021/06/07,2021,VF-CQ-3049,1 ,29,1,4,4,4,5,196,1820 ,2NRTIs+NNRTIs,83,CRF07_BC,N,S,S,S,S,S,S,S,S,M184V,L,S,S,P,H,H,S,"K103N, Y318F",I,H,S,H,S
2021/06/07,2021,VF-CQ-3052,2 ,64,1,4,4,1,3,21,1130000 ,2NRTIs+NNRTIs,72,CRF07_BC,N,S,S,S,S,S,S,S,S,N,S,S,S,S,S,S,S,N,S,S,S,S,S
2021/06/14,2021,VF-CQ-3057,2 ,33,1,2,4,1,3,62,91500 ,2NRTIs+NNRTIs,45,CRF55_01B,N,S,S,S,S,S,S,S,S,N,S,S,S,S,S,S,S,V179E,S,P,P,P,P
2021/06/14,2021,VF-CQ-3058,1 ,57,1,4,2,4,5,56,61800000 ,2NRTIs+NNRTIs,36,CRF08_BC,N,S,S,S,S,S,S,S,S,N,S,S,S,S,S,S,S,N,S,S,S,S,S
2021/06/14,2021,VF-CQ-3065,1 ,25,3,4,5,4,5,,1020 ,不详,26,CRF07_BC,N,S,S,S,S,S,S,S,S,"K65R, Y115F, M184V",H,S,I,H,H,H,H,"V106M, V179E, F227L",H,H,P,H,P
2021/06/14,2021,VF-CQ-3067,1 ,58,3,4,5,4,5,109,19800 ,2NRTIs+NNRTIs,96,低于检出限,低于检出限,低于检出限,低于检出限,低于检出限,低于检出限,低于检出限,低于检出限,低于检出限,低于检出限,低于检出限,低于检出限,低于检出限,低于检出限,低于检出限,低于检出限,低于检出限,低于检出限,低于检出限,低于检出限,低于检出限,低于检出限,低于检出限,低于检出限
2021/06/21,2021,VF-CQ-3076,2 ,11,3,4,5,4,5,,20800 ,2NRTIs+NNRTIs,60,A,N,S,S,S,S,S,S,S,S,N,S,S,S,S,S,S,S,A98G,L,L,P,I,L
2021/06/21,2021,VF-CQ-3077,1 ,66,2,1,2,1,3,28,341000 ,2NRTIs+NNRTIs,6,CRF07_BC,Q58E,S,S,S,S,S,P,S,L,M184V,L,S,S,P,H,H,S,"K103S, G190A",S,H,P,H,L
2021/06/21,2021,VF-CQ-3083,1 ,45,1,1,3,2,3,367,116000 ,不详,48,CRF07_BC,N,S,S,S,S,S,S,S,S,N,S,S,S,S,S,S,S,N,S,S,S,S,S
2021/06/21,2021,VF-CQ-3084,1 ,79,1,4,4,1,3,131,723000 ,2NRTIs+NNRTIs,30,CRF07_BC,N,S,S,S,S,S,S,S,S,N,S,S,S,S,S,S,S,N,S,S,S,S,S
2021/06/21,2021,VF-CQ-3086,2 ,59,1,1,4,3,3,24,17800000 ,2NRTIs+NNRTIs,6,CRF08_BC,N,S,S,S,S,S,S,S,S,N,S,S,S,S,S,S,S,"K103N, E138A",S,H,P,H,L
2021/06/21,2021,VF-CQ-3089,1 ,48,1,4,4,2,5,164,26400 ,2NRTIs+NNRTIs,12,CRF07_BC,N,S,S,S,S,S,S,S,S,N,S,S,S,S,S,S,S,N,S,S,S,S,S
2021/06/21,2021,VF-CQ-3090,2 ,58,1,1,4,1,5,77,1470 ,2NRTIs+NNRTIs,10,CRF07_BC,N,S,S,S,S,S,S,S,S,"K65R, M184I",H,S,I,H,H,H,I,"K101E, Y181C, G190S",H,H,H,H,H
2021/06/21,2021,VF-CQ-3091,1 ,70,1,4,4,4,5,218,2000 ,2NRTIs+NNRTIs,12,C,N,S,S,S,S,S,S,S,S,M184I,L,S,S,P,H,H,S,N,S,S,S,S,S
2021/06/21,2021,VF-CQ-3092,1 ,35,1,2,4,3,3,175,339000 ,2NRTIs+NNRTIs,35,A,N,S,S,S,S,S,S,S,S,"A62V, K65R, M184I",H,S,I,H,H,H,I,"K103N, V106I, V179E, Y181C",I,H,I,H,H
2021/06/21,2021,VF-CQ-3093,1 ,36,3,4,5,4,5,25,699000 ,2NRTIs+NNRTIs,15,CRF07_BC,N,S,S,S,S,S,S,S,S,K65R,I,S,H,H,I,I,H,"V106M, V179D",I,H,P,H,P
2021/06/21,2021,VF-CQ-3098,1 ,39,3,4,5,4,5,,2820 ,2NRTIs+NNRTIs,64,CRF07_BC,N,S,S,S,S,S,S,S,S,M184V,L,S,S,P,H,H,S,"V106A, F227L",H,H,S,H,S
2021/06/21,2021,VF-CQ-3101,2 ,27,1,2,4,1,3,44,898000 ,2NRTIs+NNRTIs,24,CRF07_BC,N,S,S,S,S,S,S,S,S,N,S,S,S,S,S,S,S,"V179D, Y188L",H,H,L,H,H
2021/06/28,2021,VF-CQ-3107,1 ,49,1,2,4,2,4,203,869000 ,2NRTIs+NNRTIs,84,CRF07_BC,N,S,S,S,S,S,S,S,S,N,S,S,S,S,S,S,S,K103N,S,H,S,H,S
2021/06/28,2021,VF-CQ-3109,1 ,52,1,1,4,1,3,86,142000 ,2NRTIs+NNRTIs,108,CRF07_BC,N,S,S,S,S,S,S,S,S,"M41L, D67N, K70R, M184V, T215F, K219Q",H,H,H,H,H,H,I,"V106M, V179E, F227L",H,H,P,H,P
2021/06/28,2021,VF-CQ-3113,2 ,48,3,4,5,4,5,16,25500 ,2NRTIs+NNRTIs,35,CRF07_BC,N,S,S,S,S,S,S,S,S,"K70E, M184V",I,S,L,L,H,H,L,"L100I, K103N, P225H",H,H,I,H,H
2021/06/28,2021,VF-CQ-3117,1 ,37,3,4,5,4,5,33,3970000 ,2NRTIs+NNRTIs,156,CRF01_AE,N,S,S,S,S,S,S,S,S,N,S,S,S,S,S,S,S,N,S,S,S,S,S
2021/06/28,2021,VF-CQ-3119,1 ,50,1,1,3,1,3,29,14700000 ,2NRTIs+NNRTIs,12,CRF07_BC,N,S,S,S,S,S,S,S,S,"D67DN, K70KE, L74LI, M184V",H,S,I,H,H,H,L,"V106M, V179D, F227L",H,H,P,H,P
2021/06/28,2021,VF-CQ-3120,1 ,47,1,1,2,3,3,45,731000 ,不详,95,CRF07_BC,N,S,S,S,S,S,S,S,S,N,S,S,S,S,S,S,S,N,S,S,S,S,S
2021/06/28,2021,VF-CQ-3122,2 ,62,2,1,4,1,3,77,1230000 ,不详,12,B,N,S,S,S,S,S,S,S,S,N,S,S,S,S,S,S,S,"K103N, H221Y, L234I",I,H,P,H,L
2021/06/28,2021,VF-CQ-3123,1 ,74,1,1,4,1,3,24,886000 ,2NRTIs+NNRTIs,8,CRF08_BC,N,S,S,S,S,S,S,S,S,"K65R, M184V",H,S,I,H,H,H,I,"K103N, P225H",I,H,S,H,S
2021/06/28,2021,VF-CQ-3128,1 ,80,1,4,4,3,3,80,1140000 ,2NRTIs+NNRTIs,13,CRF07_BC,N,S,S,S,S,S,S,S,S,N,S,S,S,S,S,S,S,N,S,S,S,S,S
2021/06/28,2021,VF-CQ-3135,1 ,72,1,2,4,1,3,309,3120000 ,2NRTIs+NNRTIs,9,低于检出限,低于检出限,低于检出限,低于检出限,低于检出限,低于检出限,低于检出限,低于检出限,低于检出限,低于检出限,低于检出限,低于检出限,低于检出限,低于检出限,低于检出限,低于检出限,低于检出限,低于检出限,低于检出限,低于检出限,低于检出限,低于检出限,低于检出限,低于检出限
2021/07/05,2021,VF-CQ-3143,1 ,52,3,4,5,4,5,416,15800 ,2NRTIs+NNRTIs,54,CRF01_AE,N,S,S,S,S,S,S,S,S,N,S,S,S,S,S,S,S,N,S,S,S,S,S
2021/07/05,2021,VF-CQ-3148,1 ,28,3,4,5,4,5,327,6030 ,2NRTIs+NNRTIs,24,CRF07_BC,N,S,S,S,S,S,S,S,S,"K70E,Y115F,M184V",H,S,L,L,H,H,I,"V106M,V179E,F227L",H,H,P,H,P
2021/07/05,2021,VF-CQ-3149,2 ,39,3,4,5,4,5,,15600 ,2NRTIs+NNRTIs,19,CRF07_BC,N,S,S,S,S,S,S,S,S,"K65R, M184V",H,S,I,H,H,H,I,"K103N, Y188L",H,H,P,H,H
2021/07/05,2021,VF-CQ-3156,1 ,37,1,1,4,3,3,29,137000 ,2NRTIs+NNRTIs,36,CRF07_BC,N,S,S,S,S,S,S,S,S,N,S,S,S,S,S,S,S,N,S,S,S,S,S
2021/07/05,2021,VF-CQ-3157,1 ,36,1,4,3,4,5,470,93200 ,2NRTIs+NNRTIs,94,CRF07_BC,N,S,S,S,S,S,S,S,S,N,S,S,S,S,S,S,S,N,S,S,S,S,S
2021/07/12,2021,VF-CQ-3170,1 ,69,3,4,5,4,5,342,32800 ,2NRTIs+NNRTIs,22,CRF07_BC,N,S,S,S,S,S,S,S,S,"K65R, M184V",H,S,I,H,H,H,I,"V106M, V179D, G190GA",I,H,L,H,I
2021/07/12,2021,VF-CQ-3176,1 ,74,1,1,4,1,5,164,2520677 ,2NRTIs+NNRTIs,50,CRF01_AE,N,S,S,S,S,S,S,S,S,N,S,S,S,S,S,S,S,N,S,S,S,S,S
2021/07/12,2021,VF-CQ-3181,1 ,58,1,1,2,3,3,40,209000 ,2NRTIs+NNRTIs,25,CRF01_AE,N,S,S,S,S,S,S,S,S,"K70Q, M184MIV",I,S,L,L,H,H,L,"K103N, H221Y, L234I, Y318F",H,H,P,H,L
2021/07/12,2021,VF-CQ-3183,1 ,58,3,4,5,4,5,258,11200 ,2NRTIs+NNRTIs,84,CRF07_BC,N,S,S,S,S,S,S,S,S,"K65R, L74I, Y115F, M184V",H,S,I,H,H,H,H,"K103S, G190A",S,H,P,H,L
2021/07/19,2021,VF-CQ-3194,1 ,51,1,4,2,3,5,113,2377793 ,2NRTIs+NNRTIs,21,CRF01_AE,N,S,S,S,S,S,S,S,S,"M41L, K65R, M184V",H,S,H,H,H,H,I,"L100I, K103N, V106I, V179IT",I,H,I,H,H
2021/07/19,2021,VF-CQ-3196,2 ,54,3,4,5,4,5,136,13500 ,2NRTIs+NNRTIs,90,C,N,S,S,S,S,S,S,S,S,"D67N, M184V",L,S,S,L,H,H,S,"A98G, K101E, G190A, K238KT",I,H,I,H,H
2021/07/19,2021,VF-CQ-3200,1 ,61,1,4,4,4,5,372,1059001 ,2NRTIs+NNRTIs,25,CRF08_BC,N,S,S,S,S,S,S,S,S,N,S,S,S,S,S,S,S,N,S,S,S,S,S
2021/07/19,2021,VF-CQ-3203,1 ,33,3,4,5,4,5,,3290000 ,2NRTIs+NNRTIs,14,CRF07_BC,N,S,S,S,S,S,S,S,S,"K65KR, M184MV",H,S,I,H,H,H,I,Y181YC,P,I,I,H,I
2021/07/19,2021,VF-CQ-3205,1 ,48,3,4,5,4,5,,,2NRTIs+NNRTIs,20,CRF08_BC,N,S,S,S,S,S,S,S,S,N,S,S,S,S,S,S,S,K103KN,S,H,S,H,S
2021/07/19,2021,VF-CQ-3209,1 ,30,3,4,5,4,5,173,65700 ,2NRTIs+NNRTIs,14,CRF01_AE,N,S,S,S,S,S,S,S,S,K65R,I,S,H,H,I,I,H,"V106M, Y188C",H,H,S,H,S
2021/07/19,2021,VF-CQ-3211,1 ,26,1,2,4,1,3,14,148000 ,2NRTIs+NNRTIs,60,CRF01_AE,N,S,S,S,S,S,S,S,S,"K65R, K70T, M184V",H,S,H,H,H,H,H,"V106I, Y188L",H,H,L,H,H
2021/07/19,2021,VF-CQ-3212,1 ,50,1,2,4,1,3,100,628000 ,2NRTIs+NNRTIs,96,CRF01_AE,N,S,S,S,S,S,S,S,S,"D67N, K70E, M184V",I,S,I,I,H,H,L,"V179D, G190A",S,H,L,H,I
2021/07/19,2021,VF-CQ-3213,1 ,63,1,1,4,1,5,101,1400000 ,2NRTIs+NNRTIs,10,CRF07_BC,N,S,S,S,S,S,S,S,S,N,S,S,S,S,S,S,S,V106I,P,S,P,P,P
2021/07/19,2021,VF-CQ-3214,1 ,37,3,4,5,4,5,428,9769 ,2NRTIs+NNRTIs,105,CRF07_BC,N,S,S,S,S,S,S,S,S,N,S,S,S,S,S,S,S,K103N,S,H,S,H,S
2021/07/26,2021,VF-CQ-3219,1 ,49,1,2,2,1,3,56,61800000 ,2NRTIs+NNRTIs,12,CRF07_BC,N,S,S,S,S,S,S,S,S,N,S,S,S,S,S,S,S,N,S,S,S,S,S
2021/07/26,2021,VF-CQ-3220,1 ,42,1,1,4,3,3,62,963 ,2NRTIs+NNRTIs,38,CRF07_BC,N,S,S,S,S,S,S,S,S,N,S,S,S,S,S,S,S,K103KN,S,H,S,H,S
2021/07/26,2021,VF-CQ-3222,1 ,38,1,2,4,2,4,50,418000 ,2NRTIs+NNRTIs,25,CRF01_AE,N,S,S,S,S,S,S,S,S,M184V,L,S,S,P,H,H,S,N,S,S,S,S,S
2021/07/26,2021,VF-CQ-3224,1 ,69,1,2,2,3,5,202,1560 ,2NRTIs+NNRTIs,,CRF07_BC,N,S,S,S,S,S,S,S,S,N,S,S,S,S,S,S,S,N,S,S,S,S,S
2021/07/26,2021,VF-CQ-3230,1 ,38,3,4,5,4,5,278,1623 ,2NRTIs+NNRTIs,84,CRF07_BC,N,S,S,S,S,S,S,S,S,"K65R, D67DG, L74LV, Y115F, K219E",H,S,H,H,I,I,H,"V106M, V179D, Y181C",H,H,I,H,I
2021/07/26,2021,VF-CQ-3231,1 ,36,1,3,4,2,5,49,269079 ,2NRTIs+NNRTIs,26,CRF01_AE,N,S,S,S,S,S,S,S,S,N,S,S,S,S,S,S,S,N,S,S,S,S,S
2021/07/26,2021,VF-CQ-3234,1 ,30,1,3,3,2,4,228,16100 ,2NRTIs+NNRTIs,22,CRF07_BC,N,S,S,S,S,S,S,S,S,"M41ML, K65R, K70KT, M184V",H,S,H,H,H,H,H,"V106M, V179D",I,H,P,H,L
2021/07/26,2021,VF-CQ-3236,2 ,74,3,4,5,4,5,43,291000 ,2NRTIs+NNRTIs,84,CRF07_BC,N,S,S,S,S,S,S,S,S,"K65R, V75M, Y115F, M184V",H,S,H,H,H,H,H,"L100I, K103N",I,H,I,H,H
2021/07/26,2021,VF-CQ-3241,1 ,70,1,1,4,3,3,33,3740 ,2NRTIs+NNRTIs,39,CRF07_BC,N,S,S,S,S,S,S,S,S,N,S,S,S,S,S,S,S,N,S,S,S,S,S
2021/07/26,2021,VF-CQ-3251,1 ,74,1,1,4,1,3,26,1580 ,2NRTIs+NNRTIs,12,CRF07_BC,N,S,S,S,S,S,S,S,S,N,S,S,S,S,S,S,S,N,S,S,S,S,S
2021/08/02,2021,VF-CQ-3252,1 ,48,1,3,4,1,3,122,52000 ,2NRTIs+NNRTIs,8,CRF08_BC,N,S,S,S,S,S,S,S,S,N,S,S,S,S,S,S,S,E138A,S,S,P,S,L
2021/08/02,2021,VF-CQ-3253,1 ,52,3,4,5,4,5,49,96900 ,2NRTIs+NNRTIs,38,A,N,S,S,S,S,S,S,S,S,"M41L, E44ED, D67N, M184V, T215Y",I,H,H,I,H,H,L,G190A,S,I,P,H,L
2021/08/02,2021,VF-CQ-3254,1 ,72,3,4,5,4,5,358,62300 ,2NRTIs+NNRTIs,6,CRF08_BC,N,S,S,S,S,S,S,S,S,N,S,S,S,S,S,S,S,K103N,S,H,S,H,S
2021/08/02,2021,VF-CQ-3255,1 ,76,1,1,4,1,3,127,109000 ,2NRTIs+NNRTIs,12,CRF01_AE,N,S,S,S,S,S,S,S,S,M184V,L,S,S,P,H,H,S,"V179D, Y188L",H,H,L,H,H
2021/08/02,2021,VF-CQ-3256,1 ,67,1,4,5,4,3,262,154000 ,2NRTIs+NNRTIs,84,CRF07_BC,N,S,S,S,S,S,S,S,S,N,S,S,S,S,S,S,S,N,S,S,S,S,S
2021/08/02,2021,VF-CQ-3263,1 ,34,1,2,4,1,3,65,4430000 ,2NRTIs+PIs,17,CRF07_BC,N,S,S,S,S,S,S,S,S,N,S,S,S,S,S,S,S,N,S,S,S,S,S
2021/08/02,2021,VF-CQ-3265,1 ,28,1,3,4,2,5,22,383000 ,2NRTIs+NNRTIs,21,CRF01_AE,N,S,S,S,S,S,S,S,S,N,S,S,S,S,S,S,S,N,S,S,S,S,S
2021/08/09,2021,VF-CQ-3270,2 ,9,3,4,5,4,5,279,13800 ,2NRTIs+NNRTIs,42,CRF01_AE,N,S,S,S,S,S,S,S,S,"D67N, M184V",L,S,S,L,H,H,S,"V106A, F227L",H,H,S,H,S
2021/08/09,2021,VF-CQ-3275,1 ,57,1,4,5,4,5,229,55200 ,2NRTIs+NNRTIs,24,CRF07_BC,N,S,S,S,S,S,S,S,S,"A62V, K65R, V75I, M184V",H,S,H,H,H,H,H,"L100I, K103N",I,H,I,H,H
2021/08/09,2021,VF-CQ-3280,1 ,42,1,2,2,1,3,21,1060 ,2NRTIs+NNRTIs,24,CRF01_AE,N,S,S,S,S,S,S,S,S,N,S,S,S,S,S,S,S,V179D,S,I,P,I,L
2021/08/09,2021,VF-CQ-3281,1 ,56,1,2,3,1,5,28,1510000 ,2NRTIs+INSTIs,15,CRF07_BC,N,S,S,S,S,S,S,S,S,N,S,S,S,S,S,S,S,N,S,S,S,S,S
2021,2021,VF-CQ-3283,2 ,67,1,1,4,3,5,53,484000 ,不详,84,CRF07_BC,K43T,S,S,S,S,S,P,S,P,"K65R, Y115YF, M184V",H,S,I,H,H,H,H,Y181C,P,I,I,H,I
2021/08/09,2021,VF-CQ-3285,2 ,72,3,4,5,4,5,,50000 ,2NRTIs+NNRTIs,82,CRF01_AE,N,S,S,S,S,S,S,S,S,M184V,L,S,S,P,H,H,S,"V179D, Y181C, H221Y",I,H,I,H,H
2021/08/16,2021,VF-CQ-3289,1 ,46,2,4,3,3,3,20,124000 ,2NRTIs+NNRTIs,48,CRF01_AE,N,S,S,S,S,S,S,S,S,N,S,S,S,S,S,S,S,N,S,S,S,S,S
8/16/2021,2021,VF-CQ-3292,1 ,57,1,1,2,3,5,30,448000 ,2NRTIs+INSTIs,7,CRF07_BC,N,S,S,S,S,S,S,S,S,N,S,S,S,S,S,S,S,N,S,S,S,S,S
2021/08/16,2021,VF-CQ-3295,1 ,55,1,1,4,2,2,184,86800 ,2NRTIs+PIs,144,CRF07_BC,N,S,S,S,S,S,S,S,S,N,S,S,S,S,S,S,S,K103N,S,H,S,H,S
2021/08/16,2021,VF-CQ-3298,2 ,47,1,1,4,3,3,118,273000 ,2NRTIs+NNRTIs,15,CRF07_BC,N,S,S,S,S,S,S,S,S,"K65R, M184V",H,S,I,H,H,H,I,"V106M, V179D, M230L",H,H,I,H,H
2021/08/16,2021,VF-CQ-3305,1 ,67,1,4,4,4,5,51,1190000 ,2NRTIs+NNRTIs,72,CRF07_BC,N,S,S,S,S,S,S,S,S,N,S,S,S,S,S,S,S,N,S,S,S,S,S
2021/08/16,2021,VF-CQ-3313,1 ,74,3,4,5,4,5,195,218000 ,2NRTIs,120,低于检出限,低于检出限,低于检出限,低于检出限,低于检出限,低于检出限,低于检出限,低于检出限,低于检出限,低于检出限,低于检出限,低于检出限,低于检出限,低于检出限,低于检出限,低于检出限,低于检出限,低于检出限,低于检出限,低于检出限,低于检出限,低于检出限,低于检出限,低于检出限
2021/08/16,2021,VF-CQ-3316,1 ,34,1,3,4,2,5,23,22700000 ,2NRTIs+NNRTIs,120,CRF07_BC,N,S,S,S,S,S,S,S,S,N,S,S,S,S,S,S,S,"K103KN, Y181YC",L,H,I,H,I
2021/08/16,2021,VF-CQ-3321,1 ,69,1,1,2,3,5,449,977 ,2NRTIs+INSTIs,14,CRF08_BC,N,S,S,S,S,S,S,S,S,N,S,S,S,S,S,S,S,E138A,S,S,P,S,L
2021/08/16,2021,VF-CQ-3322,2 ,53,3,4,5,4,5,83,44000 ,2NRTIs+NNRTIs,13,C,N,S,S,S,S,S,S,S,S,N,S,S,S,S,S,S,S,N,S,S,S,S,S
2021/08/16,2021,VF-CQ-3332,1 ,61,1,1,4,1,3,13,266000 ,2NRTIs+NNRTIs,6,CRF55_01B,N,S,S,S,S,S,S,S,S,"K65R, K219KE",I,S,I,I,I,I,I,"K103N, E138G, V179E",S,I,L,I,L
2021/08/23,2021,VF-CQ-3333,1 ,63,3,4,5,4,5,229,2280 ,2NRTIs+NNRTIs,84,CRF07_BC,N,S,S,S,S,S,S,S,S,"D67Deletion, T69G, K70R, M184V, T215I, K219E",H,H,H,H,H,H,I,"V108I, Y181C",I,I,I,H,I
2021/08/23,2021,VF-CQ-3334,2 ,66,3,4,5,4,5,90,,2NRTIs+NNRTIs,80,CRF07_BC,N,S,S,S,S,S,S,S,S,"D67N, T69D, K70R, M184V, T215FIV, K219Q",H,H,H,H,H,H,I,"K103N, E138Q, P225H",I,H,P,H,L
2021/08/23,2021,VF-CQ-3344,1 ,50,1,4,4,4,5,360,32200 ,2NRTIs+NNRTIs,85,CRF07_BC,N,S,S,S,S,S,S,S,S,N,S,S,S,S,S,S,S,N,S,S,S,S,S
2021/08/23,2021,VF-CQ-3354,1 ,26,1,4,4,4,5,401,38500 ,2NRTIs+NNRTIs,12,低于检测限,低于检测限,低于检测限,低于检测限,低于检测限,低于检测限,低于检测限,低于检测限,低于检测限,低于检测限,低于检测限,低于检测限,低于检测限,低于检测限,低于检测限,低于检测限,低于检测限,低于检测限,低于检测限,低于检测限,低于检测限,低于检测限,低于检测限,低于检测限
8/26/2021,2021,VF-CQ-3357,2 ,65,1,1,4,3,5,147,382000 ,2NRTIs+NNRTIs,33,CRF07_BC,N,S,S,S,S,S,S,S,S,N,S,S,S,S,S,S,S,N,S,S,S,S,S
2021/08/30,2021,VF-CQ-3376,1 ,57,1,1,2,2,3,74,10000000 ,2NRTIs+NNRTIs,60,CRF01_AE,N,S,S,S,S,S,S,S,S,M184MV,L,S,S,P,H,H,S,"V106I, Y188L",H,H,L,H,H
2021/08/30,2021,VF-CQ-3377,1 ,36,2,4,4,4,5,,636000 ,2NRTIs+NNRTIs,50,CRF01_AE,N,S,S,S,S,S,S,S,S,"K65R, Y115F, M184V, K219KE",H,S,H,H,H,H,H,"K103N, V179E, Y181C",L,H,I,H,I
2021/08/30,2021,VF-CQ-3380,1 ,50,1,2,4,2,5,140,2140000 ,2NRTIs+NNRTIs,31,CRF07_BC,N,S,S,S,S,S,S,S,S,N,S,S,S,S,S,S,S,N,S,S,S,S,S
2021/08/30,2021,VF-CQ-3383,2 ,70,1,1,4,1,3,7,31500 ,2NRTIs+NNRTIs,37,CRF01_AE,N,S,S,S,S,S,S,S,S,"D67N, K70E, Y115YF, M184V",H,S,I,I,H,H,I,"V106M, V179D, F227FL",H,H,P,H,L
2021/08/30,2021,VF-CQ-3386,2 ,52,1,2,4,3,5,67,1730000 ,2NRTIs+NNRTIs,144,CRF08_BC,N,S,S,S,S,S,S,S,S,N,S,S,S,S,S,S,S,V179D,S,P,P,P,P
2021/08/30,2021,VF-CQ-3389,1 ,35,1,3,4,2,5,137,86500 ,2NRTIs+NNRTIs,25,CRF07_BC,N,S,S,S,S,S,S,S,S,"K65R, M184I",H,S,I,H,H,H,I,"Y181C, G190S",H,H,I,H,H
2021/09/06,2021,VF-CQ-3393,2 ,52,1,2,4,1,3,288,190000 ,不详,60,CRF08_BC,N,S,S,S,S,S,S,S,S,N,S,S,S,S,S,S,S,V179E,S,P,P,P,P
2021/09/06,2021,VF-CQ-3397,1 ,45,1,4,5,1,3,229,300000 ,2NRTIs+INSTIs,9,CRF07_BC,N,S,S,S,S,S,S,S,S,"K65KR, M184V",H,S,I,H,H,H,I,N,S,S,S,S,S
2021/09/06,2021,VF-CQ-3399,1 ,44,1,4,5,1,5,,3310 ,2NRTIs+NNRTIs,96,CRF07_BC,N,S,S,S,S,S,S,S,S,"D67N, K70R, M184V, K219Q",H,I,I,I,H,H,L,"K103N, P225H",I,H,S,H,S
2021/09/06,2021,VF-CQ-3400,1 ,24,3,4,5,4,5,103,43500 ,2NRTIs+NNRTIs,34,A,N,S,S,S,S,S,S,S,S,"A62V, K65R, V75I, Y115F",H,S,H,H,I,I,H,"Y181C, G190S, H221Y",H,H,H,H,H
2021/09/06,2021,VF-CQ-3401,2 ,69,3,4,5,4,5,119,111000 ,2NRTIs+NNRTIs,118,CRF07_BC,N,S,S,S,S,S,S,S,S,"M41L, D67N, K70R, L74I, M184V, T215F, K219Q",H,H,H,H,H,H,H,Y188C,P,H,S,H,S
2021/09/06,2021,VF-CQ-3409,1 ,50,1,2,4,1,4,7,904000 ,2NRTIs+INSTIs,11,低于检出限,低于检出限,低于检出限,低于检出限,低于检出限,低于检出限,低于检出限,低于检出限,低于检出限,低于检出限,低于检出限,低于检出限,低于检出限,低于检出限,低于检出限,低于检出限,低于检出限,低于检出限,低于检出限,低于检出限,低于检出限,低于检出限,低于检出限,低于检出限
2021/09/06,2021,VF-CQ-3411,1 ,49,3,4,5,4,5,,13900 ,2NRTIs+NNRTIs,不详,CRF01_AE,N,S,S,S,S,S,S,S,S,N,S,S,S,S,S,S,S,N,S,S,S,S,S
2021/09/13,2021,VF-CQ-3420,1 ,34,1,3,4,2,4,5,19800 ,2NRTIs+NNRTIs,6,CRF07_BC,N,S,S,S,S,S,S,S,S,"L74I, M184V",H,S,S,H,H,H,S,"K103N, V106M, E138G",I,H,P,H,L
2021/09/13,2021,VF-CQ-3422,1 ,80,1,1,4,3,5,389,3990 ,不详,36,CRF07_BC,N,S,S,S,S,S,S,S,S,N,S,S,S,S,S,S,S,N,S,S,S,S,S
2021/09/13,2021,VF-CQ-3428,2 ,47,1,2,4,3,2,471,4530 ,2NRTIs+PIs,110,CRF01_AE,N,S,S,S,S,S,S,S,S,N,S,S,S,S,S,S,S,K103KN,S,H,S,H,S
2021/09/13,2021,VF-CQ-3439,2 ,47,3,4,5,4,5,565,262000 ,2NRTIs+NNRTIs,23,C,N,S,S,S,S,S,S,S,S,"K65KR, D67N, M184MI",H                  载量低？,S,H,H,H,H,I,"K101E, V106M, F227FL",H,H,L,H,H
2021/09/13,2021,VF-CQ-3443,1 ,51,1,2,4,3,3,66,4750 ,2NRTIs+NNRTIs,22,CRF55_01B,N,S,S,S,S,S,S,S,S,K65R,I,S,H,H,I,I,H,"K103N, V179E",S,H,P,H,P
2021/09/13,2021,VF-CQ-3450,2 ,52,1,2,4,3,3,180,19300 ,2NRTIs+NNRTIs,72,CRF07_BC,N,S,S,S,S,S,S,S,S,"K65R, M184V, K219E",H,S,H,H,H,H,I,"Y181C, G190S",H,H,I,H,H
2021/09/20,2021,VF-CQ-3454,1 ,70,1,1,2,3,5,85,1090000 ,2NRTIs+INSTIs,13,CRF07_BC,Q58E,S,S,S,S,S,P,S,L,N,S,S,S,S,S,S,S,N,S,S,S,S,S
2021/09/20,2021,VF-CQ-3456,1 ,28,1,4,5,2,4,252,211000 ,2NRTIs+NNRTIs,108,CRF07_BC,N,S,S,S,S,S,S,S,S,N,S,S,S,S,S,S,S,N,S,S,S,S,S
2021/09/20,2021,VF-CQ-3457,2 ,55,3,4,5,4,5,216,850 ,2NRTIs+NNRTIs,14,低于检出限,低于检出限,低于检出限,低于检出限,低于检出限,低于检出限,低于检出限,低于检出限,低于检出限,低于检出限,低于检出限,低于检出限,低于检出限,低于检出限,低于检出限,低于检出限,低于检出限,低于检出限,低于检出限,低于检出限,低于检出限,低于检出限,低于检出限,低于检出限
2021/09/20,2021,VF-CQ-3463,1 ,53,3,4,5,4,5,,,不详,24,CRF07_BC,N,S,S,S,S,S,S,S,S,N,S,S,S,S,S,S,S,K103N,S,H,S,H,S
2021/09/20,2021,VF-CQ-3467,1 ,45,1,2,3,1,5,65,2260 ,2NRTIs+NNRTIs,24,CRF07_BC,N,S,S,S,S,S,S,S,S,N,S,S,S,S,S,S,S,N,S,S,S,S,S
2021/09/20,2021,VF-CQ-3479,1 ,34,1,4,4,4,5,14,1800000 ,2NRTIs+NNRTIs,19,CRF55_01B,N,S,S,S,S,S,S,S,S,"A62V, K65R, Y115F, M184V",H,S,I,H,H,H,H,"K103N, V179E, Y181C",L,H,I,H,I
2021/09/20,2021,VF-CQ-3480,1 ,47,1,1,2,1,3,122,469000 ,不详,N,CRF07_BC,N,S,S,S,S,S,S,S,S,N,S,S,S,S,S,S,S,N,S,S,S,S,S
2021/09/20,2021,VF-CQ-3482,1 ,24,1,2,4,2,4,60,138902 ,2NRTIs+NNRTIs,43,CRF07_BC,N,S,S,S,S,S,S,S,S,N,S,S,S,S,S,S,S,N,S,S,S,S,S
2021/09/27,2021,VF-CQ-3491,2 ,52,3,4,5,4,5,90,72600 ,2NRTIs+NNRTIs,9,CRF08_BC,N,S,S,S,S,S,S,S,S,"K65KR, L74I, V75A, M184I",H,S,H,H,H,H,I,"E138EK, G190Q",I,H,I,H,H
2021/09/27,2021,VF-CQ-3494,2 ,45,3,4,5,4,5,,16500 ,2NRTIs+NNRTIs,8,CRF08_BC,N,S,S,S,S,S,S,S,S,N,S,S,S,S,S,S,S,K103N,S,H,S,H,S
2021/09/27,2021,VF-CQ-3495,2 ,86,3,4,5,4,5,123,16200 ,2NRTIs+NNRTIs,61,低于检测限,低于检测限,低于检测限,低于检测限,低于检测限,低于检测限,低于检测限,低于检测限,低于检测限,低于检测限,低于检测限,低于检测限,低于检测限,低于检测限,低于检测限,低于检测限,低于检测限,低于检测限,低于检测限,低于检测限,低于检测限,低于检测限,低于检测限,低于检测限
2021/09/27,2021,VF-CQ-3500,2 ,62,3,4,5,4,5,,45700 ,2NRTIs+NNRTIs,6,CRF07_BC,N,S,S,S,S,S,S,S,S,"K65R, Y115F, M184V",H,S,I,H,H,H,H,"L100I, K103N",I,H,I,H,H
2021/09/27,2021,VF-CQ-3502,1 ,59,1,1,4,1,3,51,166000 ,不详,24,CRF08_BC,N,S,S,S,S,S,S,S,S,N,S,S,S,S,S,S,S,N,S,S,S,S,S
2021/09/27,2021,VF-CQ-3505,1 ,64,1,4,4,1,3,202,39600 ,2NRTIs+NNRTIs,6,CRF07_BC,N,S,S,S,S,S,S,S,S,N,S,S,S,S,S,S,S,G190GS,I,H,P,H,L
2021/10/04,2021,VF-CQ-3512,1 ,64,1,2,4,3,5,107,311000 ,2NRTIs+NNRTIs,11,C,N,S,S,S,S,S,S,S,S,N,S,S,S,S,S,S,S,N,S,S,S,S,S
2021/10/04,2021,VF-CQ-3520,1 ,75,3,4,5,4,5,123,78700 ,2NRTIs+NNRTIs,21年10月失败,CRF07_BC,N,S,S,S,S,S,S,S,S,"D67N, K70KR, M184V, K219Q",H,I,I,I,H,H,L,"V106M, G190A",I,H,P,H,L
2021/10/04,2021,VF-CQ-3521,1 ,80,1,2,2,3,3,320,155000 ,2NRTIs+NNRTIs,48,CRF01_AE,N,S,S,S,S,S,S,S,S,N,S,S,S,S,S,S,S,N,S,S,S,S,S
2021/10/04,2021,VF-CQ-3524,2 ,47,1,1,4,2,5,10,3100000 ,不详,46,CRF07_BC,N,S,S,S,S,S,S,S,S,N,S,S,S,S,S,S,S,K103N,S,H,S,H,S
2021/10/11,2021,VF-CQ-3534,1 ,61,1,1,5,1,5,29,654000 ,2NRTIs+NNRTIs,10,CRF08_BC,N,S,S,S,S,S,S,S,S,"K65R, M184V",H,S,I,H,H,H,I,"K101E, Y181YC, G190S",H,H,H,H,H
2021/10/11,2021,VF-CQ-3535,1 ,39,3,4,4,4,5,106,57600 ,2NRTIs+NNRTIs,33,CRF07_BC,N,S,S,S,S,S,S,S,S,N,S,S,S,S,S,S,S,N,S,S,S,S,S
2021/10/11,2021,VF-CQ-3538,1 ,39,3,4,5,4,5,,,2NRTIs+NNRTIs,48,CRF07_BC,N,S,S,S,S,S,S,S,S,K65R,I,S,H,H,I,I,H,"V106M, Y188C",H,H,S,H,S
2021/10/11,2021,VF-CQ-3539,1 ,36,1,1,4,2,3,40,198 ,2NRTIs+NNRTIs,48,CRF01_AE,N,S,S,S,S,S,S,S,S,N,S,S,S,S,S,S,S,N,S,S,S,S,S
2021/10/11,2021,VF-CQ-3540,1 ,55,1,4,5,1,3,,687000 ,,11,C,N,S,S,S,S,S,S,S,S,L74LV,I,S,S,H,S,S,S,"L100I, K103N, H221HY",I,H,I,H,H
2021/10/11,2021,VF-CQ-3541,2 ,29,1,4,4,4,5,169,6370 ,2NRTIs+NNRTIs,9,CRF07_BC,N,S,S,S,S,S,S,S,S,N,S,S,S,S,S,S,S,N,S,S,S,S,S
2021/10/11,2021,VF-CQ-3548,1 ,28,1,4,4,1,3,8,730 ,2NRTIs+NNRTIs,31,CRF01_AE,N,S,S,S,S,S,S,S,S,N,S,S,S,S,S,S,S,"K103KN, Y181YC",L,H,I,H,I
2021/10/11,2021,VF-CQ-3550,1 ,55,3,4,5,4,4,,20800 ,2NRTIs+NNRTIs,108,CRF07_BC,N,S,S,S,S,S,S,S,S,M184V,L,S,S,P,H,H,S,K103N,S,H,S,H,S
2021/10/11,2021,VF-CQ-3555,1 ,47,3,4,5,4,5,389,11000 ,2NRTIs+NNRTIs,36,CRF07_BC,K43T,S,S,S,S,S,P,S,P,"M41L, K65R, M184V",H,S,H,H,H,H,I,"V106M, Y188L",H,H,P,H,H
2021/10/11,2021,VF-CQ-3559,1 ,33,1,4,4,4,5,528,3460 ,2NRTIs+NNRTIs,62,CRF07_BC,K43KT,S,S,S,S,S,P,S,P,M184MV,L,S,S,P,H,H,S,Y188YH,P,I,S,H,S
2021/10/18,2021,VF-CQ-3564,1 ,53,1,2,4,3,2,46,205000 ,2NRTIs+NNRTIs,41,CRF07_BC,N,S,S,S,S,S,S,S,S,N,S,S,S,S,S,S,S,K103N,S,H,S,H,S
2021/10/18,2021,VF-CQ-3565,1 ,37,1,2,4,1,5,15,242000 ,2NRTIs+NNRTIs,22,A,N,S,S,S,S,S,S,S,S,"D67N, K70T, L74I, Y115YF, M184V, K219N",H,L,I,H,H,H,I,"K101E, V106M, G190A",H,H,I,H,H
2021/10/18,2021,VF-CQ-3570,1 ,75,1,4,4,4,5,76,60199 ,2NRTIs+NNRTIs,18,CRF08_BC,N,S,S,S,S,S,S,S,S,K65KR,I,S,H,H,I,I,H,"L100I, V179D, P225PH",I,H,I,H,H
2021/10/18,2021,VF-CQ-3572,1 ,50,1,4,4,4,5,,,2NRTIs+NNRTIs,24,CRF08_BC,N,S,S,S,S,S,S,S,S,"K65R, Y115F, M184V, K219E",H,S,H,H,H,H,H,"K101H, E138A, Y181C, G190A, P225H",H,H,H,H,H
2021/10/18,2021,VF-CQ-3578,1 ,26,2,4,4,2,4,229,737 ,2NRTIs+NNRTIs,25,CRF07_BC,N,S,S,S,S,S,S,S,S,K65R,I,S,H,H,I,I,H,"K101E, V106M, V179VD, G190GA, F227FL",H,H,I,H,H
2021/10/18,2021,VF-CQ-3580,1 ,42,1,1,2,2,3,1,221789 ,2NRTIs+NNRTIs,72,CRF08_BC,N,S,S,S,S,S,S,S,S,"D67N, V75M, M184I",L,L,I,I,H,H,S,"K103N, V108I, P225H",I,H,S,H,S
2021/10/18,2021,VF-CQ-3581,1 ,28,1,2,3,2,3,366,14200 ,2NRTIs+NNRTIs,144,CRF07_BC,N,S,S,S,S,S,S,S,S,N,S,S,S,S,S,S,S,N,S,S,S,S,S
2021/10/18,2021,VF-CQ-3586,1 ,58,3,4,5,4,5,50,8140 ,不详,128,CRF07_BC,N,S,S,S,S,S,S,S,S,N,S,S,S,S,S,S,S,V179VD,S,P,P,P,P
2021/10/18,2021,VF-CQ-3588,2 ,50,3,4,5,4,5,67,30900 ,2NRTIs+NNRTIs,7,CRF07_BC,N,S,S,S,S,S,S,S,S,N,S,S,S,S,S,S,S,N,S,S,S,S,S
2021/10/18,2021,VF-CQ-3589,1 ,53,3,4,5,4,5,57,28600 ,2NRTIs+NNRTIs,12,CRF07_BC,N,S,S,S,S,S,S,S,S,K65R,I,S,H,H,I,I,H,"K101E, V106M, Y181C, G190A",H,H,H,H,H
2021/10/18,2021,VF-CQ-3591,1 ,37,3,4,5,4,5,538,16700 ,2NRTIs+NNRTIs,60,CRF07_BC,N,S,S,S,S,S,S,S,S,N,S,S,S,S,S,S,S,N,S,S,S,S,S
2021/10/18,2021,VF-CQ-3599,2 ,77,1,1,2,3,5,56,1340000 ,2NRTIs+NNRTIs,7,CRF07_BC,N,S,S,S,S,S,S,S,S,L210LW,S,L,L,P,S,S,S,K103KN,S,H,S,H,S
2021/10/25,2021,VF-CQ-3603,1 ,66,2,1,2,1,3,28,341000 ,2NRTIs+NNRTIs,6,CRF07_BC,Q58E,S,S,S,S,S,P,S,L,M184V,L,S,S,P,H,H,S,"K103S, G190A, P225PH",I,H,P,H,L
2021/10/25,2021,VF-CQ-3608,1 ,69,1,1,4,1,3,209,115000 ,2NRTIs+NNRTIs,48,CRF08_BC,N,S,S,S,S,S,S,S,S,N,S,S,S,S,S,S,S,N,S,S,S,S,S
2021/10/25,2021,VF-CQ-3609,2 ,60,1,2,4,1,5,151,939000 ,2NRTIs+NNRTIs,24,CRF07_BC,"V32I,I47V",I,I,H,I,I,I,S,I,"K65R,L74I,Y115F,M184V",H,S,I,H,H,H,H,"V106M,V179B,F227L",H,H,P,H,P
2021/10/25,2021,VF-CQ-3617,2 ,66,3,4,5,4,5,,,2NRTIs+NNRTIs,7,CRF07_BC,N,S,S,S,S,S,S,S,S,N,S,S,S,S,S,S,S,K103N,S,H,S,H,S
2021/10/25,2021,VF-CQ-3618,1 ,71,1,1,4,1,3,71,10200 ,2NRTIs+NNRTIs,6,CRF07_BC,N,S,S,S,S,S,S,S,S,N,S,S,S,S,S,S,S,N,S,S,S,S,S
2021/10/25,2021,VF-CQ-3621,1 ,48,3,4,5,4,5,,7650000 ,2NRTIs+NNRTIs,168,CRF01_AE,N,S,S,S,S,S,S,S,S,N,S,S,S,S,S,S,S,N,S,S,S,S,S
2021/10/25,2021,VF-CQ-3629,1 ,66,1,1,4,1,3,119,45300 ,2NRTIs+INSTIs,47,CRF07_BC,N,S,S,S,S,S,S,S,S,N,S,S,S,S,S,S,S,N,S,S,S,S,S
2021/10/25,2021,VF-CQ-3632,1 ,47,1,4,4,2,3,4,573000 ,2NRTIs+NNRTIs,8,CRF07_BC,N,S,S,S,S,S,S,S,S,N,S,S,S,S,S,S,S,V179D,S,P,P,P,P
2021/10/25,2021,VF-CQ-3635,1 ,21,1,2,1,2,5,87,519000 ,2NRTIs+NNRTIs,19,CRF07_BC,N,S,S,S,S,S,S,S,S,"K65R, Y115F",H,S,H,H,I,I,H,"V106M, V179D",I,H,P,H,P
2021/10/25,2021,VF-CQ-3636,2 ,54,1,4,5,1,5,205,2850 ,2NRTIs+NNRTIs,33,低于检测限,低于检测限,低于检测限,低于检测限,低于检测限,低于检测限,低于检测限,低于检测限,低于检测限,低于检测限,低于检测限,低于检测限,低于检测限,低于检测限,低于检测限,低于检测限,低于检测限,低于检测限,低于检测限,低于检测限,低于检测限,低于检测限,低于检测限,低于检测限
2021/10/25,2021,VF-CQ-3638,2 ,68,1,4,5,1,3,60,388000 ,不详,70,CRF01_AE,N,S,S,S,S,S,S,S,S,N,S,S,S,S,S,S,S,N,S,S,S,S,S
2021/11/01,2021,VF-CQ-3642,1 ,51,1,1,3,1,3,40,1300000 ,2NRTIs+INSTIs,24,CRF01_AE,N,S,S,S,S,S,S,S,S,N,S,S,S,S,S,S,S,N,S,S,S,S,S
2021/11/01,2021,VF-CQ-3646,2 ,58,1,1,4,3,5,8,962000 ,不详,22,CRF01_AE,N,S,S,S,S,S,S,S,S,K65R,I,S,H,H,I,I,H,"L100I, K103N",I,H,I,H,H
2021/11/01,2021,VF-CQ-3649,1 ,34,1,4,4,4,5,55,1910 ,2NRTIs+NNRTIs,18,CRF55_01B,N,S,S,S,S,S,S,S,S,N,S,S,S,S,S,S,S,V179E,S,P,P,P,P
2021/11/01,2021,VF-CQ-3650,1 ,64,1,2,4,1,3,102,253000 ,2NRTIs+INSTIs,12,CRF07_BC,N,S,S,S,S,S,S,S,S,"K65R, Y115F, M184V",H,S,I,H,H,H,H,V179E,S,P,P,P,P
2021/11/01,2021,VF-CQ-3653,2 ,35,1,4,4,1,5,157,17200 ,不详,71,CRF08_BC,N,S,S,S,S,S,S,S,S,N,S,S,S,S,S,S,S,N,S,S,S,S,S
2021/11/01,2021,VF-CQ-3658,1 ,50,3,4,5,4,5,48,64900 ,2NRTIs+NNRTIs,37,CRF08_BC,N,S,S,S,S,S,S,S,S,M184V,L,S,S,P,H,H,S,"V179D, G190GA",S,I,L,H,L
2021/11/01,2021,VF-CQ-3659,1 ,62,1,2,2,3,3,31,3230 ,2NRTIs+NNRTIs,16,CRF07_BC,N,S,S,S,S,S,S,S,S,"K70KQ, M184I",I,S,L,L,H,H,L,N,S,S,S,S,S
2021/11/01,2021,VF-CQ-3663,1 ,32,1,3,4,2,3,265,2410 ,不详,96,CRF07_BC,N,S,S,S,S,S,S,S,S,N,S,S,S,S,S,S,S,N,S,S,S,S,S
2021/11/01,2021,VF-CQ-3664,1 ,30,3,4,5,4,5,195,12000 ,2NRTIs+NNRTIs,41,CRF07_BC,M46I,P,S,P,P,P,I,P,S,"K65R, M184V",H,S,I,H,H,H,I,"V106M, V179D, Y181C",H,H,I,H,H
2021/11/01,2021,VF-CQ-3665,1 ,34,1,3,4,2,4,13,5000000 ,2NRTIs+NNRTIs,9,CRF07_BC,N,S,S,S,S,S,S,S,S,"K65R, M184V",H,S,I,H,H,H,I,N,S,S,S,S,S
2021/11/01,2021,VF-CQ-3667,1 ,65,1,1,2,3,3,198,273000000 ,2NRTIs+NNRTIs,9,CRF07_BC,N,S,S,S,S,S,S,S,S,N,S,S,S,S,S,S,S,N,S,S,S,S,S
2021/11/08,2021,VF-CQ-3671,1 ,25,1,4,5,3,4,347,5520 ,2NRTIs+NNRTIs,84,CRF07_BC,N,S,S,S,S,S,S,S,S,N,S,S,S,S,S,S,S,N,S,S,S,S,S
2021/11/08,2021,VF-CQ-3677,1 ,40,1,2,3,1,3,20,410763 ,2NRTIs+PIs,17,CRF01_AE,N,S,S,S,S,S,S,S,S,N,S,S,S,S,S,S,S,N,S,S,S,S,S
2021/11/08,2021,VF-CQ-3684,1 ,34,1,3,4,2,4,106,85400 ,2NRTIs+NNRTIs,36,A,N,S,S,S,S,S,S,S,S,"K65R, M184V",H,S,I,H,H,H,I,"V106M, Y188L",H,H,P,H,H
2021/11/08,2021,VF-CQ-3686,1 ,72,1,4,4,1,3,240,1320 ,2NRTIs+NNRTIs,23,CRF01_AE,N,S,S,S,S,S,S,S,S,"K65R, M184V",H,S,I,H,H,H,I,"Y181C, G190A",I,H,I,H,H
2021/11/08,2021,VF-CQ-3687,2 ,20,1,2,4,2,5,31,845000 ,2NRTIs+NNRTIs,39,CRF01_AE,N,S,S,S,S,S,S,S,S,D67DN,S,L,L,S,S,S,S,"V179D, K103KR",S,I,P,I,L
2021/11/08,2021,VF-CQ-3688,2 ,72,3,4,5,4,5,269,1820 ,2NRTIs+NNRTIs,9,CRF07_BC,N,S,S,S,S,S,S,S,S,"K65R, M184V",H,S,I,H,H,H,I,"Y181C, G190A",I,H,I,H,H
2021/11/08,2021,VF-CQ-3690,1 ,46,3,4,5,4,5,205,75000 ,2NRTIs+NNRTIs,24,B,N,S,S,S,S,S,S,S,S,"K70Q, M184I",I,S,L,L,H,H,L,"K103N, V106M",I,H,S,H,S
2021/11/15,2021,VF-CQ-3697,1 ,65,3,4,5,4,5,139,641 ,2NRTIs+NNRTIs,36,CRF08_BC,N,S,S,S,S,S,S,S,S,"K65R, M184V",H,S,I,H,H,H,I,"L100I, K103N, P225PH",H,H,I,H,H
2021/11/15,2021,VF-CQ-3699,1 ,38,1,1,4,3,5,12,963000 ,2NRTIs+NNRTIs,156,CRF01_AE,N,S,S,S,S,S,S,S,S,"M41ML, D67ST, K70R, L74I, M184V, T215F, K219E",H,H,H,H,H,H,I,"K103N, V108I, M230L",H,H,I,H,H
2021/11/15,2021,VF-CQ-3702,1 ,75,3,4,5,4,5,554,5030 ,不详,58,CRF08_BC,N,S,S,S,S,S,S,S,S,N,S,S,S,S,S,S,S,K103N,S,H,S,H,S
2021/11/15,2021,VF-CQ-3704,2 ,65,1,1,4,1,5,57,188000 ,2NRTIs+NNRTIs,8,CRF07_BC,N,S,S,S,S,S,S,S,S,"K70E, M184I, L210LW",I,S,I,I,H,H,L,"V179D, Y181C",P,I,I,H,I
2021/11/15,2021,VF-CQ-3716,1 ,72,1,1,2,1,5,262,117000 ,INSTIs+CYP3A+TAF+NRTIs,6,CRF01_AE,N,S,S,S,S,S,S,S,S,N,S,S,S,S,S,S,S,N,S,S,S,S,S
2021/11/22,2021,VF-CQ-3723,1 ,72,1,1,4,1,3,44,88600 ,不详,48,CRF07_BC,N,S,S,S,S,S,S,S,S,N,S,S,S,S,S,S,S,N,S,S,S,S,S
2021/11/22,2021,VF-CQ-3725,1 ,48,3,4,5,4,5,,800 ,2NRTIs+NNRTIs,120,CRF01_AE,N,S,S,S,S,S,S,S,S,N,S,S,S,S,S,S,S,N,S,S,S,S,S
2021/11/22,2021,VF-CQ-3726,2 ,62,3,4,5,4,5,,34000 ,2NRTIs+NNRTIs,14,CRF01_AE,N,S,S,S,S,S,S,S,S,N,S,S,S,S,S,S,S,K103N,S,H,S,H,S
2021/11/22,2021,VF-CQ-3730,1 ,39,1,3,4,4,5,,,2NRTIs+NNRTIs,36,CRF01_AE,N,S,S,S,S,S,S,S,S,"A62V, K65R, M184I",H,S,I,H,H,H,I,"K103S, V106M, M230L",H,H,I,H,H
2021/11/22,2021,VF-CQ-3731,2 ,6,3,4,5,4,5,,22200 ,2NRTIs+NNRTIs,44,CRF07_BC,N,S,S,S,S,S,S,S,S,"D67N, K70R, M184V, T215F, K219E",H,H,H,H,H,H,I,"A98G, K103KN, Y181C",I,H,I,H,H
2021/11/22,2021,VF-CQ-3735,1 ,24,3,4,5,4,5,579,53300 ,2NRTIs+NNRTIs,48,CRF07_BC,N,S,S,S,S,S,S,S,S,N,S,S,S,S,S,S,S,N,S,S,S,S,S
2021/11/22,2021,VF-CQ-3738,1 ,73,3,4,5,4,5,,18700 ,2NRTIs+NNRTIs,15,CRF07_BC,N,S,S,S,S,S,S,S,S,N,S,S,S,S,S,S,S,N,S,S,S,S,S
2021/11/22,2021,VF-CQ-3739,2 ,36,1,2,4,2,3,5,10400 ,2NRTIs+NNRTIs,8,A,N,S,S,S,S,S,S,S,S,"L74V, Y115F, M184V",H,S,S,H,H,H,S,"K101E, E138A, G190V",L,H,I,H,H
2021/11/22,2021,VF-CQ-3740,1 ,50,1,2,4,1,3,100,628000 ,2NRTIs+NNRTIs,96,CRF01_AE,N,S,S,S,S,S,S,S,S,"D67N, K70E, M184V",I,S,I,I,H,H,L,"V179D, G190A",S,H,L,H,I
2021/11/22,2021,VF-CQ-3744,1 ,58,1,1,4,1,3,40,465000 ,不详,6,CRF07_BC,N,S,S,S,S,S,S,S,S,N,S,S,S,S,S,S,S,N,S,S,S,S,S
2021/11/22,2021,VF-CQ-3746,1 ,65,1,1,4,1,3,25,3530 ,2NRTIs+NNRTIs,24,CRF01_AE,N,S,S,S,S,S,S,S,S,N,S,S,S,S,S,S,S,"K103N, E138EG",S,H,P,H,L
2021/11/22,2021,VF-CQ-3750,1 ,59,1,2,4,1,3,37,727000 ,不详,24,CRF08_BC,N,S,S,S,S,S,S,S,S,N,S,S,S,S,S,S,S,N,S,S,S,S,S
2021/11/29,2021,VF-CQ-3759,1 ,57,1,4,4,1,5,35,5020000 ,2NRTIs+NNRTIs,12,CRF08_BC,N,S,S,S,S,S,S,S,S,"K70E, Y115F, M184V",H,S,L,L,H,H,I,"K103N, Y181YC, G190S, H221HY",H,H,H,H,H
2021/11/29,2021,VF-CQ-3762,1 ,66,1,4,4,2,3,99,53300 ,2NRTIs+NNRTIs,7,CRF01_AE,N,S,S,S,S,S,S,S,S,N,S,S,S,S,S,S,S,N,S,S,S,S,S
2021/11/29,2021,VF-CQ-3764,1 ,35,2,4,4,4,5,120,137 ,2NRTIs+PIs,12,CRF01_AE,N,S,S,S,S,S,S,S,S,N,S,S,S,S,S,S,S,N,S,S,S,S,S
2021/11/29,2021,VF-CQ-3766,1 ,66,3,4,5,4,5,,11700 ,2NRTIs+NNRTIs,34,CRF07_BC,N,S,S,S,S,S,S,S,S,M184V,L,S,S,P,H,H,S,E138K,P,P,P,P,I
2021/11/29,2021,VF-CQ-3774,1 ,67,1,1,2,2,3,108,547000 ,2NRTIs+NNRTIs,36,CRF08_BC,N,S,S,S,S,S,S,S,S,N,S,S,S,S,S,S,S,N,S,S,S,S,S
2021/11/29,2021,VF-CQ-3780,1 ,57,1,1,4,3,3,181,14600 ,INSTIs+CYP3A+TAF+NRTIs,12,CRF07_BC,N,S,S,S,S,S,S,S,S,N,S,S,S,S,S,S,S,N,S,S,S,S,S
2021/12/06,2021,VF-CQ-3784,1 ,65,3,4,5,4,5,100,302000 ,不详,60,CRF01_AE,L33F,S,S,P,S,S,P,S,P,N,S,S,S,S,S,S,S,N,S,S,S,S,S
2021/12/06,2021,VF-CQ-3785,2 ,48,3,4,5,4,5,,900 ,2NRTIs+NNRTIs,22,CRF07_BC,N,S,S,S,S,S,S,S,S,N,S,S,S,S,S,S,S,N,S,S,S,S,S
2021/12/06,2021,VF-CQ-3786,1 ,45,2,1,3,1,3,5,39500 ,2NRTIs+NNRTIs,52,CRF01_AE,N,S,S,S,S,S,S,S,S,"K70Q, Y115F, M184V",H,S,L,L,H,H,I,V106I,P,S,P,P,P
2021/12/06,2021,VF-CQ-3787,1 ,49,1,1,4,2,3,22,55900 ,2NRTIs+NNRTIs,33,CRF08_BC,N,S,S,S,S,S,S,S,S,"M41L, K65R, K70KT, M184V",H,S,H,H,H,H,H,"A98G, V106I, V179D, Y188L",H,H,I,H,H
2021/12/06,2021,VF-CQ-3789,1 ,55,1,1,4,1,5,91,64842 ,2NRTIs+NNRTIs,24,CRF08_BC,N,S,S,S,S,S,S,S,S,N,S,S,S,S,S,S,S,N,S,S,S,S,S
2021/12/06,2021,VF-CQ-3793,1 ,62,1,2,4,1,5,62,710000 ,2NRTIs+NNRTIs,23,CRF55_01B,N,S,S,S,S,S,S,S,S,N,S,S,S,S,S,S,S,V179E,S,P,P,P,P
2021/12/06,2021,VF-CQ-3797,1 ,65,1,4,4,1,5,223,1130 ,2NRTIs+PIs,29,B,N,S,S,S,S,S,S,S,S,N,S,S,S,S,S,S,S,N,S,S,S,S,S
2021/12/06,2021,VF-CQ-3798,1 ,58,1,4,4,4,5,147,4800 ,2NRTIs+NNRTIs,48,A,N,S,S,S,S,S,S,S,S,"K65R, K70T, M184V",H,S,H,H,H,H,H,"K101E, Y181C, G190S",H,H,H,H,H
2021/12/06,2021,VF-CQ-3800,2 ,37,1,4,4,3,3,47,643000 ,2NRTIs+NNRTIs,8,CRF07_BC,N,S,S,S,S,S,S,S,S,"K65R, M184V",H,S,I,H,H,H,I,"K101H, V106M, V179D, F227L",H,H,L,H,L
2021/12/06,2021,VF-CQ-3802,2 ,44,1,2,4,1,3,35,58300 ,2NRTIs+NNRTIs,48,CRF52_01B,N,S,S,S,S,S,S,S,S,"K65R, M184V",H,S,I,H,H,H,I,"L100I, K103N, V179AT",I,H,I,H,H
2021/12/06,2021,VF-CQ-3803,1 ,46,1,4,2,4,5,77,589000 ,2NRTIs+NNRTIs,32,CRF01_AE,N,S,S,S,S,S,S,S,S,"L74LI, M184MV",H,S,S,H,H,H,S,"K103N, V108VI, P225PH",I,H,S,H,S
2021/12/06,2021,VF-CQ-3804,2 ,45,1,2,3,1,5,64,979000 ,2NRTIs+PIs,7,CRF07_BC,N,S,S,S,S,S,S,S,S,N,S,S,S,S,S,S,S,N,S,S,S,S,S
2021/12/06,2021,VF-CQ-3805,2 ,38,3,4,5,4,5,109,892 ,2NRTIs+PIs,17,CRF07_BC,N,S,S,S,S,S,S,S,S,N,S,S,S,S,S,S,S,N,S,S,S,S,S
2021/12/06,2021,VF-CQ-3806,1 ,59,1,4,2,4,5,125,25300 ,2NRTIs+NNRTIs,12,CRF07_BC,N,S,S,S,S,S,S,S,S,N,S,S,S,S,S,S,S,N,S,S,S,S,S
2021/12/06,2021,VF-CQ-3807,1 ,48,1,1,4,1,3,175,1630000 ,不详,10,CRF08_BC,N,S,S,S,S,S,S,S,S,N,S,S,S,S,S,S,S,N,S,S,S,S,S
2021/12/06,2021,VF-CQ-3808,1 ,39,1,2,4,1,3,84,1480 ,2NRTIs+NNRTIs,12,CRF07_BC,Q58E,S,S,S,S,S,P,S,L,M184V,L,S,S,P,H,H,S,"K103N, V179VD, P225H",I,H,P,H,P
2021/12/06,2021,VF-CQ-3810,1 ,46,1,1,4,1,5,5,634000 ,2NRTIs+NNRTIs,36,CRF78_cpx,N,S,S,S,S,S,S,S,S,"D67N, K70E, Y115F",H,S,I,L,P,P,I,"E138A, G190Q",I,H,I,H,H
2021/12/13,2021,VF-CQ-3812,1 ,46,1,2,4,1,3,12,502000 ,2NRTIs+NNRTIs,60,CRF01_AE,N,S,S,S,S,S,S,S,S,N,S,S,S,S,S,S,S,K103N,S,H,S,H,S
2021/12/13,2021,VF-CQ-3816,1 ,30,3,4,5,4,4,140,142000 ,2NRTIs+NNRTIs,7,CRF01_AE,N,S,S,S,S,S,S,S,S,"D67N, M184I",L,S,S,L,H,H,S,"K101E, V106M, F227L",H,H,L,H,H
2021/12/13,2021,VF-CQ-3820,1 ,46,1,3,4,3,5,92,623000 ,2NRTIs+NNRTIs,66,CRF07_BC,N,S,S,S,S,S,S,S,S,N,S,S,S,S,S,S,S,N,S,S,S,S,S
2021/12/13,2021,VF-CQ-3822,1 ,45,3,4,5,4,5,,2390 ,2NRTIs+NNRTIs,120,CRF08_BC,N,S,S,S,S,S,S,S,S,"M41L, M184V, T215F",I,I,I,I,H,H,L,K103N,S,H,S,H,S
2021/12/13,2021,VF-CQ-3824,2 ,68,3,4,5,4,5,,2254 ,2NRTIs+NNRTIs,102,CRF07_BC,N,S,S,S,S,S,S,S,S,N,S,S,S,S,S,S,S,N,S,S,S,S,S
2021/12/13,2021,VF-CQ-3826,1 ,46,1,2,3,3,3,37,195000 ,2NRTIs+NNRTIs,24,CRF01_AE,N,S,S,S,S,S,S,S,S,N,S,S,S,S,S,S,S,N,S,S,S,S,S
2021/12/13,2021,VF-CQ-3828,1 ,46,2,4,2,4,5,239,582 ,2NRTIs+PIs,48,低于检测限,低于检测限,低于检测限,低于检测限,低于检测限,低于检测限,低于检测限,低于检测限,低于检测限,低于检测限,低于检测限,低于检测限,低于检测限,低于检测限,低于检测限,低于检测限,低于检测限,低于检测限,低于检测限,低于检测限,低于检测限,低于检测限,低于检测限,低于检测限
2021/12/13,2021,VF-CQ-3835,1 ,44,3,4,5,4,5,153,405000 ,2NRTIs+NNRTIs,21年12月失败,CRF07_BC,N,S,S,S,S,S,S,S,S,"K70KT, M184V",I,S,L,L,H,H,L,"V106M, V179D",I,H,P,H,P
2021/12/13,2021,VF-CQ-3837,1 ,78,1,1,4,1,3,84,3680000 ,不详,20,CRF07_BC,N,S,S,S,S,S,S,S,S,N,S,S,S,S,S,S,S,N,S,S,S,S,S
2021/12/20,2021,VF-CQ-3840,1 ,46,1,1,3,3,3,203,157332 ,2NRTIs+NNRTIs,17,CRF07_BC,N,S,S,S,S,S,S,S,S,N,S,S,S,S,S,S,S,V179D,S,P,P,P,P
2021/12/20,2021,VF-CQ-3841,1 ,47,1,2,3,1,3,83,185000 ,2NRTIs+NNRTIs,11,CRF07_BC,N,S,S,S,S,S,S,S,S,N,S,S,S,S,S,S,S,N,S,S,S,S,S
2021/12/20,2021,VF-CQ-3842,1 ,43,1,1,4,3,3,62,963 ,2NRTIs+NNRTIs,38,CRF07_BC,N,S,S,S,S,S,S,S,S,M184I,L,S,S,P,H,H,S,"K103N, V106M, F227FL",H,H,S,H,S
2021/12/20,2021,VF-CQ-3853,1 ,50,1,2,4,1,3,175,215000 ,2NRTIs+NNRTIs,8,CRF07_BC,N,S,S,S,S,S,S,S,S,D67N,S,L,L,S,S,S,S,"V106M, V179D, F227FL",H,H,P,H,P
2021/12/20,2021,VF-CQ-3854,1 ,80,3,4,5,4,5,,59400 ,不详,48,CRF07_BC,N,S,S,S,S,S,S,S,S,N,S,S,S,S,S,S,S,"K103KN, V179VD",S,H,P,H,P
2021/12/27,2021,VF-CQ-3859,1 ,62,1,2,4,1,3,26,31700 ,2NRTIs+NNRTIs,72,CRF01_AE,N,S,S,S,S,S,S,S,S,K65R,I,S,H,H,I,I,H,"K103N, Y181C, G190A, P225PH",H,H,I,H,H
2021/12/27,2021,VF-CQ-3862,1 ,50,1,4,3,4,5,110,46900 ,2NRTIs+NNRTIs,14,CRF01_AE,N,S,S,S,S,S,S,S,S,D67E,S,P,P,S,S,S,S,K103N,S,H,S,H,S
2022/01/03,2022,VF-CQ-3881,1 ,21,2,3,4,2,3,5,5430000 ,2NRTIs+NNRTIs,50,CRF01_AE,N,S,S,S,S,S,S,S,S,"A62V, K65R, M184V",H,S,I,H,H,H,I,"K103N, V106M",I,H,S,H,S
2022/01/03,2022,VF-CQ-3892,2 ,34,3,4,5,4,5,,36600 ,2NRTIs+NNRTIs,94,CRF01_AE,N,S,S,S,S,S,S,S,S,M184V,L,S,S,P,H,H,S,"K103N, E138Q",S,H,P,H,L
2022/01/10,2022,VF-CQ-3899,1 ,33,1,4,3,1,3,21,1470000 ,2NRTIs+NNRTIs,6,CRF07_BC,N,S,S,S,S,S,S,S,S,"M41L, K65R, M184V",H,S,H,H,H,H,I,"K101E, V106M, Y181C, G190A",H,H,H,H,H
2022/01/10,2022,VF-CQ-3902,1 ,71,3,4,5,4,5,,,2NRTIs+NNRTIs,21年10月失败,CRF07_BC,N,S,S,S,S,S,S,S,S,N,S,S,S,S,S,S,S,E138G,S,P,P,P,L
2022/01/10,2022,VF-CQ-3906,2 ,36,3,4,5,4,5,144,31600 ,2NRTIs+NNRTIs,12,CRF07_BC,N,S,S,S,S,S,S,S,S,"D67N, K70E, M184V",I,S,I,I,H,H,L,"V106M, V179E, F227L",H,H,P,H,P
2022/01/10,2022,VF-CQ-3907,1 ,52,1,1,4,1,3,39,720000 ,2NRTIs+NNRTIs,10,CRF07_BC,N,S,S,S,S,S,S,S,S,N,S,S,S,S,S,S,S,N,S,S,S,S,S
2022/01/10,2022,VF-CQ-3912,2 ,33,1,2,3,1,3,25,551000 ,不详,85,CRF01_AE,N,S,S,S,S,S,S,S,S,N,S,S,S,S,S,S,S,N,S,S,S,S,S
2022/01/10,2022,VF-CQ-3914,1 ,31,1,3,3,1,3,48,1600 ,2NRTIs+NNRTIs,48,CRF01_AE,N,S,S,S,S,S,S,S,S,M184V,L,S,S,P,H,H,S,N,S,S,S,S,S
2022/01/10,2022,VF-CQ-3918,1 ,23,3,4,5,4,5,,180000 ,2NRTIs+NNRTIs,44,CRF01_AE,N,S,S,S,S,S,S,S,S,"K65R, M184V",H,S,I,H,H,H,I,G190Q,I,H,I,H,I
2022/01/10,2022,VF-CQ-3919,1 ,58,1,1,3,3,3,28,746000 ,,,CRF07_BC,N,S,S,S,S,S,S,S,S,"D67G, M184V",L,S,S,L,H,H,S,G190Q,I,H,I,H,I
2022/01/17,2022,VF-CQ-3937,1 ,26,1,2,4,2,3,378,845000 ,2NRTIs+NNRTIs,63,CRF07_BC,N,S,S,S,S,S,S,S,S,N,S,S,S,S,S,S,S,V179E,S,P,P,P,P
2022/01/24,2022,VF-CQ-3951,1 ,46,1,3,3,1,3,91,1370 ,2NRTIs+NNRTIs,6,CRF07_BC,N,S,S,S,S,S,S,S,S,N,S,S,S,S,S,S,S,N,S,S,S,S,S
2022/01/24,2022,VF-CQ-3952,1 ,33,1,2,4,3,3,13,4270 ,2NRTIs+NNRTIs,9,CRF01_AE,N,S,S,S,S,S,S,S,S,N,S,S,S,S,S,S,S,"V106M, V179D",I,H,P,H,P
2022/01/24,2022,VF-CQ-3956,1 ,40,1,2,3,1,3,20,410763 ,2NRTIs+PIs,17,CRF01_AE,N,S,S,S,S,S,S,S,S,N,S,S,S,S,S,S,S,V106VM,I,H,S,H,S
2022/01/24,2022,VF-CQ-3957,1 ,52,3,4,5,4,5,520,249000000 ,2NRTIs+NNRTIs,120,低于检出限,低于检出限,低于检出限,低于检出限,低于检出限,低于检出限,低于检出限,低于检出限,低于检出限,低于检出限,低于检出限,低于检出限,低于检出限,低于检出限,低于检出限,低于检出限,低于检出限,低于检出限,低于检出限,低于检出限,低于检出限,低于检出限,低于检出限,低于检出限
2022/01/24,2022,VF-CQ-3964,1 ,46,1,1,4,1,3,49,139000 ,2NRTIs+PIs,59,CRF08_BC,N,S,S,S,S,S,S,S,S,N,S,S,S,S,S,S,S,V179D,S,P,P,P,P
2022/01/24,2022,VF-CQ-3970,2 ,64,1,1,2,1,5,25,263000 ,2NRTIs+NNRTIs,44,CRF07_BC,N,S,S,S,S,S,S,S,S,"K65R, Y115F, M184V",H,S,I,H,H,H,H,"K101E, Y181C, G190A",I,H,H,H,H
2022/01/24,2022,VF-CQ-3974,2 ,59,1,1,4,3,3,129,4380 ,2NRTIs+NNRTIs,110,CRF07_BC,N,S,S,S,S,S,S,S,S,"K65R, K70KQ, Y115F, M184V",H,S,H,H,H,H,H,"V106VIM, Y181C",H,H,I,H,H
2022/01/24,2022,VF-CQ-3975,1 ,25,1,4,5,4,4,200,590000 ,2NRTIs+NNRTIs,8,CRF01_AE,N,S,S,S,S,S,S,S,S,M184MI,L,S,S,P,H,H,S,"K101E, V106I, Y181YC, G190S",H,H,H,H,H
2022/01/31,2022,VF-CQ-3977,1 ,53,1,4,2,1,3,8,426 ,2NRTIs+NNRTIs,55,CRF01_AE,N,S,S,S,S,S,S,S,S,N,S,S,S,S,S,S,S,K103N,S,H,S,H,S
2022/01/31,2022,VF-CQ-3979,1 ,52,1,3,3,1,3,116,635000 ,2NRTIs+INSTIs,106,CRF07_BC,N,S,S,S,S,S,S,S,S,N,S,S,S,S,S,S,S,E138G,S,P,P,P,L
2022/01/31,2022,VF-CQ-3983,1 ,58,1,1,2,1,3,378,528000 ,2NRTIs+NNRTIs,11,CRF01_AE,M46V,P,S,P,P,S,L,S,S,N,S,S,S,S,S,S,S,N,S,S,S,S,S
2022/01/31,2022,VF-CQ-3984,2 ,58,1,1,2,3,5,36,319000 ,2NRTIs+NNRTIs,85,CRF07_BC,N,S,S,S,S,S,S,S,S,N,S,S,S,S,S,S,S,N,S,S,S,S,S
2022/02/07,2022,VF-CQ-3985,1 ,58,3,4,5,4,5,128,8520000000 ,2NRTIs+NNRTIs,118,低于检测限,低于检测限,低于检测限,低于检测限,低于检测限,低于检测限,低于检测限,低于检测限,低于检测限,低于检测限,低于检测限,低于检测限,低于检测限,低于检测限,低于检测限,低于检测限,低于检测限,低于检测限,低于检测限,低于检测限,低于检测限,低于检测限,低于检测限,低于检测限
2022/02/07,2022,VF-CQ-3986,1 ,30,1,4,4,2,5,405,26000 ,2NRTIs+NNRTIs,72,低于检出限,低于检出限,低于检出限,低于检出限,低于检出限,低于检出限,低于检出限,低于检出限,低于检出限,低于检出限,低于检出限,低于检出限,低于检出限,低于检出限,低于检出限,低于检出限,低于检出限,低于检出限,低于检出限,低于检出限,低于检出限,低于检出限,低于检出限,低于检出限
2022/02/07,2022,VF-CQ-3987,1 ,50,3,4,5,4,5,145,99300 ,2NRTIs+NNRTIs,18,CRF08_BC,N,S,S,S,S,S,S,S,S,N,S,S,S,S,S,S,S,"K103N, P225H",I,H,S,H,S
2022/02/07,2022,VF-CQ-3990,1 ,32,1,3,4,1,5,6,6250000 ,2NRTIs+INSTIs,6,CRF01_AE,N,S,S,S,S,S,S,S,S,N,S,S,S,S,S,S,S,N,S,S,S,S,S
2022/02/07,2022,VF-CQ-3997,2 ,41,1,4,4,1,5,178,1150 ,2NRTIs+NNRTIs,13,CRF07_BC,N,S,S,S,S,S,S,S,S,N,S,S,S,S,S,S,S,N,S,S,S,S,S
2022/02/07,2022,VF-CQ-4003,1 ,48,3,4,5,4,5,13,170000 ,2NRTIs+NNRTIs,36,CRF01_AE,N,S,S,S,S,S,S,S,S,"K65R, V75M, M184V",H,S,H,H,H,H,I,"K103N, V106M, F227L",H,H,S,H,S
2022/02/07,2022,VF-CQ-4007,1 ,69,1,4,4,3,5,32,680000 ,2NRTIs+NNRTIs,50,CRF08_BC,N,S,S,S,S,S,S,S,S,"L74I, M184V",H,S,S,H,H,H,S,"K103N, V108I, P225H",I,H,S,H,S
2022/02/14,2022,VF-CQ-4008,1 ,58,3,4,5,4,5,90,17500 ,2NRTIs+NNRTIs,84,低于检测限,低于检测限,低于检测限,低于检测限,低于检测限,低于检测限,低于检测限,低于检测限,低于检测限,低于检测限,低于检测限,低于检测限,低于检测限,低于检测限,低于检测限,低于检测限,低于检测限,低于检测限,低于检测限,低于检测限,低于检测限,低于检测限,低于检测限,低于检测限
2022/02/14,2022,VF-CQ-4009,2 ,64,1,1,4,1,3,91,33300 ,不详,11,CRF07_BC,N,S,S,S,S,S,S,S,S,N,S,S,S,S,S,S,S,N,S,S,S,S,S
2022/02/14,2022,VF-CQ-4011,1 ,59,1,2,4,1,3,18,1070000 ,2NRTIs+NNRTIs,32,低于检出限,低于检出限,低于检出限,低于检出限,低于检出限,低于检出限,低于检出限,低于检出限,低于检出限,低于检出限,低于检出限,低于检出限,低于检出限,低于检出限,低于检出限,低于检出限,低于检出限,低于检出限,低于检出限,低于检出限,低于检出限,低于检出限,低于检出限,低于检出限
2022/02/14,2022,VF-CQ-4012,1 ,50,3,4,5,4,5,208,90500 ,2NRTIs+NNRTIs,32,CRF59_01B,N,S,S,S,S,S,S,S,S,N,S,S,S,S,S,S,S,K103N,S,H,S,H,S
2022/02/14,2022,VF-CQ-4013,1 ,49,3,4,5,4,5,23,24100 ,2NRTIs+NNRTIs,14,CRF55_01B,N,S,S,S,S,S,S,S,S,"A62AV, K65KR, L74LI, M184V",H,S,I,H,H,H,H,"K103N, V106VI, V179E, P225PH",I,H,L,H,L
2022/02/14,2022,VF-CQ-4016,1 ,46,3,4,5,4,5,259,3810 ,2NRTIs+NNRTIs,23,CRF07_BC,Q58E,S,S,S,S,S,P,S,L,"K70E, M184V, K219R",I,S,L,I,H,H,L,"K103N, V108I, P225H",I,H,S,H,S
2022/02/14,2022,VF-CQ-4027,1 ,57,1,1,4,1,3,138,599000 ,2NRTIs+INSTIs,N,CRF07_BC,N,S,S,S,S,S,S,S,S,N,S,S,S,S,S,S,S,N,S,S,S,S,S
2022/02/14,2022,VF-CQ-4028,1 ,31,1,2,3,2,3,14,502000 ,不详,6,B,N,S,S,S,S,S,S,S,S,N,S,S,S,S,S,S,S,"V106I, V179E",P,P,L,L,L
2022/02/14,2022,VF-CQ-4030,1 ,58,1,4,3,3,5,12,357000 ,2NRTIs+NNRTIs,120,CRF08_BC,N,S,S,S,S,S,S,S,S,N,S,S,S,S,S,S,S,"Y181C, H221Y",I,I,I,H,H
2022/02/14,2022,VF-CQ-4033,2 ,58,1,4,4,4,5,158,13700 ,2NRTIs+NNRTIs,29,CRF01_AE,N,S,S,S,S,S,S,S,S,N,S,S,S,S,S,S,S,N,S,S,S,S,S
2022/02/14,2022,VF-CQ-4034,1 ,21,1,4,4,4,5,127,53000 ,2NRTIs+NNRTIs,18,CRF07_BC,N,S,S,S,S,S,S,S,S,"K65R, M184I",H,S,I,H,H,H,I,"K103N, V106M",I,H,S,H,S
2022/02/14,2022,VF-CQ-4035,1 ,61,3,4,5,4,5,11,10300000 ,不详,不详,CRF07_BC,N,S,S,S,S,S,S,S,S,M184V,L,S,S,P,H,H,S,"V106M, V179D, G190A, F227FL",H,H,L,H,L
2022/02/14,2022,VF-CQ-4036,1 ,46,1,4,4,4,5,308,50300 ,2NRTIs+NNRTIs,90,CRF08_BC,N,S,S,S,S,S,S,S,S,N,S,S,S,S,S,S,S,E138A,S,S,P,S,L
2022/02/14,2022,VF-CQ-4037,2 ,36,3,4,5,4,5,,5450 ,2NRTIs+NNRTIs,94,CRF01_AE,N,S,S,S,S,S,S,S,S,"K65R, M184V, K219E",H,S,H,H,H,H,I,Y181C,P,I,I,H,I
2022/02/21,2022,VF-CQ-4040,1 ,44,1,4,4,4,5,456,2720 ,2NRTIs+NNRTIs,25,CRF07_BC,N,S,S,S,S,S,S,S,S,"K65R,M184V,K219E",H,S,H,H,H,H,I,"V106M,V179D,M230L",H,H,I,H,H
2022/02/21,2022,VF-CQ-4042,1 ,57,1,4,2,3,3,21,94500 ,2NRTIs+NNRTIs,114,CRF01_AE,N,S,S,S,S,S,S,S,S,"M41L, E44A, T69D, V75M, M184V, L210W, T215Y",H,H,H,H,H,H,I,"K103N, V108VI, P225H, M230L",H,H,I,H,H
2022/02/21,2022,VF-CQ-4046,1 ,79,1,1,2,3,5,363,1180 ,2NRTIs+NNRTIs,12,CRF07_BC,N,S,S,S,S,S,S,S,S,N,S,S,S,S,S,S,S,N,S,S,S,S,S
2022/02/21,2022,VF-CQ-4049,1 ,72,1,1,2,3,3,98,33700 ,2NRTIs+NNRTIs,49,CRF08_BC,N,S,S,S,S,S,S,S,S,N,S,S,S,S,S,S,S,K103N,S,H,S,H,S
2022/02/21,2022,VF-CQ-4051,1 ,74,1,4,4,1,5,6,1820000 ,2NRTIs+NNRTIs,72,CRF08_BC,N,S,S,S,S,S,S,S,S,"D67G, K70E, M184V",I,S,L,I,H,H,L,"E138A, G190E",H,H,I,H,H
2022/02/21,2022,VF-CQ-4052,1 ,28,1,3,4,3,4,8,3080000 ,2NRTIs+NNRTIs,10,CRF07_BC,N,S,S,S,S,S,S,S,S,M184MIL,L,S,S,P,H,H,S,"L100I, K103N",I,H,I,H,H
2022/02/21,2022,VF-CQ-4059,1 ,69,3,4,5,4,5,229,1800 ,2NRTIs+NNRTIs,48,CRF07_BC,N,S,S,S,S,S,S,S,S,"K65R, M184V, K219E",H,S,H,H,H,H,I,"K101E, V108I, Y181C",I,H,I,H,H
2022/02/21,2022,VF-CQ-4061,1 ,49,1,2,4,2,3,59,3890000 ,2NRTIs+NNRTIs,48,CRF07_BC,N,S,S,S,S,S,S,S,S,"D67N, K70E, M184I",I,S,I,I,H,H,L,"V179E, Y188L, H221Y",H,H,I,H,H
2022/02/28,2022,VF-CQ-4066,1 ,81,1,1,4,3,3,401,1870 ,2NRTIs+PIs,65,CRF07_BC,N,S,S,S,S,S,S,S,S,N,S,S,S,S,S,S,S,N,S,S,S,S,S
2022/02/28,2022,VF-CQ-4070,1 ,44,1,1,4,3,5,100,9460 ,2NRTIs+NNRTIs,108,CRF01_AE,N,S,S,S,S,S,S,S,S,"K65R, Y115F, M184V",H,S,I,H,H,H,H,"K103N, V106I, V179E, G190A",P,H,I,H,I
2022/02/28,2022,VF-CQ-4077,2 ,27,3,4,5,4,5,,3960 ,2NRTIs+NNRTIs,41,低于检出限,低于检出限,低于检出限,低于检出限,低于检出限,低于检出限,低于检出限,低于检出限,低于检出限,低于检出限,低于检出限,低于检出限,低于检出限,低于检出限,低于检出限,低于检出限,低于检出限,低于检出限,低于检出限,低于检出限,低于检出限,低于检出限,低于检出限,低于检出限
2022/02/28,2022,VF-CQ-4079,1 ,59,1,4,2,1,5,104,633000 ,2NRTIs+INSTIs,10,CRF01_AE,N,S,S,S,S,S,S,S,S,N,S,S,S,S,S,S,S,N,S,S,S,S,S
2022/02/28,2022,VF-CQ-4082,1 ,78,1,1,4,1,3,81,193000 ,不详,7,CRF07_BC,N,S,S,S,S,S,S,S,S,N,S,S,S,S,S,S,S,N,S,S,S,S,S
2022/02/28,2022,VF-CQ-4083,1 ,46,1,4,3,2,3,40,72400 ,2NRTIs+INSTIs,7,CRF07_BC,N,S,S,S,S,S,S,S,S,N,S,S,S,S,S,S,S,N,S,S,S,S,S
2022/02/28,2022,VF-CQ-4085,2 ,35,3,4,5,4,5,207,20000 ,2NRTIs+NNRTIs,69,B,N,S,S,S,S,S,S,S,S,N,S,S,S,S,S,S,S,N,S,S,S,S,S
2022/02/28,2022,VF-CQ-4092,1 ,53,2,1,4,1,5,54,171000 ,2NRTIs+NNRTIs,96,C,N,S,S,S,S,S,S,S,S,N,S,S,S,S,S,S,S,N,S,S,S,S,S
2022/03/07,2022,VF-CQ-4099,1 ,50,3,4,5,4,5,,113000 ,2NRTIs+NNRTIs,22年2月失败,低于检出限,低于检出限,低于检出限,低于检出限,低于检出限,低于检出限,低于检出限,低于检出限,低于检出限,低于检出限,低于检出限,低于检出限,低于检出限,低于检出限,低于检出限,低于检出限,低于检出限,低于检出限,低于检出限,低于检出限,低于检出限,低于检出限,低于检出限,低于检出限
2022/03/07,2022,VF-CQ-4100,1 ,49,1,1,4,2,4,10,5540000 ,2NRTIs+NNRTIs,72,CRF07_BC,N,S,S,S,S,S,S,S,S,N,S,S,S,S,S,S,S,K103N,S,H,S,H,S
2022/03/07,2022,VF-CQ-4107,1 ,56,1,1,2,3,3,389,1460 ,2NRTIs+NNRTIs,108,CRF01_AE,N,S,S,S,S,S,S,S,S,M184V,L,S,S,P,H,H,S,"V108I, V179D",L,L,P,L,P
2022/03/07,2022,VF-CQ-4108,1 ,54,1,1,4,1,3,44,93100 ,2NRTIs+NNRTIs,6,CRF01_AE,N,S,S,S,S,S,S,S,S,"K70E, M184V",I,S,L,L,H,H,L,"L100I, K103N, P225H",H,H,I,H,H
2022/03/07,2022,VF-CQ-4111,1 ,50,1,4,4,1,3,350,4600 ,2NRTIs+NNRTIs,49,CRF07_BC,N,S,S,S,S,S,S,S,S,"K65R, M184V",H,S,I,H,H,H,I,"V106M, V179E",I,H,P,H,P
2022/03/07,2022,VF-CQ-4112,2 ,49,1,1,4,1,5,44,1360000 ,2NRTIs+NNRTIs,22,低于检出限,低于检出限,低于检出限,低于检出限,低于检出限,低于检出限,低于检出限,低于检出限,低于检出限,低于检出限,低于检出限,低于检出限,低于检出限,低于检出限,低于检出限,低于检出限,低于检出限,低于检出限,低于检出限,低于检出限,低于检出限,低于检出限,低于检出限,低于检出限
2022/03/07,2022,VF-CQ-4113,1 ,22,1,4,4,2,5,29,1620000 ,2NRTIs+NNRTIs,12,CRF07_BC,N,S,S,S,S,S,S,S,S,N,S,S,S,S,S,S,S,N,S,S,S,S,S
2022/03/07,2022,VF-CQ-4114,2 ,35,3,4,5,4,5,,,2NRTIs+PIs,11,低于检出限,低于检出限,低于检出限,低于检出限,低于检出限,低于检出限,低于检出限,低于检出限,低于检出限,低于检出限,低于检出限,低于检出限,低于检出限,低于检出限,低于检出限,低于检出限,低于检出限,低于检出限,低于检出限,低于检出限,低于检出限,低于检出限,低于检出限,低于检出限
2022/03/07,2022,VF-CQ-4123,1 ,55,1,2,3,3,5,100,271000 ,2NRTIs+NNRTIs,103,CRF01_AE,N,S,S,S,S,S,S,S,S,N,S,S,S,S,S,S,S,V179VD,S,P,P,P,P
2022/03/07,2022,VF-CQ-4126,2 ,18,3,4,5,4,5,175,3040 ,2NRTIs+NNRTIs,109,CRF08_BC,N,S,S,S,S,S,S,S,S,"D67G, T69D, K70R, M184V, K219E",H,I,I,H,H,H,L,"K103N, V106I, M230L, L234I",H,H,I,H,H
2022/03/07,2022,VF-CQ-4127,1 ,32,3,4,5,4,5,355,20000 ,2NRTIs+NNRTIs,36,CRF07_BC,N,S,S,S,S,S,S,S,S,"D67G, K70E, V75I, Y115F",H,S,I,L,L,L,I,"G190E, H221Y",H,H,I,H,H
2022/03/07,2022,VF-CQ-4141,1 ,35,1,2,4,1,3,371,2150 ,2NRTIs+PIs,84,CRF01_AE,"M46I, I54V, V82A",H,S,I,H,H,H,H,L,"D67N, K70E, M184V",I,S,I,I,H,H,L,"K103N, V106I, F227L",H,H,P,H,P
2022/03/14,2022,VF-CQ-4146,1 ,72,1,2,4,3,3,126,3460000 ,2NRTIs+NNRTIs,8,CRF07_BC,N,S,S,S,S,S,S,S,S,N,S,S,S,S,S,S,S,N,S,S,S,S,S
2022/03/14,2022,VF-CQ-4147,1 ,68,1,2,2,1,5,115,1010000 ,2NRTIs+NNRTIs,18,CRF08_BC,N,S,S,S,S,S,S,S,S,N,S,S,S,S,S,S,S,N,S,S,S,S,S
2022/03/14,2022,VF-CQ-4150,1 ,62,1,1,2,1,3,45,652000 ,2NRTIs+NNRTIs,72,CRF07_BC,N,S,S,S,S,S,S,S,S,"K70E, Y115F, M184V",H,S,L,L,H,H,I,"V179E, Y188L",H,H,L,H,H
2022/03/14,2022,VF-CQ-4155,1 ,28,1,3,3,2,4,20,9810000 ,2NRTIs+INSTIs,11,CRF01_AE,N,S,S,S,S,S,S,S,S,M184MI,L,S,S,P,H,H,S,N,S,S,S,S,S
2022/03/14,2022,VF-CQ-4161,1 ,43,1,4,2,4,5,288,620000 ,2NRTIs+NNRTIs,101,CRF07_BC,N,S,S,S,S,S,S,S,S,N,S,S,S,S,S,S,S,N,S,S,S,S,S
2022/03/14,2022,VF-CQ-4167,1 ,50,1,1,4,3,3,11,333000 ,不详,144,CRF07_BC,N,S,S,S,S,S,S,S,S,N,S,S,S,S,S,S,S,N,S,S,S,S,S
2022/03/21,2022,VF-CQ-4177,1 ,56,1,4,4,1,5,122,2930 ,2NRTIs+NNRTIs,12,CRF01_AE,N,S,S,S,S,S,S,S,S,N,S,S,S,S,S,S,S,"V106M, V179D",I,H,P,H,P
2022/03/21,2022,VF-CQ-4182,1 ,53,3,4,5,4,5,39,31300 ,2NRTIs+NNRTIs,9,CRF01_AE,L33F,S,S,P,S,S,P,S,P,"K65KR, D67DN",I,S,H,H,I,I,H,"K101KE, V106VI, Y188YC",I,H,L,H,I
2022/03/21,2022,VF-CQ-4194,2 ,49,1,2,4,3,5,159,92300 ,不详,99,CRF07_BC,N,S,S,S,S,S,S,S,S,N,S,S,S,S,S,S,S,E138A,S,S,P,S,L
2022/03/21,2022,VF-CQ-4195,1 ,35,1,4,5,4,5,343,8980 ,2NRTIs+NNRTIs,82,CRF07_BC,N,S,S,S,S,S,S,S,S,K70KQ,L,S,L,L,P,P,L,V179VD,S,P,P,P,P
2022/03/28,2022,VF-CQ-4197,1 ,55,1,4,4,1,2,18,466095 ,2NRTIs+NNRTIs,36,CRF08_BC,N,S,S,S,S,S,S,S,S,N,S,S,S,S,S,S,S,N,S,S,S,S,S
2022/03/28,2022,VF-CQ-4201,1 ,53,1,4,4,4,5,50,832000 ,2NRTIs+NNRTIs,96,CRF01_AE,N,S,S,S,S,S,S,S,S,"M41L, L74I, M184V",H,S,S,H,H,H,S,"A98AG, K103N, P225H",I,H,P,H,L
2022/03/28,2022,VF-CQ-4212,1 ,57,1,1,2,2,3,74,10000000 ,2NRTIs+NNRTIs,60,CRF01_AE,N,S,S,S,S,S,S,S,S,N,S,S,S,S,S,S,S,Y188L,H,H,P,H,H
2022/03/28,2022,VF-CQ-4217,1 ,26,1,1,4,2,4,37,400000 ,2NRTIs+NNRTIs,25,CRF01_AE,N,S,S,S,S,S,S,S,S,"K65R, Y115F, M184V",H,S,I,H,H,H,H,"K101E, Y181C, G190A, M230MI",H,H,H,H,H
2022/04/04,2022,VF-CQ-4225,2 ,51,3,4,5,4,5,33,984000 ,不详,136,CRF07_BC,N,S,S,S,S,S,S,S,S,K219N,S,P,P,S,S,S,S,Y181YC,P,I,I,H,I
2022,2022,VF-CQ-4227,1 ,30,1,1,3,1,3,64,26100 ,2NRTIs+NNRTIs,29,CRF07_BC,N,S,S,S,S,S,S,S,S,"K65R, K70KT, M184V",H,S,H,H,H,H,H,"L100I, K103N",I,H,I,H,H
2022/04/04,2022,VF-CQ-4229,1 ,27,1,2,4,2,4,200,296000000 ,2NRTIs+PIs,32,CRF55_01B,N,S,S,S,S,S,S,S,S,N,S,S,S,S,S,S,S,"E138G, V179E",S,L,L,L,L
2022/04/04,2022,VF-CQ-4231,1 ,59,1,1,4,1,5,162,852000 ,2NRTIs+NNRTIs,12,CRF08_BC,N,S,S,S,S,S,S,S,S,N,S,S,S,S,S,S,S,"K103N, V106VM, V179D",I,H,P,H,P
2022/04/04,2022,VF-CQ-4232,1 ,30,1,3,4,2,4,44,63400 ,2NRTIs+INSTIs,12,CRF07_BC,N,S,S,S,S,S,S,S,S,N,S,S,S,S,S,S,S,N,S,S,S,S,S
2022/04/04,2022,VF-CQ-4233,1 ,38,1,4,4,4,5,321,7580 ,2NRTIs+NNRTIs,60,B + CRF01_AE,N,S,S,S,S,S,S,S,S,N,S,S,S,S,S,S,S,V179E,S,P,P,P,P
2022/04/04,2022,VF-CQ-4241,1 ,52,1,4,4,2,5,54,1530 ,2NRTIs+NNRTIs,108,CRF08_BC,N,S,S,S,S,S,S,S,S,N,S,S,S,S,S,S,S,K103N,S,H,S,H,S
2022/04/04,2022,VF-CQ-4243,1 ,51,1,4,3,1,3,9,11740 ,2NRTIs+NNRTIs,84,CRF01_AE,N,S,S,S,S,S,S,S,S,N,S,S,S,S,S,S,S,"K103N,V179D,G190A",S,H,L,H,L
2022/04/11,2022,VF-CQ-4250,1 ,81,1,2,4,1,5,264,1410000 ,2NRTIs+NNRTIs,96,CRF07_BC,N,S,S,S,S,S,S,S,S,N,S,S,S,S,S,S,S,N,S,S,S,S,S
2022/04/11,2022,VF-CQ-4254,1 ,45,2,1,3,1,3,5,39500 ,2NRTIs+NNRTIs,52,CRF01_AE,N,S,S,S,S,S,S,S,S,"K70Q, Y115F, M184V",H,S,L,L,H,H,I,V106I,P,S,P,P,P
2022/04/11,2022,VF-CQ-4259,1 ,47,3,4,5,4,5,,863903 ,2NRTIs+NNRTIs,22年3月病毒性失败,CRF07_BC,N,S,S,S,S,S,S,S,S,N,S,S,S,S,S,S,S,V179E,S,P,P,P,P
2022/04/11,2022,VF-CQ-4261,1 ,56,1,1,4,3,3,28,104000 ,2NRTIs+NNRTIs,24,CRF08_BC,N,S,S,S,S,S,S,S,S,"K65R, M184I, K219E",H,S,H,H,H,H,I,"V106M, V179D, M230L",H,H,I,H,H
2022/04/11,2022,VF-CQ-4262,1 ,54,1,1,3,1,2,143,448 ,2NRTIs+NNRTIs,84,CRF07_BC,N,S,S,S,S,S,S,S,S,N,S,S,S,S,S,S,S,N,S,S,S,S,S
2022/04/11,2022,VF-CQ-4267,2 ,59,1,2,2,1,3,92,305000 ,不详,63,CRF07_BC,N,S,S,S,S,S,S,S,S,N,S,S,S,S,S,S,S,K103N,S,H,S,H,S
2022/04/11,2022,VF-CQ-4270,1 ,33,1,2,4,1,3,10,104000 ,2NRTIs+NNRTIs,12,CRF01_AE,N,S,S,S,S,S,S,S,S,M184I,L,S,S,P,H,H,S,"Y181C, Y188L",H,H,I,H,H
2022/04/11,2022,VF-CQ-4272,2 ,49,3,4,5,4,5,14,2210000 ,2NRTIs+NNRTIs,85,CRF07_BC,N,S,S,S,S,S,S,S,S,"K65R, M184MI",H,S,I,H,H,H,I,"V106M, V179D, M230L",H,H,I,H,H
2022/04/11,2022,VF-CQ-4273,2 ,54,1,1,4,1,3,55,2630000 ,2NRTIs+NNRTIs,9,低于检出限,低于检出限,低于检出限,低于检出限,低于检出限,低于检出限,低于检出限,低于检出限,低于检出限,低于检出限,低于检出限,低于检出限,低于检出限,低于检出限,低于检出限,低于检出限,低于检出限,低于检出限,低于检出限,低于检出限,低于检出限,低于检出限,低于检出限,低于检出限
2022/04/11,2022,VF-CQ-4275,1 ,43,1,2,4,1,4,24,74200 ,2NRTIs+NNRTIs,6,CRF01_AE,N,S,S,S,S,S,S,S,S,"D67N, K70E, M184V",I,S,I,I,H,H,L,"Y188L, G190A",H,H,L,H,H
2022/04/11,2022,VF-CQ-4276,2 ,31,1,2,5,1,5,10,180000 ,2NRTIs+NNRTIs,9,CRF01_AE,N,S,S,S,S,S,S,S,S,M184I,L,S,S,P,H,H,S,"L100I, K103N",I,H,I,H,H
2022/04/11,2022,VF-CQ-4281,1 ,27,1,4,4,1,5,11,34500000 ,2NRTIs+NNRTIs,12,B + CRF01_AE,N,S,S,S,S,S,S,S,S,"D67N, K70E, M184V",I,S,I,I,H,H,L,"K101E, V106I, E138K, G190A",I,H,I,H,H
2022/04/11,2022,VF-CQ-4285,1 ,71,1,1,2,1,3,9,314000 ,2NRTIs+NNRTIs,45,CRF01_AE,L33LF,S,S,P,S,S,P,S,P,N,S,S,S,S,S,S,S,N,S,S,S,S,S
2022/04/18,2022,VF-CQ-4287,1 ,26,1,4,5,4,4,200,590000 ,2NRTIs+NNRTIs,8,CRF01_AE,N,S,S,S,S,S,S,S,S,M184MI,L,S,S,P,H,H,S,"K101KE, V106I, Y181YC, G190S",H,H,H,H,H
2022/04/18,2022,VF-CQ-4288,1 ,34,1,4,4,3,3,303,16200 ,2NRTIs+PIs,120,CRF07_BC,"I54V, V82A",I,S,I,I,I,H,I,L,"K65R, Y115F, M184V",H,S,I,H,H,H,H,Y181C,P,I,I,H,I
2022/04/18,2022,VF-CQ-4291,1 ,32,1,4,4,4,5,14,178000 ,2NRTIs+INSTIs,9,CRF01_AE,N,S,S,S,S,S,S,S,S,"L74V, M184V, K219N",H,S,S,H,H,H,S,"L100I, K103N",I,H,I,H,H
2022/04/18,2022,VF-CQ-4295,1 ,48,1,2,4,3,3,60,687000 ,2NRTIs+NNRTIs,120,CRF07_BC,N,S,S,S,S,S,S,S,S,N,S,S,S,S,S,S,S,N,S,S,S,S,S
2022/04/18,2022,VF-CQ-4301,2 ,60,1,1,2,3,5,149,484000 ,2NRTIs+INSTIs,9,CRF07_BC,N,S,S,S,S,S,S,S,S,N,S,S,S,S,S,S,S,N,S,S,S,S,S
2022/04/18,2022,VF-CQ-4304,1 ,58,3,4,5,4,5,36,1960000 ,2NRTIs+PIs,24,CRF07_BC,N,S,S,S,S,S,S,S,S,N,S,S,S,S,S,S,S,V179D,S,P,P,P,P
4/18/2022,2022,VF-CQ-4306,2 ,51,1,1,2,1,3,63,2180000 ,2NRTIs+NNRTIs,34,B+C,N,S,S,S,S,S,S,S,S,N,S,S,S,S,S,S,S,N,S,S,S,S,S
2022/04/18,2022,VF-CQ-4313,1 ,35,1,4,4,4,5,170,436000 , 不详,60,CRF07_BC,N,S,S,S,S,S,S,S,S,N,S,S,S,S,S,S,S,N,S,S,S,S,S
2022/04/25,2022,VF-CQ-4323,1 ,50,2,2,4,1,5,167,855000 ,2NRTIs+NNRTIs,16,CRF55_01B,N,S,S,S,S,S,S,S,S,"D67N, K70E, M184V",I,S,I,I,H,H,L,"V106M, V179E, H221HY, F227L",H,H,L,H,L
2022/04/25,2022,VF-CQ-4326,1 ,64,1,1,4,3,3,105,9720 ,2NRTIs+NNRTIs,96,C,N,S,S,S,S,S,S,S,S,K65R,I,S,H,H,I,I,H,V106M,I,H,S,H,S
2022/04/25,2022,VF-CQ-4332,2 ,31,1,2,4,3,3,87,2650000 ,2NRTIs+NNRTIs,12,CRF08_BC,N,S,S,S,S,S,S,S,S,N,S,S,S,S,S,S,S,N,S,S,S,S,S
2022/04/25,2022,VF-CQ-4333,1 ,27,1,3,4,2,4,58,913000 ,2NRTIs+NNRTIs,9,CRF01_AE+07_BC,N,S,S,S,S,S,S,S,S,N,S,S,S,S,S,S,S,N,S,S,S,S,S
2022/04/25,2022,VF-CQ-4335,2 ,56,1,2,2,3,5,85,873000 ,2NRTIs+NNRTIs,12,CRF01_AE,N,S,S,S,S,S,S,S,S,N,S,S,S,S,S,S,S,N,S,S,S,S,S
2022/04/25,2022,VF-CQ-4336,1 ,63,1,1,4,1,5,44,3740000 ,2NRTIs+NNRTIs,48,CRF07_BC,N,S,S,S,S,S,S,S,S,N,S,S,S,S,S,S,S,N,S,S,S,S,S
2022/05/02,2022,VF-CQ-4348,1 ,46,1,4,4,4,5,308,50300 ,2NRTIs+NNRTIs,90,CRF08_BC,N,S,S,S,S,S,S,S,S,N,S,S,S,S,S,S,S,E138A,S,S,P,S,L
2022/05/02,2022,VF-CQ-4358,1 ,31,1,3,4,2,3,35,295000 ,2NRTIs+NNRTIs,36,CRF52_01B,N,S,S,S,S,S,S,S,S,N,S,S,S,S,S,S,S,V106VI,P,S,P,P,P
2022/05/02,2022,VF-CQ-4359,1 ,26,3,4,5,4,5,82,1015 ,2NRTIs+NNRTIs,74,CRF07_BC,N,S,S,S,S,S,S,S,S,"M184V, T215Y",L,I,I,L,H,H,S,"K103N, Y181C",L,H,I,H,I
2022/05/02,2022,VF-CQ-4362,2 ,71,1,1,2,3,5,326,13700 ,2NRTIs+NNRTIs,113,CRF07_BC,N,S,S,S,S,S,S,S,S,"T69D, K70R, M184V",L,L,L,I,H,H,S,Y181C,P,I,I,H,I
2022/05/09,2022,VF-CQ-4368,1 ,65,1,3,4,1,5,281,181000 ,2NRTIs+NNRTIs,19,C,N,S,S,S,S,S,S,S,S,N,S,S,S,S,S,S,S,K103N,S,H,S,H,S
2022/05/09,2022,VF-CQ-4371,1 ,76,3,4,5,4,5,226,256000 ,2NRTIs+NNRTIs,84,CRF85_BC,N,S,S,S,S,S,S,S,S,N,S,S,S,S,S,S,S,N,S,S,S,S,S
2022/05/09,2022,VF-CQ-4384,1 ,52,1,4,4,2,5,54,1530 ,2NRTIs+NNRTIs,108,CRF08_BC,N,S,S,S,S,S,S,S,S,N,S,S,S,S,S,S,S,K103N,S,H,S,H,S
2022/05/16,2022,VF-CQ-4395,1 ,33,2,2,4,1,3,69,6390 ,2NRTIs+NNRTIs,96,CRF01_AE,N,S,S,S,S,S,S,S,S,N,S,S,S,S,S,S,S,V179D,S,S,S,S,S
2022/05/16,2022,VF-CQ-4399,1 ,35,1,3,4,2,3,68,356000 ,2NRTIs+NNRTIs,84,CRF07_BC,N,S,S,S,S,S,S,S,S,N,S,S,S,S,S,S,S,N,S,S,S,S,S
2022/05/16,2022,VF-CQ-4401,1 ,57,1,4,4,1,5,82,1870 ,2NRTIs+NNRTIs,12,CRF01_AE,N,S,S,S,S,S,S,S,S,N,S,S,S,S,S,S,S,N,S,S,S,S,S
2022/05/16,2022,VF-CQ-4403,1 ,45,1,2,3,1,5,25,566000 ,2NRTIs+PIs,79,CRF01_AE,N,S,S,S,S,S,S,S,S,N,S,S,S,S,S,S,S,N,S,S,S,S,S
2022/05/16,2022,VF-CQ-4410,1 ,6,1,1,1,2,1,858,895 ,2NRTIs+NNRTIs,24,CRF07_BC,N,S,S,S,S,S,S,S,S,N,S,S,S,S,S,S,S,N,S,S,S,S,S
2022/05/16,2022,VF-CQ-4412,1 ,25,1,4,2,4,5,58,7626 ,2NRTIs+NNRTIs,15,CRF55_01B,N,S,S,S,S,S,S,S,S,"K65KR, D67DN, T69Deletion, K70KQ, M184MIV, K219N",H,S,H,H,H,H,H,"V106VI, V179E, Y181C, G190S",H,H,H,H,H
2022/05/16,2022,VF-CQ-4418,2 ,59,1,1,4,1,3,71,1584788 ,2NRTIs+PIs,22,CRF08_BC,N,S,S,S,S,S,S,S,S,N,S,S,S,S,S,S,S,K103N,S,H,S,H,S
2022/05/16,2022,VF-CQ-4422,1 ,46,1,4,4,1,5,129,623000 ,不详,120,CRF07_BC,N,S,S,S,S,S,S,S,S,N,S,S,S,S,S,S,S,N,S,S,S,S,S
2022/05/16,2022,VF-CQ-4423,1 ,59,3,4,5,4,5,,,2NRTIs+NNRTIs,24,CRF07_BC,N,S,S,S,S,S,S,S,S,N,S,S,S,S,S,S,S,K103N,S,H,S,H,S
2022/05/23,2022,VF-CQ-4425,1 ,43,1,4,4,1,4,266,53800 ,2NRTIs+NNRTIs,6,CRF01_AE,N,S,S,S,S,S,S,S,S,"M41L, K65R, L74I, Y115F, M184V",H,S,H,H,H,H,H,"V106M, V179D, F227L",H,H,P,H,L
2022/05/23,2022,VF-CQ-4428,2 ,55,1,1,4,1,5,21,687000 ,2NRTIs+NNRTIs,8,CRF07_BC,N,S,S,S,S,S,S,S,S,N,S,S,S,S,S,S,S,N,S,S,S,S,S
2022/05/23,2022,VF-CQ-4430,1 ,28,1,3,4,3,4,8,3080000 ,2NRTIs+NNRTIs,10,CRF07_BC,N,S,S,S,S,S,S,S,S,M184V,L,S,S,P,H,H,S,K103N,S,H,S,H,S
2022/05/23,2022,VF-CQ-4435,1 ,82,1,1,4,1,3,88,1680000 ,2NRTIs+NNRTIs,12,CRF08_BC,N,S,S,S,S,S,S,S,S,N,S,S,S,S,S,S,S,"V106I, V179D",P,P,L,L,L
2022/05/23,2022,VF-CQ-4437,1 ,32,1,4,4,2,4,22,188831 ,2NRTIs+NNRTIs,36,低于检出限,低于检出限,低于检出限,低于检出限,低于检出限,低于检出限,低于检出限,低于检出限,低于检出限,低于检出限,低于检出限,低于检出限,低于检出限,低于检出限,低于检出限,低于检出限,低于检出限,低于检出限,低于检出限,低于检出限,低于检出限,低于检出限,低于检出限,低于检出限
2022/05/23,2022,VF-CQ-4450,1 ,72,1,1,4,1,5,57,1060000 ,2NRTIs+NNRTIs,156,CRF08_BC,N,S,S,S,S,S,S,S,S,"M41L, V75VIM, M184V, T215Y",I,H,H,H,H,H,L,"K103N, P225H",I,H,S,H,S
2022/05/23,2022,VF-CQ-4451,1 ,34,1,4,4,4,5,20,95500 ,2NRTIs+NNRTIs,8,CRF01_AE,N,S,S,S,S,S,S,S,S,N,S,S,S,S,S,S,S,N,S,S,S,S,S
2022/05/23,2022,VF-CQ-4453,1 ,70,1,1,2,3,5,85,1090000 ,2NRTIs+INSTIs,13,CRF07_BC,Q58E,S,S,S,S,S,P,S,S,N,S,S,S,S,S,S,S,N,S,S,S,S,S
2022/05/23,2022,VF-CQ-4455,1 ,21,1,4,4,2,3,62,80400 ,2NRTIs+INSTIs,20,CRF07_BC,N,S,S,S,S,S,S,S,S,N,S,S,S,S,S,S,S,E138A,S,S,P,S,L
2022/05/30,2022,VF-CQ-4487,1 ,31,1,4,4,4,5,55,7560 ,2NRTIs+NNRTIs,6,B,N,S,S,S,S,S,S,S,S,"E44ED, A62V, K65R, V75I, Y115F, M184V, K219E",H,S,H,H,H,H,H,"L100I, K103N",I,H,I,H,H
2022/05/30,2022,VF-CQ-4489,1 ,35,1,4,3,2,5,7,138000 ,2NRTIs+NNRTIs,64,CRF07_BC,N,S,S,S,S,S,S,S,S,N,S,S,S,S,S,S,S,N,S,S,S,S,S
2022/05/30,2022,VF-CQ-4490,1 ,16,1,2,1,2,1,23,235205 ,2NRTIs+PIs,36,CRF01_AE,N,S,S,S,S,S,S,S,S,N,S,S,S,S,S,S,S,N,S,S,S,S,S
2022/06/06,2022,VF-CQ-4492,1 ,52,1,1,4,2,3,21,930161 ,2NRTIs+NNRTIs,24,CRF01_AE,N,S,S,S,S,S,S,S,S,N,S,S,S,S,S,S,S,"K103N, P225H, L234I",H,H,S,H,S
2022/06/06,2022,VF-CQ-4494,1 ,50,1,2,4,1,3,175,215000 ,2NRTIs+NNRTIs,8,CRF07_BC,N,S,S,S,S,S,S,S,S,"D67N, K70KDEN, V75M, M184V",I,S,H,I,H,H,L,"V106M, V179D, F227L",H,H,P,H,P
2022/06/06,2022,VF-CQ-4496,1 ,                                                     ,3,4,5,4,5,154,48600 ,不详,37,CRF07_BC,N,S,S,S,S,S,S,S,S,N,S,S,S,S,S,S,S,N,S,S,S,S,S
2022/06/06,2022,VF-CQ-4498,2 ,42,1,4,4,3,5,39,243000 ,2NRTIs+NNRTIs,76,C,N,S,S,S,S,S,S,S,S,N,S,S,S,S,S,S,S,N,S,S,S,S,S
2022/06/06,2022,VF-CQ-4500,2 ,64,1,1,2,1,5,22,121000 ,2NRTIs+NNRTIs,6,CRF08_BC,N,S,S,S,S,S,S,S,S,"K65R, M184I",H,S,I,H,H,H,I,"L100I, K103S, V106I, M230L",H,H,H,H,H
2022/06/06,2022,VF-CQ-4501,1 ,57,1,1,4,3,3,36,58200 ,2NRTIs+NNRTIs,60,CRF01_AE,N,S,S,S,S,S,S,S,S,"M41L, D67Deletion, T69G, K70N, L74I, M184V",H,I,H,H,H,H,H,"K103N, V108I, G190A",P,H,P,H,L
2022/06/06,2022,VF-CQ-4505,1 ,32,3,4,5,4,5,313,3810 ,2NRTIs+NNRTIs,11,CRF01_AE,N,S,S,S,S,S,S,S,S,N,S,S,S,S,S,S,S,N,S,S,S,S,S
2022/06/06,2022,VF-CQ-4516,1 ,78,1,1,2,1,3,78,477000 ,2NRTIs+NNRTIs,48,C,N,S,S,S,S,S,S,S,S,N,S,S,S,S,S,S,S,N,S,S,S,S,S
2022/06/06,2022,VF-CQ-4519,1 ,21,2,3,4,2,3,5,5430000 ,2NRTIs+NNRTIs,50,CRF52_01B,N,S,S,S,S,S,S,S,S,N,S,S,S,S,S,S,S,N,S,S,S,S,S
2022/06/13,2022,VF-CQ-4532,2 ,56,1,2,4,1,3,70,422000 ,2NRTIs+NNRTIs,50,CRF08_BC,N,S,S,S,S,S,S,S,S,N,S,S,S,S,S,S,S,N,S,S,S,S,S
2022/06/13,2022,VF-CQ-4552,1 ,67,3,4,5,4,5,266,140000 ,2NRTIs+NNRTIs,88,CRF01_AE,N,S,S,S,S,S,S,S,S,N,S,S,S,S,S,S,S,"K103N, V179D, G190A",S,H,L,H,L
2022/06/13,2022,VF-CQ-4555,2 ,77,1,1,4,3,5,50,2950 ,2NRTIs+NNRTIs,30,CRF01_AE,N,S,S,S,S,S,S,S,S,N,S,S,S,S,S,S,S,"K103N, Y188L",H,H,P,H,H
2022/06/13,2022,VF-CQ-4560,1 ,26,1,4,4,2,5,43,2460000 ,2NRTIs+NNRTIs,54,CRF01_AE,N,S,S,S,S,S,S,S,S,N,S,S,S,S,S,S,S,N,S,S,S,S,S
2022/06/13,2022,VF-CQ-4561,1 ,37,3,4,5,4,5,167,20800 ,2NRTIs+NNRTIs,44,CRF07_BC,N,S,S,S,S,S,S,S,S,N,S,S,S,S,S,S,S,K103N,S,H,S,H,S
2022/06/20,2022,VF-CQ-4565,1 ,54,1,1,3,1,5,127,32900 ,不详,60,CRF08_BC,N,S,S,S,S,S,S,S,S,N,S,S,S,S,S,S,S,"V179D,K103KR",S,I,P,I,L
2022/06/20,2022,VF-CQ-4567,1 ,65,1,2,4,1,4,46,10000000 ,2NRTIs+PIs,69,CRF07_BC,N,S,S,S,S,S,S,S,S,N,S,S,S,S,S,S,S,N,S,S,S,S,S
2022/06/20,2022,VF-CQ-4568,2 ,49,1,2,2,3,5,209,16100 ,2NRTIs+NNRTIs,54,CRF07_BC,N,S,S,S,S,S,S,S,S,N,S,S,S,S,S,S,S,N,S,S,S,S,S
2022/06/20,2022,VF-CQ-4572,1 ,56,3,4,5,4,5,,89000 ,2NRTIs+NNRTIs,6,CRF08_BC,K43T,S,S,S,S,S,P,S,P,N,S,S,S,S,S,S,S,V179D,S,P,P,P,P
2022/06/20,2022,VF-CQ-4581,1 ,42,3,4,5,4,5,170,8240 ,2NRTIs+NNRTIs,39,CRF01_AE,N,S,S,S,S,S,S,S,S,M184V,L,S,S,P,H,H,S,"H221HY, F227L",H,L,P,I,L
2022/06/20,2022,VF-CQ-4584,1 ,65,1,1,3,1,3,71,18900 ,2NRTIs+NNRTIs,12,CRF07_BC,N,S,S,S,S,S,S,S,S,N,S,S,S,S,S,S,S,V179D,S,P,P,P,P
2022/06/27,2022,VF-CQ-4591,1 ,74,1,2,4,1,3,317,35300 ,2NRTIs+NNRTIs,48,CRF07_BC,N,S,S,S,S,S,S,S,S,N,S,S,S,S,S,S,S,V179D,S,P,P,P,P
2022/06/27,2022,VF-CQ-4594,1 ,61,1,1,2,1,3,45,428000 ,2NRTIs+NNRTIs,36,CRF07_BC,N,S,S,S,S,S,S,S,S,N,S,S,S,S,S,S,S,N,S,S,S,S,S
2022/06/27,2022,VF-CQ-4595,2 ,56,1,2,4,1,5,79,189000 ,2NRTIs,9,CRF07_BC,N,S,S,S,S,S,S,S,S,M184V,L,S,S,P,H,H,S,N,S,S,S,S,S
2022/06/27,2022,VF-CQ-4605,1 ,25,3,4,5,4,5,298,2548 ,2NRTIs+NNRTIs,42,CRF07_BC,N,S,S,S,S,S,S,S,S,N,S,S,S,S,S,S,S,K103N · P225H,I,H,S,H,S
2022/06/27,2022,VF-CQ-4612,1 ,51,1,2,4,1,3,270,648 ,2NRTIs+NNRTIs,24,CRF07_BC,N,S,S,S,S,S,S,S,S,M184V,L,S,S,P,I,I,S,V106M · V179VD · G190A,I,H,L,H,L
2022/06/27,2022,VF-CQ-4613,1 ,33,1,4,4,4,5,314,3960 ,2NRTIs+NNRTIs,72,CRF01_AE,N,S,S,S,S,S,S,S,S,K65R · Y115F · M184MV,I,S,I,I,I,I,I,V106M · V179D · F227L,I,I,P,I,P
2022/06/27,2022,VF-CQ-4617,1 ,25,1,3,3,1,5,96,19800 ,2NRTIs+NNRTIs,121,CRF07_BC,N,S,S,S,S,S,S,S,S,N,S,S,S,S,S,S,S,N,S,S,S,S,S
2022/06/27,2022,VF-CQ-4620,1 ,22,3,4,5,4,5,239,15600 ,2NRTIs+NNRTIs,18,CRF07_BC,N,S,S,S,S,S,S,S,S,D67N · K70E · M184V,I,S,I,I,H,H,L,V106M · V179E · F227L,H,H,P,H,P
2022/06/27,2022,VF-CQ-4624,1 ,41,3,4,5,4,5,215,137000 ,2NRTIs+NNRTIs,60,CRF07_BC,N,S,S,S,S,S,S,S,S,N,S,S,S,S,S,S,S,N,S,S,S,S,S
2022/06/27,2022,VF-CQ-4629,1 ,64,1,1,4,1,5,101,1400000 ,2NRTIs+NNRTIs,10,低于检出限,低于检出限,低于检出限,低于检出限,低于检出限,低于检出限,低于检出限,低于检出限,低于检出限,低于检出限,低于检出限,低于检出限,低于检出限,低于检出限,低于检出限,低于检出限,低于检出限,低于检出限,低于检出限,低于检出限,低于检出限,低于检出限,低于检出限,低于检出限
2022/07/04,2022,VF-CQ-4631,1 ,28,1,3,4,2,4,64,2280 ,2NRTIs+NNRTIs,72,CRF07_BC,N,S,S,S,S,S,S,S,S,N,S,S,S,S,S,S,S,N,S,S,S,S,S
2022/07/04,2022,VF-CQ-4645,1 ,52,1,1,4,3,3,23,215000 ,2NRTIs+NNRTIs,24,CRF08_BC,N,S,S,S,S,S,S,S,S,N,S,S,S,S,S,S,S,V179D,S,P,P,P,P
,2022,VF-CQ-4657,2 ,80,1,1,5,1,3,34,3220000 ,2NRTIs+NNRTIs,91,CRF07_BC,N,S,S,S,S,S,S,S,S,N,S,S,S,S,S,S,S,N,S,S,S,S,S
2022/07/11,2022,VF-CQ-4670,1 ,59,1,4,4,1,5,150,65600 ,2NRTIs+NNRTIs,60,CRF07_BC,N,S,S,S,S,S,S,S,S,N,S,S,S,S,S,S,S,N,S,S,S,S,S
2022/07/11,2022,VF-CQ-4673,1 ,69,1,4,4,1,3,98,513000 ,INSTIs+CYP3A+TAF+NRTIs,7,CRF07_BC,N,S,S,S,S,S,S,S,S,N,S,S,S,S,S,S,S,N,S,S,S,S,S
2022/07/11,2022,VF-CQ-4676,1 ,39,3,4,5,4,5,24,164000 ,2NRTIs+NNRTIs,8,CRF55_01B,N,S,S,S,S,S,S,S,S,Δ69 · M184V,I,S,L,I,H,H,S,V179E · Y181C · G190S,I,H,H,H,H
2022/07/11,2022,VF-CQ-4679,1 ,42,1,4,4,3,3,15,1420000 ,2NRTIs+NNRTIs,14,CRF07_BC,N,S,S,S,S,S,S,S,S,N,S,S,S,S,S,S,S,N,S,S,S,S,S
2022/07/11,2022,VF-CQ-4680,1 ,34,1,3,4,2,4,66,244000 ,2NRTIs+NNRTIs,120,CRF07_BC,N,S,S,S,S,S,S,S,S,D67DN · K70E · Y115YF · M184V,H,S,I,I,H,H,I,V106M · V179E · F227L,H,H,P,H,P
2022/07/11,2022,VF-CQ-4682,1 ,30,1,3,4,2,4,329,2420 ,2NRTIs+NNRTIs,84,CRF07_BC,N,S,S,S,S,S,S,S,S,N,S,S,S,S,S,S,S,N,S,S,S,S,S
2022/07/11,2022,VF-CQ-4687,1 ,52,3,4,5,4,5,,4720 ,2NRTIs+NNRTIs,8,CRF08_BC,N,S,S,S,S,S,S,S,S,K65R · M184V,H,S,I,H,H,H,I,G190E,H,H,I,H,H
2022/07/11,2022,VF-CQ-4688,2 ,70,1,1,3,3,5,463,511 ,2NRTIs+NNRTIs,19,CRF08_BC,N,S,S,S,S,S,S,S,S,N,S,S,S,S,S,S,S,N,S,S,S,S,S
2022/07/11,2022,VF-CQ-4690,2 ,63,1,1,4,1,5,96,59100 ,2NRTIs+INSTIs,31,CRF08_BC,N,S,S,S,S,S,S,S,S,N,S,S,S,S,S,S,S,E138G,S,P,P,P,L
2022/07/18,2022,VF-CQ-4701,1 ,53,1,1,4,1,3,43,238000 ,2NRTIs+NNRTIs,6,CRF07_BC,N,S,S,S,S,S,S,S,S,L74LV,I,S,S,H,S,S,S,Y181YC,P,I,I,H,I
2022/07/18,2022,VF-CQ-4702,2 ,73,1,1,2,1,3,338,1250 ,2NRTIs+NNRTIs,120,CRF07_BC,N,S,S,S,S,S,S,S,S,N,S,S,S,S,S,S,S,K103N,S,H,S,H,S
2022/07/18,2022,VF-CQ-4703,2 ,47,1,2,2,1,5,213,258000 ,2NRTIs+NNRTIs,67,CRF08_BC,N,S,S,S,S,S,S,S,S,N,S,S,S,S,S,S,S,E138A,S,S,P,S,L
2022/07/18,2022,VF-CQ-4705,1 ,56,1,4,4,3,5,274,3230 ,2NRTIs+NNRTIs,60,CRF07_BC,N,S,S,S,S,S,S,S,S,N,S,S,S,S,S,S,S,N,S,S,S,S,S
2022/07/18,2022,VF-CQ-4728,1 ,33,3,4,5,4,5,,10500 ,不详,120,CRF01_AE,N,S,S,S,S,S,S,S,S,M184V · T215F,L,I,I,L,H,H,S,K103N · V108I,P,H,S,H,S
2022/07/18,2022,VF-CQ-4731,2 ,51,3,4,5,4,5,183,37600 ,2NRTIs+NNRTIs,115,CRF08_BC,N,S,S,S,S,S,S,S,S,K65R · M184I,H,S,I,H,H,H,I,K103N · V179L,S,H,P,H,L
2022/07/18,2022,VF-CQ-4732,1 ,53,1,2,4,1,3,194,144000 ,INSTIs+CYP3A+TAF+NRTIs,10,CRF07_BC,N,S,S,S,S,S,S,S,S,N,S,S,S,S,S,S,S,N,S,S,S,S,S
2022/06/13,2022,VF-CQ-4732,1 ,34,1,3,4,2,4,13,5000000 ,2NRTIs+INSTIs,9,CRF07_BC,N,S,S,S,S,S,S,S,S,N,S,S,S,S,S,S,S,N,S,S,S,S,S
2022/07/25,2022,VF-CQ-4743,1 ,46,1,2,4,1,3,93,19200 ,2NRTIs+INSTIs,7,CRF07_BC,N,S,S,S,S,S,S,S,S,M184MIV,L,S,S,P,H,H,S,N,S,S,S,S,S
2022/07/25,2022,VF-CQ-4753,1 ,79,1,4,4,1,5,108,378 ,2NRTIs+NNRTIs,72,CRF07_BC,N,S,S,S,S,S,S,S,S,K65R · Y115F · M184V,H,S,I,H,H,H,H,K103N · G190A · P225H,I,H,P,H,L
2022/07/25,2022,VF-CQ-4762,1 ,78,1,4,4,1,3,109,69600 ,2NRTIs+NNRTIs,36,CRF07_BC,N,S,S,S,S,S,S,S,S,K65R · D67N · Y115F · M184V,H,S,H,H,H,H,H,K103NS · V106M,I,H,S,H,S
2022/07/25,2022,VF-CQ-4771,1 ,65,1,1,4,1,3,47,2700000 ,2NRTIs+NNRTIs,84,CRF07_BC,N,S,S,S,S,S,S,S,S,N,S,S,S,S,S,S,S,N,S,S,S,S,S
2022/07/25,2022,VF-CQ-4774,1 ,54,1,4,4,1,5,198,30200 ,2NRTIs+INSTIs,9,CRF08_BC,N,S,S,S,S,S,S,S,S,N,S,S,S,S,S,S,S,N,S,S,S,S,S
2022/08/01,2022,VF-CQ-4778,1 ,57,1,4,2,1,3,140,1200000 ,2NRTIs+NNRTIs,56,CRF08_BC,N,S,S,S,S,S,S,S,S,K65R · M184V,H,S,I,H,H,H,I,Y188L,H,H,P,H,H
2022/08/01,2022,VF-CQ-4780,1 ,47,1,4,4,2,3,4,573000 ,2NRTIs+NNRTIs,8,CRF07_BC,N,S,S,S,S,S,S,S,S,L74I · M184V,H,S,S,H,H,H,S,V106M · V179D · F227L,H,H,P,H,P
2022/08/01,2022,VF-CQ-4785,1 ,65,1,1,2,4,5,143,5130 ,2NRTIs+NNRTIs,45,CRF07_BC,N,S,S,S,S,S,S,S,S,K65KR · K70KQ · Y115F · M184V,H,S,H,H,H,H,H,V106M · V179E · F227L,H,H,P,H,P
2022/08/01,2022,VF-CQ-4792,1 ,22,1,2,4,2,5,46,1320 ,2NRTIs+NNRTIs,12,CRF55_01B,N,S,S,S,S,S,S,S,S,N,S,S,S,S,S,S,S,N,S,S,S,S,S
2022/08/01,2022,VF-CQ-4793,1 ,70,1,1,4,3,5,59,1510000 ,2NRTIs+NNRTIs,31,CRF07_BC,N,S,S,S,S,S,S,S,S,K65R · L74V · Y115F · M184V,H,S,I,H,H,H,H,G190E,H,H,I,H,H
2022/08/01,2022,VF-CQ-4798,2 ,49,1,1,2,1,5,113,1480 ,2NRTIs+NNRTIs,45,CRF01_AE,N,S,S,S,S,S,S,S,S,N,S,S,S,S,S,S,S,N,S,S,S,S,S
2022/08/01,2022,VF-CQ-4801,1 ,71,3,4,5,4,5,114,38637 ,2NRTIs+NNRTIs,15,CRF07_BC,N,S,S,S,S,S,S,S,S,M184MI,L,S,S,P,H,H,S,L100I · K103N,I,H,I,H,H
2022/08/01,2022,VF-CQ-4804,2 ,24,1,2,4,2,3,10,412000 ,2NRTIs+NNRTIs,56,CRF01_AE,N,S,S,S,S,S,S,S,S,N,S,S,S,S,S,S,S,N,S,S,S,S,S
2022/08/08,2022,VF-CQ-4816,2 ,70,1,1,5,1,4,71,94400 ,2NRTIs+NNRTIs,24,CRF07_BC,N,S,S,S,S,S,S,S,S,K65KR · M184MI,H,S,I,H,H,H,I,L100LI · K103N · P225H,I,H,I,H,H
2022/08/08,2022,VF-CQ-4820,2 ,33,1,4,4,1,5,27,175462 ,2NRTIs,24,CRF01_AE,N,S,S,S,S,S,S,S,S,K65R · M184V,H,S,I,H,H,H,I,V106M · V179D,I,H,P,H,L
2022/08/08,2022,VF-CQ-4827,1 ,60,1,1,2,1,3,134,892 ,2NRTIs+NNRTIs,60,低于检出限,低于检出限,低于检出限,低于检出限,低于检出限,低于检出限,低于检出限,低于检出限,低于检出限,低于检出限,低于检出限,低于检出限,低于检出限,低于检出限,低于检出限,低于检出限,低于检出限,低于检出限,低于检出限,低于检出限,低于检出限,低于检出限,低于检出限,低于检出限
2022/08/08,2022,VF-CQ-4829,2 ,5,1,1,4,2,5,534,1470 ,2NRTIs+PIs,25,CRF07_BC,N,S,S,S,S,S,S,S,S,M184V,L,S,S,P,H,H,S,V179D,S,P,P,P,P
2022/08/08,2022,VF-CQ-4830,2 ,67,3,4,5,4,5,456,48856 ,2NRTIs+NNRTIs,47,CRF08_BC,N,S,S,S,S,S,S,S,S,K65R · L74LI · M184V,H,S,I,H,H,H,I,L100I · K103N,I,H,I,H,H
2022/08/08,2022,VF-CQ-4831,2 ,41,3,4,5,4,5,6,1680 ,2NRTIs+NNRTIs,12,CRF07_BC,N,S,S,S,S,S,S,S,S,K65R · L74V · Y115F · M184V,H,S,I,H,H,H,H,G190Q,I,H,I,H,I
2022/08/08,2022,VF-CQ-4833,1 ,41,1,2,4,2,3,200,385000 ,2NRTIs+NNRTIs,108,CRF07_BC,N,S,S,S,S,S,S,S,S,N,S,S,S,S,S,S,S,K103KN,S,H,S,H,S
2022/08/08,2022,VF-CQ-4838,1 ,68,1,1,4,3,3,31,248000 ,2NRTIs+NNRTIs,36,CRF07_BC,N,S,S,S,S,S,S,S,S,N,S,S,S,S,S,S,S,N,S,S,S,S,S
2022/08/15,2022,VF-CQ-4840,1 ,46,1,1,4,1,3,77,589000 ,2NRTIs+NNRTIs,36,低于检出限,低于检出限,低于检出限,低于检出限,低于检出限,低于检出限,低于检出限,低于检出限,低于检出限,低于检出限,低于检出限,低于检出限,低于检出限,低于检出限,低于检出限,低于检出限,低于检出限,低于检出限,低于检出限,低于检出限,低于检出限,低于检出限,低于检出限,低于检出限
2022/08/15,2022,VF-CQ-4841,1 ,37,1,2,5,1,3,10,458000 ,2NRTIs+NNRTIs,96,CRF01_AE,N,S,S,S,S,S,S,S,S,D67N · K70E · Y115F · M184V,H,S,I,I,H,H,I,V106M · V179D · G190A,I,H,L,H,I
2022/08/15,2022,VF-CQ-4850,1 ,78,1,4,4,4,5,181,918 ,不详,72,低于检出限,低于检出限,低于检出限,低于检出限,低于检出限,低于检出限,低于检出限,低于检出限,低于检出限,低于检出限,低于检出限,低于检出限,低于检出限,低于检出限,低于检出限,低于检出限,低于检出限,低于检出限,低于检出限,低于检出限,低于检出限,低于检出限,低于检出限,低于检出限
2022/08/29,2022,VF-CQ-4862,1 ,57,1,2,3,1,5,28,1510000 ,2NRTIs+NNRTIs,15,CRF07_BC,N,S,S,S,S,S,S,S,S,M184V,L,S,S,P,H,H,S,N,S,S,S,S,S
2022/09/05,2022,VF-CQ-4870,1 ,31,1,2,3,2,3,14,502000 ,不详,6,B,N,S,S,S,S,S,S,S,S,N,S,S,S,S,S,S,S,V106I · V179E,P,P,L,L,L
2022/09/05,2022,VF-CQ-4874,2 ,59,1,4,4,1,5,67,19300 ,2NRTIs+NNRTIs,48,CRF07_BC,N,S,S,S,S,S,S,S,S,N,S,S,S,S,S,S,S,N,S,S,S,S,S
2022/09/12,2022,VF-CQ-4885,1 ,48,2,1,2,1,3,28,425000 ,2NRTIs+NNRTIs,13,CRF01_AE,N,S,S,S,S,S,S,S,S,A62V · K65R · M184V,H,S,I,H,H,H,I,K101E · Y181YC · G190S,H,H,H,H,H
2022/09/12,2022,VF-CQ-4889,2 ,65,1,1,4,3,5,26,1410 ,2NRTIs+NNRTIs,24,CRF07_BC,N,S,S,S,S,S,S,S,S,N,S,S,S,S,S,S,S,N,S,S,S,S,S
2022/09/12,2022,VF-CQ-4890,1 ,38,3,4,5,4,5,33,9200 ,2NRTIs+NNRTIs,44743,CRF01_AE,N,S,S,S,S,S,S,S,S,N,S,S,S,S,S,S,S,N,S,S,S,S,S
2022/09/12,2022,VF-CQ-4894,1 ,25,3,4,5,4,5,70,673000 ,不详,22年9月病毒性失败,CRF01_AE,N,S,S,S,S,S,S,S,S,N,S,S,S,S,S,S,S,K103N,S,H,S,H,S
2022/09/12,2022,VF-CQ-4895,1 ,58,1,4,4,3,3,197,40100 ,2NRTIs+INSTIs,15,CRF07_BC,N,S,S,S,S,S,S,S,S,N,S,S,S,S,S,S,S,N,S,S,S,S,S
9/19/2022,2022,VF-CQ-4897,1 ,53,3,4,5,4,5,93,1250000 ,2NRTIs+INSTIs,49,CRF08_BC,N,S,S,S,S,S,S,S,S,N,S,S,S,S,S,S,S,N,S,S,S,S,S
2022/09/19,2022,VF-CQ-4899,2 ,53,3,4,5,4,5,134,983000 ,2NRTIs+NNRTIs,11,C,N,S,S,S,S,S,S,S,S,K65R · L74I · M184V,H,S,I,H,H,H,I,L100I · K103N · P225H,I,H,I,H,H
2022/09/19,2022,VF-CQ-4908,2 ,64,1,4,2,1,5,18,660000 ,不详,24,CRF01_AE,N,S,S,S,S,S,S,S,S,N,S,S,S,S,S,S,S,V106VI,P,S,P,P,P
2022/09/19,2022,VF-CQ-4913,2 ,25,2,2,4,1,5,11,484000 ,2NRTIs+NNRTIs,9,B + CRF01_AE,N,S,S,S,S,S,S,S,S,M184V,L,S,S,P,H,H,S,K103N · V179T · G190A,S,H,P,H,L
2022/09/19,2022,VF-CQ-4916,2 ,69,3,4,5,4,5,,32400 ,2NRTIs+NNRTIs,24,CRF07_BC,N,S,S,S,S,S,S,S,S,K65R · Y115F · M184V,H,S,I,H,H,H,H,V106M · V179D,I,H,P,H,L
2022/09/19,2022,VF-CQ-4918,2 ,29,3,4,5,4,5,196,31164 ,2NRTIs+NNRTIs,46,CRF07_BC,N,S,S,S,S,S,S,S,S,N,S,S,S,S,S,S,S,N,S,S,S,S,S
2022/09/26,2022,VF-CQ-4928,1 ,40,1,2,4,1,3,18,852000 ,2NRTIs+INSTIs,9,低于检出限,低于检出限,低于检出限,低于检出限,低于检出限,低于检出限,低于检出限,低于检出限,低于检出限,低于检出限,低于检出限,低于检出限,低于检出限,低于检出限,低于检出限,低于检出限,低于检出限,低于检出限,低于检出限,低于检出限,低于检出限,低于检出限,低于检出限,低于检出限
2022/09/26,2022,VF-CQ-4929,1 ,19,3,4,5,4,5,235,103327 ,2NRTIs+NNRTIs,7,低于检出限,低于检出限,低于检出限,低于检出限,低于检出限,低于检出限,低于检出限,低于检出限,低于检出限,低于检出限,低于检出限,低于检出限,低于检出限,低于检出限,低于检出限,低于检出限,低于检出限,低于检出限,低于检出限,低于检出限,低于检出限,低于检出限,低于检出限,低于检出限
2022/09/26,2022,VF-CQ-4930,1 ,33,3,4,5,4,5,,,2NRTIs+NNRTIs,24,低于检出限,低于检出限,低于检出限,低于检出限,低于检出限,低于检出限,低于检出限,低于检出限,低于检出限,低于检出限,低于检出限,低于检出限,低于检出限,低于检出限,低于检出限,低于检出限,低于检出限,低于检出限,低于检出限,低于检出限,低于检出限,低于检出限,低于检出限,低于检出限
2022/09/26,2022,VF-CQ-4935,2 ,29,3,4,5,4,5,67,137000 ,2NRTIs+NNRTIs,6,A,N,S,S,S,S,S,S,S,S,N,S,S,S,S,S,S,S,N,S,S,S,S,S
2022/09/26,2022,VF-CQ-4936,1 ,34,3,4,5,4,5,440,36000 ,2NRTIs+NNRTIs,66,低于检出限,低于检出限,低于检出限,低于检出限,低于检出限,低于检出限,低于检出限,低于检出限,低于检出限,低于检出限,低于检出限,低于检出限,低于检出限,低于检出限,低于检出限,低于检出限,低于检出限,低于检出限,低于检出限,低于检出限,低于检出限,低于检出限,低于检出限,低于检出限
2022/09/26,2022,VF-CQ-4937,1 ,29,1,4,2,4,5,,53600 ,2NRTIs+NNRTIs,8,CRF01_AE,N,S,S,S,S,S,S,S,S,M184V,L,S,S,P,H,H,S,V106M · V179E · F227L,H,H,P,H,P
2022/09/26,2022,VF-CQ-4939,1 ,24,3,4,5,4,5,,7150 ,2NRTIs+NNRTIs,12,低于检出限,低于检出限,低于检出限,低于检出限,低于检出限,低于检出限,低于检出限,低于检出限,低于检出限,低于检出限,低于检出限,低于检出限,低于检出限,低于检出限,低于检出限,低于检出限,低于检出限,低于检出限,低于检出限,低于检出限,低于检出限,低于检出限,低于检出限,低于检出限
2022/09/26,2022,VF-CQ-4941,1 ,66,3,4,5,4,5,,21544 ,2NRTIs+NNRTIs,84,CRF07_BC,N,S,S,S,S,S,S,S,S,M184V,L,S,S,P,H,H,S,N,S,S,S,S,S
2022/09/26,2022,VF-CQ-4943,1 ,44,1,1,4,1,3,82,1330 ,2NRTIs+NNRTIs,6,CRF08_BC,N,S,S,S,S,S,S,S,S,N,S,S,S,S,S,S,S,N,S,S,S,S,S
2022/09/26,2022,VF-CQ-4946,1 ,72,1,4,5,1,5,278,1910000 ,2NRTIs+INSTIs,9,CRF07_BC,N,S,S,S,S,S,S,S,S,N,S,S,S,S,S,S,S,N,S,S,S,S,S
2022/10/03,2022,VF-CQ-4951,1 ,56,1,1,4,1,3,204,18339 ,2NRTIs+NNRTIs,49,CRF08_BC,N,S,S,S,S,S,S,S,S,N,S,S,S,S,S,S,S,N,S,S,S,S,S
2022/10/03,2022,VF-CQ-4956,1 ,29,1,4,2,4,5,67,143000 ,2NRTIs+NNRTIs,21,A,N,S,S,S,S,S,S,S,S,N,S,S,S,S,S,S,S,N,S,S,S,S,S
2022/10/03,2022,VF-CQ-4958,1 ,40,1,2,4,1,5,35,21435 ,2NRTIs+NNRTIs,13,CRF01_AE,N,S,S,S,S,S,S,S,S,M184V,L,S,S,P,H,H,S,V179D · Y188L,H,H,L,H,H
2022/10/03,2022,VF-CQ-4961,2 ,65,3,4,5,4,5,199,23800 ,2NRTIs+NNRTIs,72,CRF01_AE,N,S,S,S,S,S,S,S,S,N,S,S,S,S,S,S,S,V179E,S,P,P,P,P
2022/10/03,2022,VF-CQ-4971,1 ,63,1,2,4,1,4,22,2490000 ,2NRTIs+NNRTIs,17,CRF07_BC,N,S,S,S,S,S,S,S,S,D67G · K70E · M184V,I,S,L,I,H,H,L,N,S,S,S,S,S
2022/10/03,2022,VF-CQ-4973,1 ,38,1,2,4,3,3,87,166000 ,2NRTIs+NNRTIs,9,CRF07_BC,N,S,S,S,S,S,S,S,S,N,S,S,S,S,S,S,S,N,S,S,S,S,S
2022/10/03,2022,VF-CQ-4975,2 ,33,1,4,4,1,5,198,3660 ,2NRTIs+NNRTIs,31,CRF08_BC,N,S,S,S,S,S,S,S,S,A62V · K65R · M184I,H,S,I,H,H,H,I,Y181C · G190S,I,H,I,H,H
2022/10/03,2022,VF-CQ-4977,1 ,57,1,4,4,1,5,271,69700 ,2NRTIs+NNRTIs,84,CRF07_BC,N,S,S,S,S,S,S,S,S,N,S,S,S,S,S,S,S,V106VM,I,H,S,H,S
2022/10/10,2022,VF-CQ-4984,1 ,22,2,3,4,2,3,5,5430000 ,2NRTIs+NNRTIs,50,CRF01_AE,N,S,S,S,S,S,S,S,S,N,S,S,S,S,S,S,S,N,S,S,S,S,S
2022/10/10,2022,VF-CQ-4985,2 ,46,1,4,4,1,3,40,221000 ,2NRTIs+NNRTIs,120,CRF01_AE,N,S,S,S,S,S,S,S,S,K65R · K70T · L74I · M184V,H,S,H,H,H,H,H,K103N · P225H,I,H,S,H,S
2022/10/10,2022,VF-CQ-4987,1 ,30,1,3,3,2,4,315,420000 ,2NRTIs+NNRTIs,12,CRF07_BC,N,S,S,S,S,S,S,S,S,N,S,S,S,S,S,S,S,N,S,S,S,S,S
2022/10/10,2022,VF-CQ-4990,2 ,62,3,4,5,4,5,148,207000 ,2NRTIs+NNRTIs,22,CRF07_BC,N,S,S,S,S,S,S,S,S,M41L · E44D · D67N · K70KQ · M184V · T215Y,H,H,H,H,H,H,I,A98G · V179D · Y181C · G190A · K238T,I,H,H,H,H
2022/10/10,2022,VF-CQ-4992,1 ,36,1,2,4,3,5,54,3148767 ,2NRTIs+NNRTIs,48,CRF01_AE,N,S,S,S,S,S,S,S,S,K65R · Δ70 · L74I · Y115F,H,S,H,H,I,I,H,L100I · K103N · V179AT,I,H,I,H,H
2022/10/10,2022,VF-CQ-4994,2 ,56,1,2,5,1,3,28,1010000 ,2NRTIs+NNRTIs,13,CRF07_BC,N,S,S,S,S,S,S,S,S,K65R · V75IM · Y115F,H,S,H,H,I,I,H,V106M · V179D · Y181C,I,H,I,H,I
2022/10/10,2022,VF-CQ-4997,1 ,71,3,4,5,4,5,89,44200 ,2NRTIs+NNRTIs,20,CRF07_BC,K43T,S,S,S,S,S,P,S,P,K65R · K70T · Y115F · M184V,H,S,H,H,H,H,H,V106M · V179D · F227L,H,H,P,H,P
2022/10/10,2022,VF-CQ-4998,1 ,57,1,1,2,1,3,26,289000 ,2NRTIs+NNRTIs,30,CRF08_BC,N,S,S,S,S,S,S,S,S,M41L · K65R · Y115F · M184V,H,S,H,H,H,H,H,N,S,S,S,S,S
2022/10/10,2022,VF-CQ-4999,1 ,37,3,4,5,4,5,283,22895 ,不详,70,CRF07_BC,Q58E,S,S,S,S,S,P,S,L,N,S,S,S,S,S,S,S,N,S,S,S,S,S
2022/10/10,2022,VF-CQ-5000,1 ,79,1,2,4,1,5,214,21000 ,2NRTIs+INSTIs,24,CRF01_AE,N,S,S,S,S,S,S,S,S,N,S,S,S,S,S,S,S,N,S,S,S,S,S
2022/10/10,2022,VF-CQ-5004,2 ,49,3,4,5,4,5,,12300 ,2NRTIs+NNRTIs,9,低于检出限,低于检出限,低于检出限,低于检出限,低于检出限,低于检出限,低于检出限,低于检出限,低于检出限,低于检出限,低于检出限,低于检出限,低于检出限,低于检出限,低于检出限,低于检出限,低于检出限,低于检出限,低于检出限,低于检出限,低于检出限,低于检出限,低于检出限,低于检出限
2022/10/10,2022,VF-CQ-5005,1 ,51,3,4,5,4,5,39,750000 ,2NRTIs+NNRTIs,7,CRF07_BC,N,S,S,S,S,S,S,S,S,M41L · K65R · K219E,I,P,H,H,I,I,H,K103N · V106M · Y181YC,I,H,I,H,I
2022/10/17,2022,VF-CQ-5013,1 ,28,1,4,4,2,5,203,54100 ,2NRTIs+NNRTIs,14,CRF07_BC,N,S,S,S,S,S,S,S,S,N,S,S,S,S,S,S,S,N,S,S,S,S,S
2022/10/17,2022,VF-CQ-5017,1 ,79,3,4,5,4,5,,9010 ,2NRTIs+NNRTIs,72,CRF07_BC,N,S,S,S,S,S,S,S,S,N,S,S,S,S,S,S,S,N,S,S,S,S,S
2022/10/17,2022,VF-CQ-5019,1 ,70,1,4,2,4,5,82,281948 ,2NRTIs+NNRTIs,20,CRF07_BC,N,S,S,S,S,S,S,S,S,N,S,S,S,S,S,S,S,V179D,S,P,P,P,P
2022/10/17,2022,VF-CQ-5022,2 ,36,3,4,5,4,5,,179000 ,2NRTIs+NNRTIs,33,CRF01_AE,N,S,S,S,S,S,S,S,S,N,S,S,S,S,S,S,S,N,S,S,S,S,S
2022/10/17,2022,VF-CQ-5024,1 ,36,1,4,2,3,5,665,9110 ,2NRTIs+NNRTIs,6,CRF01_AE,N,S,S,S,S,S,S,S,S,K65R · M184V,H,S,I,H,H,H,I,A98G · K103N · V108I · E138Q · L234I,H,H,L,H,I
2022/10/17,2022,VF-CQ-5031,1 ,78,1,4,4,3,5,239,1830 ,2NRTIs+NNRTIs,8,CRF07_BC,N,S,S,S,S,S,S,S,S,N,S,S,S,S,S,S,S,N,S,S,S,S,S
2022/10/17,2022,VF-CQ-5034,1 ,58,3,4,5,4,5,272,745 ,2NRTIs+NNRTIs,48,CRF07_BC,N,S,S,S,S,S,S,S,S,N,S,S,S,S,S,S,S,N,S,S,S,S,S
2022/10/24,2022,VF-CQ-5041,2 ,76,1,1,4,3,3,183,615 ,2NRTIs+PIs,46,低于检出限,低于检出限,低于检出限,低于检出限,低于检出限,低于检出限,低于检出限,低于检出限,低于检出限,低于检出限,低于检出限,低于检出限,低于检出限,低于检出限,低于检出限,低于检出限,低于检出限,低于检出限,低于检出限,低于检出限,低于检出限,低于检出限,低于检出限,低于检出限
2022/10/24,2022,VF-CQ-5046,2 ,31,1,2,2,3,3,27,1910000 ,2NRTIs+NNRTIs,18,CRF08_BC,N,S,S,S,S,S,S,S,S,N,S,S,S,S,S,S,S,E138A,S,S,P,S,L
2022/10/24,2022,VF-CQ-5050,2 ,50,1,2,4,3,3,134,1170000 ,2NRTIs+NNRTIs,52,B,N,S,S,S,S,S,S,S,S,N,S,S,S,S,S,S,S,V106I,P,S,P,P,P
2022/10/24,2022,VF-CQ-5055,2 ,66,1,1,4,3,5,131,207000 ,2NRTIs+NNRTIs,34,CRF01_AE,N,S,S,S,S,S,S,S,S,N,S,S,S,S,S,S,S,N,S,S,S,S,S
2022/10/24,2022,VF-CQ-5056,2 ,32,1,4,4,4,5,59,18100 ,2NRTIs+NNRTIs,58,CRF01_AE,N,S,S,S,S,S,S,S,S,N,S,S,S,S,S,S,S,N,S,S,S,S,S
2022/10/24,2022,VF-CQ-5060,1 ,46,1,2,3,1,5,25,566000 ,2NRTIs+PIs,79,CRF01_AE,N,S,S,S,S,S,S,S,S,N,S,S,S,S,S,S,S,N,S,S,S,S,S
2022/10/24,2022,VF-CQ-5062,1 ,70,1,2,2,3,5,202,1560 ,2NRTIs+NNRTIs,14,低于检出限,低于检出限,低于检出限,低于检出限,低于检出限,低于检出限,低于检出限,低于检出限,低于检出限,低于检出限,低于检出限,低于检出限,低于检出限,低于检出限,低于检出限,低于检出限,低于检出限,低于检出限,低于检出限,低于检出限,低于检出限,低于检出限,低于检出限,低于检出限
2022/10/24,2022,VF-CQ-5067,1 ,54,3,4,5,4,5,2578,125000 ,2NRTIs+NNRTIs,62,CRF01_AE,N,S,S,S,S,S,S,S,S,N,S,S,S,S,S,S,S,K103N,S,H,S,H,S
2022/10/31,2022,VF-CQ-5080,2 ,55,1,1,2,1,3,125,2310000 ,2NRTIs+NNRTIs,10,C,N,S,S,S,S,S,S,S,S,N,S,S,S,S,S,S,S,V179D,S,P,P,P,P
2022/10/31,2022,VF-CQ-5085,1 ,33,1,4,4,4,5,,79300 ,2NRTIs+NNRTIs,51,CRF01_AE,N,S,S,S,S,S,S,S,S,K70KQ · M184V,I,S,L,L,H,H,L,V106M · V179D,I,H,P,H,P
2022/10/31,2022,VF-CQ-5086,1 ,60,1,1,2,1,3,194,52100 ,2NRTIs+NNRTIs,48,CRF07_BC,N,S,S,S,S,S,S,S,S,K70E · M184V,I,S,L,L,H,H,L,K103N · P225H,L,H,S,H,S
2022/10/31,2022,VF-CQ-5087,1 ,70,1,2,4,3,5,65,2420 ,2NRTIs+PIs,14,CRF07_BC,N,S,S,S,S,S,S,S,S,M184V,L,S,S,P,H,H,S,K103N,S,H,S,H,S
2022/10/31,2022,VF-CQ-5091,2 ,48,3,4,5,4,5,104,455000 ,2NRTIs+NNRTIs,32,低于检出限,低于检出限,低于检出限,低于检出限,低于检出限,低于检出限,低于检出限,低于检出限,低于检出限,低于检出限,低于检出限,低于检出限,低于检出限,低于检出限,低于检出限,低于检出限,低于检出限,低于检出限,低于检出限,低于检出限,低于检出限,低于检出限,低于检出限,低于检出限
2022/10/31,2022,VF-CQ-5100,2 ,56,1,4,4,1,5,314,68900 ,2NRTIs+INSTIs,10,CRF07_BC,N,S,S,S,S,S,S,S,S,N,S,S,S,S,S,S,S,N,S,S,S,S,S
2022/11/07,2022,VF-CQ-5112,2 ,75,1,1,4,1,3,91,5960 ,2NRTIs+NNRTIs,8,CRF07_BC,N,S,S,S,S,S,S,S,S,N,S,S,S,S,S,S,S,V106M · V179D,I,H,P,H,P
2022/11/14,2022,VF-CQ-5117,1 ,62,1,4,4,3,3,12,864000 ,2NRTIs+NNRTIs,17,C,Q58E,S,S,S,S,S,P,S,L,D67N · K70E · M184V,I,S,I,I,H,H,L,V106M · V179D · F227L,H,H,P,H,L
2022/11/21,2022,VF-CQ-5118,2 ,58,1,4,2,3,3,11,224000 ,2NRTIs+NNRTIs,18,CRF07_BC,N,S,S,S,S,S,S,S,S,N,S,S,S,S,S,S,S,N,S,S,S,S,S
2022/11/28,2022,VF-CQ-5122,1 ,76,1,4,4,1,3,9,52400 ,不详,62,CRF01_AE,M46I · I47IV · I54V · V82A·K43KT,H,P,H,H,H,H,H,H,D67N · K70R · M184V · K219E,I,H,I,I,H,H,L,N,S,S,S,S,S
2022/12/05,2022,VF-CQ-5133,1 ,35,1,4,4,4,5,134,135000 ,2NRTIs+NNRTIs,39,CRF07_BC,N,S,S,S,S,S,S,S,S,N,S,S,S,S,S,S,S,N,S,S,S,S,S
2022/12/12,2022,VF-CQ-5136,1 ,41,1,2,2,1,3,20,283029 ,2NRTIs+NNRTIs,36,CRF07_BC,N,S,S,S,S,S,S,S,S,N,S,S,S,S,S,S,S,N,S,S,S,S,S
2022/12/19,2022,VF-CQ-5145,1 ,54,1,4,4,4,5,43,928000 ,2NRTIs+NNRTIs,6,CRF07_BC,N,S,S,S,S,S,S,S,S,M184V,L,S,S,P,H,H,S,K103N · V108I,P,H,S,H,S
2022/12/19,2022,VF-CQ-5156,1 ,25,3,4,5,4,5,,2000 ,2NRTIs+NNRTIs,96,CRF07_BC,N,S,S,S,S,S,S,S,S,K65R · S68G · Y115F,H,S,H,H,I,I,H,V106M · V179D · Y181C,I,H,I,H,I
,2022,VF-CQ-5161,2 ,15,1,2,1,2,1,92,517000 ,2NRTIs+NNRTIs,31,C,N,S,S,S,S,S,S,S,S,N,S,S,S,S,S,S,S,K103N · V179E,S,H,P,H,P
2022/12/26,2022,VF-CQ-5165,1 ,34,1,2,4,3,3,23,515000 ,不详,168,CRF01_AE,N,S,S,S,S,S,S,S,S,N,S,S,S,S,S,S,S,N,S,S,S,S,S
2023/01/02,2023,VF-CQ-5174,1 ,15,3,4,5,4,5,,985 ,2NRTIs+NNRTIs,11,低于检出限,低于检出限,低于检出限,低于检出限,低于检出限,低于检出限,低于检出限,低于检出限,低于检出限,低于检出限,低于检出限,低于检出限,低于检出限,低于检出限,低于检出限,低于检出限,低于检出限,低于检出限,低于检出限,低于检出限,低于检出限,低于检出限,低于检出限,低于检出限
2023/01/02,2023,VF-CQ-5189,2 ,15,1,2,1,2,1,79,71470 ,2NRTIs+NNRTIs,133,CRF01_AE,N,S,S,S,S,S,S,S,S,M184V,L,S,S,P,H,H,S,N,S,S,S,S,S
2023/01/02,2023,VF-CQ-5190,1 ,43,1,2,4,1,4,24,74200 ,2NRTIs+NNRTIs,6,低于检测限,低于检测限,低于检测限,低于检测限,低于检测限,低于检测限,低于检测限,低于检测限,低于检测限,低于检测限,低于检测限,低于检测限,低于检测限,低于检测限,低于检测限,低于检测限,低于检测限,低于检测限,低于检测限,低于检测限,低于检测限,低于检测限,低于检测限,低于检测限
2023/01/09,2023,VF-CQ-5198,2 ,32,1,2,3,3,3,128,99800 ,不详,109,B,N,S,S,S,S,S,S,S,S,N,S,S,S,S,S,S,S,N,S,S,S,S,S
2023/01/09,2023,VF-CQ-5201,1 ,35,1,4,4,2,5,127,183000 ,不详,94,CRF07_BC,N,S,S,S,S,S,S,S,S,N,S,S,S,S,S,S,S,N,S,S,S,S,S
2023/01/09,2023,VF-CQ-5204,2 ,40,1,4,4,1,5,549,444 ,2NRTIs+NNRTIs,66,CRF01_AE,N,S,S,S,S,S,S,S,S,S68G,S,S,S,S,S,S,S,N,S,S,S,S,S
2023/01/16,2023,VF-CQ-5227,1 ,78,1,1,4,1,3,39,31200 ,不详,22,CRF07_BC,N,S,S,S,S,S,S,S,S,N,S,S,S,S,S,S,S,N,S,S,S,S,S
2023/01/16,2023,VF-CQ-5229,1 ,72,1,4,4,1,5,196,1807124 ,2NRTIs+NNRTIs,64,CRF01_AE,N,S,S,S,S,S,S,S,S,N,S,S,S,S,S,S,S,K103N,S,H,S,H,S
2023/01/16,2023,VF-CQ-5234,2 ,53,1,4,4,1,5,15,43500 ,2NRTIs+NNRTIs,10,CRF07_BC,Q58E,S,S,S,S,S,P,S,L,N,S,S,S,S,S,S,S,N,S,S,S,S,S
2023/01/16,2023,VF-CQ-5237,1 ,44,1,1,3,3,5,5,7980 ,2NRTIs+NNRTIs,100,B,N,S,S,S,S,S,S,S,S,N,S,S,S,S,S,S,S,K103KN · Y181YC,L,H,I,H,I
2023/01/23,2023,VF-CQ-5243,1 ,53,1,2,4,3,3,66,4750 ,2NRTIs+NNRTIs,22,CRF55_01B,N,S,S,S,S,S,S,S,S,K65R · S68N · L74LI · Y115F · M184V,H,S,I,H,H,H,H,K103N · V179E · Y181YC,L,H,I,H,I
2023/01/23,2023,VF-CQ-5244,1 ,50,1,4,3,4,5,268,581000 ,2NRTIs+NNRTIs,24,CRF68_01B,N,S,S,S,S,S,S,S,S,N,S,S,S,S,S,S,S,N,S,S,S,S,S
2023/01/23,2023,VF-CQ-5245,1 ,36,1,4,4,2,3,171,1250000 ,2NRTIs+NNRTIs,N,CRF07_BC,N,S,S,S,S,S,S,S,S,N,S,S,S,S,S,S,S,N,S,S,S,S,S
2023/01/23,2023,VF-CQ-5255,1 ,44,1,1,4,1,3,34,1080000 ,2NRTIs+NNRTIs,36,CRF07_BC,L23LI,S,S,S,S,S,P,S,S,N,S,S,S,S,S,S,S,V179D,S,P,P,P,P
2023/01/30,2023,VF-CQ-5261,1 ,65,3,4,5,4,5,,8482 ,不详,48,CRF07_BC,N,S,S,S,S,S,S,S,S,M41ML · K65R · S68G · K70KT · L74I · Y115F · M184V,H,S,H,H,H,H,H,V106M · V179E · F227L,H,H,P,H,P
2023/01/30,2023,VF-CQ-5273,1 ,66,1,4,4,4,5,277,95300 ,2NRTIs+NNRTIs,21,C,N,S,S,S,S,S,S,S,S,N,S,S,S,S,S,S,S,N,S,S,S,S,S
2023/01/30,2023,VF-CQ-5285,1 ,61,1,1,2,1,3,115,3040000 ,2NRTIs+NNRTIs,6,低于检出限,低于检出限,低于检出限,低于检出限,低于检出限,低于检出限,低于检出限,低于检出限,低于检出限,低于检出限,低于检出限,低于检出限,低于检出限,低于检出限,低于检出限,低于检出限,低于检出限,低于检出限,低于检出限,低于检出限,低于检出限,低于检出限,低于检出限,低于检出限
2023/02/06,2023,VF-CQ-5292,1 ,81,1,1,2,1,3,246,296000 ,2NRTIs+NNRTIs,48,CRF07_BC,N,S,S,S,S,S,S,S,S,M184V,L,S,S,P,H,H,S,K103N · H221Y · M230L,H,H,I,H,H
2023/02/06,2023,VF-CQ-5294,2 ,55,1,4,2,1,5,295,8420 ,2NRTIs+PIs,48,CRF01_AE,N,S,S,S,S,S,S,S,S,N,S,S,S,S,S,S,S,N,S,S,S,S,S
2023/02/06,2023,VF-CQ-5295,2 ,41,1,2,4,1,3,33,209000 ,2NRTIs+NNRTIs,58,CRF07_BC,N,S,S,S,S,S,S,S,S,N,S,S,S,S,S,S,S,N,S,S,S,S,S
2023/02/06,2023,VF-CQ-5310,1 ,59,3,4,5,4,5,105,25000 ,2NRTIs+NNRTIs,24,CRF07_BC,N,S,S,S,S,S,S,S,S,K65R · S68N · Y115F · M184V,H,S,I,H,H,H,H,V106M · V179D,I,H,P,H,L
2023/02/06,2023,VF-CQ-5316,2 ,57,1,1,4,1,5,102,319000 ,不详,16,CRF08_BC,N,S,S,S,S,S,S,S,S,N,S,S,S,S,S,S,S,N,S,S,S,S,S
2023/02/06,2023,VF-CQ-5317,1 ,47,1,2,4,1,3,93,19200 ,2NRTIs+INSTIs,7,CRF07_BC,N,S,S,S,S,S,S,S,S,M184V,L,S,S,P,H,H,S,N,S,S,S,S,S
2023/02/13,2023,VF-CQ-5324,2 ,17,1,2,1,2,5,360,19700 ,2NRTIs+NNRTIs,49,CRF07_BC,N,S,S,S,S,S,S,S,S,D67N · T69D · K70R · M184V · T215F · K219Q,H,H,H,H,H,H,I,K103N · P225H,I,H,S,H,S
2023/02/13,2023,VF-CQ-5325,1 ,52,1,1,4,1,5,8,84600 ,2NRTIs+NNRTIs,60,CRF07_BC,N,S,S,S,S,S,S,S,S,N,S,S,S,S,S,S,S,N,S,S,S,S,S
2023/02/13,2023,VF-CQ-5328,1 ,33,1,4,4,4,5,14,178000 ,2NRTIs+INSTIs,9,CRF01_AE,N,S,S,S,S,S,S,S,S,L74LI · M184V,I,S,S,H,H,H,S,K103N · V108I · H221HY,L,H,P,H,L
2023/02/13,2023,VF-CQ-5337,2 ,59,1,4,4,1,3,221,113000 ,2NRTIs+NNRTIs,111,CRF01_AE,N,S,S,S,S,S,S,S,S,N,S,S,S,S,S,S,S,V179DE,S,P,P,P,P
2023/02/13,2023,VF-CQ-5342,2 ,35,3,4,5,4,5,138,38700 ,2NRTIs+NNRTIs,139,CRF07_BC,N,S,S,S,S,S,S,S,S,M184V,L,S,S,P,H,H,S,K103N · Y318F,H,H,S,H,S
2023/02/13,2023,VF-CQ-5343,1 ,51,1,4,2,4,5,65,1830000 ,2NRTIs+NNRTIs,41,CRF07_BC,N,S,S,S,S,S,S,S,S,N,S,S,S,S,S,S,S,N,S,S,S,S,S
2023/02/13,2023,VF-CQ-5344,1 ,52,1,4,4,2,3,54,44100 ,2NRTIs+INSTIs,27,CRF55_01B,N,S,S,S,S,S,S,S,S,N,S,S,S,S,S,S,S,V179E,S,P,P,P,P
2023/02/13,2023,VF-CQ-5346,1 ,50,1,1,3,1,5,16,245000 ,2NRTIs+NNRTIs,204,CRF07_BC,N,S,S,S,S,S,S,S,S,S68G · V75I · K219E,P,L,L,P,S,S,P,K101E · Y181C · G190A,I,H,H,H,H
2023/02/20,2023,VF-CQ-5351,1 ,47,1,4,4,4,5,44,904000 ,2NRTIs+NNRTIs,5,CRF01_AE,N,S,S,S,S,S,S,S,S,A62AV · K65R · M184V,H,S,I,H,H,H,I,L100I · K103N,I,H,I,H,H
2023/02/20,2023,VF-CQ-5352,1 ,41,1,4,4,1,5,82,18700 ,2NRTIs+NNRTIs,47,CRF07_BC,Q58E,S,S,S,S,S,P,S,L,M184V,L,S,S,P,H,H,S,K101PQ · K103S · P225PH,I,H,H,H,H
2023/02/20,2023,VF-CQ-5356,2 ,54,1,4,4,1,5,197,59800 ,2NRTIs+NNRTIs,18,CRF08_BC,N,S,S,S,S,S,S,S,S,N,S,S,S,S,S,S,S,E138G,S,P,P,P,L
2023/02/20,2023,VF-CQ-5365,1 ,58,1,4,2,1,3,96,23200 ,2NRTIs+NNRTIs,13,CRF01_AE,N,S,S,S,S,S,S,S,S,N,S,S,S,S,S,S,S,N,S,S,S,S,S
2023/02/20,2023,VF-CQ-5372,1 ,67,1,1,2,1,4,141,258000 ,2NRTIs+NNRTIs,34,CRF08_BC,N,S,S,S,S,S,S,S,S,D67N · K70E · Y115FS · M184V,H,S,I,I,H,H,I,V106M · V179D,I,H,P,H,L
2023/02/20,2023,VF-CQ-5374,2 ,22,3,4,5,4,5,208,998000 ,2NRTIs+NNRTIs,6,CRF55_01B,N,S,S,S,S,S,S,S,S,K70E · M184V,I,S,L,L,H,H,L,K103N · V179E,S,H,P,H,P
2023/02/20,2023,VF-CQ-5381,1 ,79,1,4,4,1,5,23,29200 ,2NRTIs+NNRTIs,60,CRF07_BC,N,S,S,S,S,S,S,S,S,N,S,S,S,S,S,S,S,N,S,S,S,S,S
2023/02/20,2023,VF-CQ-5383,2 ,36,1,4,4,1,5,177,41740 ,2NRTIs+NNRTIs,121,CRF08_BC,N,S,S,S,S,S,S,S,S,N,S,S,S,S,S,S,S,E138A,S,S,P,S,L
2023/02/20,2023,VF-CQ-5387,1 ,37,1,4,4,3,3,16,175000 ,2NRTIs+INSTIs,11,CRF01_AE,N,S,S,S,S,S,S,S,S,S68G,S,S,S,S,S,S,S,N,S,S,S,S,S
2023/02/20,2023,VF-CQ-5394,1 ,40,1,2,4,2,4,50,418000 ,2NRTIs+NNRTIs,25,CRF01_AE,N,S,S,S,S,S,S,S,S,N,S,S,S,S,S,S,S,N,S,S,S,S,S
2023/02/20,2023,VF-CQ-5395,1 ,75,1,4,4,1,5,200,2740 ,不详,72,CRF07_BC,N,S,S,S,S,S,S,S,S,N,S,S,S,S,S,S,S,K101E,L,L,L,I,I
2023/02/27,2023,VF-CQ-5402,1 ,39,1,4,4,2,4,40,887000 ,2NRTIs+NNRTIs,144,CRF07_BC,N,S,S,S,S,S,S,S,S,N,S,S,S,S,S,S,S,N,S,S,S,S,S
2023/02/27,2023,VF-CQ-5404,2 ,35,1,4,4,4,5,299,301000 ,2NRTIs+NNRTIs,109,CRF08_BC,N,S,S,S,S,S,S,S,S,N,S,S,S,S,S,S,S,N,S,S,S,S,S
2023/02/27,2023,VF-CQ-5408,1 ,36,1,4,4,1,3,337,72500 ,不详,68,CRF07_BC,N,S,S,S,S,S,S,S,S,N,S,S,S,S,S,S,S,N,S,S,S,S,S
2023/02/27,2023,VF-CQ-5409,1 ,42,1,4,4,1,5,124,261000 ,2NRTIs+NNRTIs,48,CRF07_BC,N,S,S,S,S,S,S,S,S,N,S,S,S,S,S,S,S,N,S,S,S,S,S
2023/02/27,2023,VF-CQ-5414,1 ,7,1,1,1,2,1,858,895 ,2NRTIs+NNRTIs,24,CRF07_BC,N,S,S,S,S,S,S,S,S,M184V,L,S,S,P,H,H,S,K103N · H221Y,P,H,P,H,L
2023/02/27,2023,VF-CQ-5420,1 ,48,3,4,5,4,5,389,11000 ,2NRTIs+NNRTIs,36,CRF07_BC,K43T,S,S,S,S,S,P,S,P,S68G · M184V,L,S,S,P,H,H,S,V106M · Y188L,H,H,P,H,H
2023/03/06,2023,VF-CQ-5428,2 ,32,3,4,5,4,5,154,261000 ,不详,105,CRF07_BC,N,S,S,S,S,S,S,S,S,N,S,S,S,S,S,S,S,N,S,S,S,S,S
2023/03/06,2023,VF-CQ-5430,1 ,64,3,4,5,4,5,50,2890000 ,2NRTIs+NNRTIs,28,CRF01_AE,N,S,S,S,S,S,S,S,S,K65R · S68G · M184V,H,S,I,H,H,H,I,K103N · Y188L,H,H,P,H,H
2023/03/06,2023,VF-CQ-5431,1 ,66,1,4,4,4,5,44,20516 ,2NRTIs+NNRTIs,40,CRF01_AE,N,S,S,S,S,S,S,S,S,A62V · K65R · S68N · M184V,H,S,I,H,H,H,I,K103N · V179T · Y188L,H,H,P,H,H
2023/03/06,2023,VF-CQ-5435,1 ,18,1,4,4,1,4,532,6380000 ,2NRTIs+INSTIs,6,CRF07_BC,M46I,P,S,P,P,P,I,P,S,N,S,S,S,S,S,S,S,N,S,S,S,S,S
2023/03/06,2023,VF-CQ-5437,1 ,53,1,4,4,4,5,,20000 ,2NRTIs+NNRTIs,182,低于检出限,低于检出限,低于检出限,低于检出限,低于检出限,低于检出限,低于检出限,低于检出限,低于检出限,低于检出限,低于检出限,低于检出限,低于检出限,低于检出限,低于检出限,低于检出限,低于检出限,低于检出限,低于检出限,低于检出限,低于检出限,低于检出限,低于检出限,低于检出限
2023/03/06,2023,VF-CQ-5438,1 ,27,1,4,4,1,5,11,34500000 ,2NRTIs+NNRTIs,12,CRF01_AE,N,S,S,S,S,S,S,S,S,N,S,S,S,S,S,S,S,V106I · G190A,P,I,L,H,L
2023/03/06,2023,VF-CQ-5444,1 ,64,3,4,5,4,5,290,20 ,2NRTIs+NNRTIs,72,CRF07_BC,N,S,S,S,S,S,S,S,S,K65R · D67G · S68SG · L74LV · Y115F · K219E,H,L,H,H,I,I,H,K101E · Y181C · G190T,I,H,H,H,H
2023/03/06,2023,VF-CQ-5445,1 ,47,1,4,4,2,3,10,39813 ,2NRTIs+NNRTIs,10,CRF07_BC,N,S,S,S,S,S,S,S,S,A62AV · K65R · S68G · M184V,H,S,I,H,H,H,I,N,S,S,S,S,S
2023/03/06,2023,VF-CQ-5448,2 ,46,1,4,4,4,5,210,3410000 ,2NRTIs+INSTIs,27,CRF08_BC,N,S,S,S,S,S,S,S,S,Y115F,I,S,S,S,S,S,L,K101E · V106A,H,H,L,H,I
2023/03/06,2023,VF-CQ-5456,1 ,36,1,4,4,4,5,363,13700 ,2NRTIs+NNRTIs,156,CRF07_BC,N,S,S,S,S,S,S,S,S,N,S,S,S,S,S,S,S,N,S,S,S,S,S
2023/03/13,2023,VF-CQ-5462,1 ,36,1,4,4,4,5,445,4600 ,2NRTIs+NNRTIs,120,CRF07_BC,N,S,S,S,S,S,S,S,S,A62V · K65R · S68N · K70T · M184V,H,S,H,H,H,H,H,K103N · V106M,I,H,S,H,S
2023/03/13,2023,VF-CQ-5467,2 ,65,1,1,3,1,5,282,7000 ,2NRTIs+NNRTIs,63,CRF07_BC,N,S,S,S,S,S,S,S,S,N,S,S,S,S,S,S,S,N,S,S,S,S,S
2023/03/13,2023,VF-CQ-5468,2 ,70,1,4,4,4,5,131,260000 ,2NRTIs+NNRTIs,15,CRF07_BC,N,S,S,S,S,S,S,S,S,N,S,S,S,S,S,S,S,N,S,S,S,S,S
2023/03/13,2023,VF-CQ-5469,2 ,26,3,4,5,4,5,118,14800 ,2NRTIs+NNRTIs,72,CRF07_BC,N,S,S,S,S,S,S,S,S,N,S,S,S,S,S,S,S,N,S,S,S,S,S
2023/03/13,2023,VF-CQ-5470,1 ,44,1,1,3,3,5,5,7980 ,2NRTIs+NNRTIs,100,B,N,S,S,S,S,S,S,S,S,N,S,S,S,S,S,S,S,K103KN · V108VI,I,H,I,H,I
2023/03/13,2023,VF-CQ-5473,1 ,53,1,4,4,3,5,20,383000 ,不详,192,CRF07_BC,N,S,S,S,S,S,S,S,S,N,S,S,S,S,S,S,S,N,S,S,S,S,S
2023/03/13,2023,VF-CQ-5477,1 ,57,1,4,4,1,5,122,2930 ,2NRTIs+NNRTIs,12,CRF01_AE,N,S,S,S,S,S,S,S,S,D67DN,S,L,L,S,S,S,S,V106IM · V179D,I,H,L,H,L
2023/03/13,2023,VF-CQ-5482,2 ,31,1,4,4,2,5,21,10500 ,不详,87,CRF01_AE,N,S,S,S,S,S,S,S,S,S68G,S,S,S,S,S,S,S,N,S,S,S,S,S
2023/03/13,2023,VF-CQ-5486,1 ,56,1,4,4,3,5,59,70400 ,2NRTIs+NNRTIs,111,CRF07_BC,N,S,S,S,S,S,S,S,S,N,S,S,S,S,S,S,S,N,S,S,S,S,S
2023/03/13,2023,VF-CQ-5490,2 ,37,3,4,5,4,5,,3530 ,2NRTIs+NNRTIs,63,CRF07_BC,N,S,S,S,S,S,S,S,S,M41L · D67DN · K70KR · M184V · K219KQ,I,H,I,I,H,H,L,V106M · V179D · F227L,H,H,P,H,P
2023/03/20,2023,VF-CQ-5495,2 ,55,3,4,5,4,5,,10100 ,2NRTIs+NNRTIs,16,CRF07_BC,N,S,S,S,S,S,S,S,S,M184V,L,S,S,P,H,H,S,K103N · V179E,S,H,P,H,P
2023/03/20,2023,VF-CQ-5503,1 ,34,1,1,4,2,5,24,34900 ,2NRTIs+NNRTIs,60,CRF01_AE,L33F,S,S,P,S,S,P,S,P,N,S,S,S,S,S,S,S,N,S,S,S,S,S
2023/03/20,2023,VF-CQ-5507,1 ,55,1,1,3,1,3,79,4600000 ,2NRTIs+NNRTIs,96,CRF01_AE,N,S,S,S,S,S,S,S,S,N,S,S,S,S,S,S,S,N,S,S,S,S,S
2023/03/20,2023,VF-CQ-5509,1 ,53,1,3,3,1,3,116,635000 ,2NRTIs+INSTIs,106,CRF07_BC,L10LF,S,S,L,P,S,L,S,S,N,S,S,S,S,S,S,S,E138G,S,P,P,P,L
2023/03/20,2023,VF-CQ-5516,2 ,64,1,4,4,4,5,208,2450000 ,2NRTIs+NNRTIs,71,低于检出限,低于检出限,低于检出限,低于检出限,低于检出限,低于检出限,低于检出限,低于检出限,低于检出限,低于检出限,低于检出限,低于检出限,低于检出限,低于检出限,低于检出限,低于检出限,低于检出限,低于检出限,低于检出限,低于检出限,低于检出限,低于检出限,低于检出限,低于检出限
2023/03/20,2023,VF-CQ-5517,2 ,71,3,4,5,4,5,214,56700 ,2NRTIs+NNRTIs,24,CRF07_BC,N,S,S,S,S,S,S,S,S,N,S,S,S,S,S,S,S,N,S,S,S,S,S
2023/03/20,2023,VF-CQ-5521,1 ,73,1,1,4,1,3,,26400 ,2NRTIs+NNRTIs,112,CRF07_BC,K43T,S,S,S,S,S,P,S,P,M184MV,L,S,S,P,H,H,S,K101P · K103N,P,H,H,H,H
2023/03/20,2023,VF-CQ-5523,1 ,71,1,1,2,1,5,116,478000 ,2NRTIs+NNRTIs,72,CRF07_BC,N,S,S,S,S,S,S,S,S,N,S,S,S,S,S,S,S,N,S,S,S,S,S
2023/03/20,2023,VF-CQ-5526,1 ,28,1,4,4,2,4,414,24300 ,2NRTIs+NNRTIs,17,CRF07_BC,N,S,S,S,S,S,S,S,S,N,S,S,S,S,S,S,S,N,S,S,S,S,S
2023/03/27,2023,VF-CQ-5535,2 ,37,3,4,5,4,5,,20100 ,2NRTIs+NNRTIs,93,CRF01_AE,N,S,S,S,S,S,S,S,S,D67DN · M184V,L,S,S,L,H,H,S,K103S · G190A,S,H,P,H,L
2023/03/27,2023,VF-CQ-5543,1 ,83,3,4,5,4,5,53,6521 ,2NRTIs+PIs,49,CRF07_BC,N,S,S,S,S,S,S,S,S,N,S,S,S,S,S,S,S,N,S,S,S,S,S
2023/03/27,2023,VF-CQ-5544,1 ,35,1,4,4,4,5,360,32200 ,2NRTIs+NNRTIs,85,CRF07_BC,N,S,S,S,S,S,S,S,S,N,S,S,S,S,S,S,S,N,S,S,S,S,S
2023/03/27,2023,VF-CQ-5545,2 ,69,3,4,5,4,5,105,103000 ,2NRTIs+NNRTIs,39,C,N,S,S,S,S,S,S,S,S,N,S,S,S,S,S,S,S,E138EG · V179D,S,L,L,L,L
2023/03/27,2023,VF-CQ-5546,1 ,51,3,4,5,4,5,158,606 ,2NRTIs+NNRTIs,24,CRF08_BC,N,S,S,S,S,S,S,S,S,N,S,S,S,S,S,S,S,E138A,S,S,P,S,L
2023/03/27,2023,VF-CQ-5554,2 ,48,1,4,5,1,5,57,47000 ,2NRTIs+NNRTIs,33,CRF07_BC,N,S,S,S,S,S,S,S,S,N,S,S,S,S,S,S,S,V179D,S,P,P,P,P
2023/03/27,2023,VF-CQ-5565,1 ,32,3,4,5,4,5,,4300000 ,2NRTIs+NNRTIs,30,CRF07_BC,N,S,S,S,S,S,S,S,S,M184V,L,S,S,P,H,H,S,V106M · V179D,I,H,P,H,P
2023/03/27,2023,VF-CQ-5567,2 ,67,1,4,4,1,5,81,18000 ,2NRTIs+NNRTIs,85,CRF07_BC,N,S,S,S,S,S,S,S,S,N,S,S,S,S,S,S,S,N,S,S,S,S,S
2023/03/27,2023,VF-CQ-5573,1 ,13,1,4,4,2,5,55,26200 ,2NRTIs+NNRTIs,77,CRF01_AE,N,S,S,S,S,S,S,S,S,K65R,I,S,H,H,I,I,I,L100I · K103N,I,H,I,H,H
2023/04/03,2023,VF-CQ-5576,1 ,54,1,1,3,3,3,64,146000 ,2NRTIs+NNRTIs,36,CRF01_AE,N,S,S,S,S,S,S,S,S,D67G · S68G · M184I · K219E,L,L,P,L,H,H,S,K101E · Y181C · G190A · H221Y,H,H,H,H,H
2023/04/03,2023,VF-CQ-5577,2 ,54,1,4,3,1,5,237,1490 ,2NRTIs+NNRTIs,10,C,N,S,S,S,S,S,S,S,S,N,S,S,S,S,S,S,S,N348I,S,S,S,L,S
2023/04/03,2023,VF-CQ-5578,1 ,52,1,4,4,1,4,21,950000 ,2NRTIs+PIs,53,CRF55_01B,N,S,S,S,S,S,S,S,S,N,S,S,S,S,S,S,S,E138G · V179E,S,L,L,L,L
2023/04/03,2023,VF-CQ-5584,1 ,68,1,4,2,1,5,125,637000 ,不详,41,CRF08_BC,N,S,S,S,S,S,S,S,S,N,S,S,S,S,S,S,S,K103N,S,H,S,H,S
2023/04/03,2023,VF-CQ-5585,1 ,63,1,4,4,1,3,39,993000 ,2NRTIs+NNRTIs,48,CRF07_BC,Q58E,S,S,S,S,S,P,S,L,N,S,S,S,S,S,S,S,V179E,S,P,P,P,P
2023/04/03,2023,VF-CQ-5586,2 ,32,3,4,5,4,5,190,11000 ,2NRTIs+NNRTIs,25,CRF85_BC,N,S,S,S,S,S,S,S,S,N,S,S,S,S,S,S,S,N,S,S,S,S,S
2023/04/03,2023,VF-CQ-5587,1 ,39,1,4,4,4,5,64,468000 ,不详,15,CRF08_BC,N,S,S,S,S,S,S,S,S,N,S,S,S,S,S,S,S,V179D,S,P,P,P,P
2023/04/03,2023,VF-CQ-5590,1 ,46,3,4,5,4,5,18,112000 ,2NRTIs+NNRTIs,12,CRF07_BC,N,S,S,S,S,S,S,S,S,A62V · K65KR · D67DN · S68SN · K70KE·Y115F · M184V,H,P,H,H,H,H,H,V179D · F227FL,H,L,P,I,P
2023/04/03,2023,VF-CQ-5592,1 ,37,1,1,5,1,5,197,31500 ,2NRTIs+NNRTIs,47,CRF01_AE,N,S,S,S,S,S,S,S,S,D67DN · K70E · Y115YF · M184V,H,S,I,I,H,H,I,K103N · V106M,I,H,S,H,S
2023/04/03,2023,VF-CQ-5594,1 ,33,1,3,3,2,4,70,507000 ,2NRTIs+NNRTIs,120,CRF07_BC,N,S,S,S,S,S,S,S,S,K65R · S68SDGN · M184MIV,H,S,I,H,H,H,I,K101E · Y181YC · G190GS,H,H,H,H,H
2023/04/03,2023,VF-CQ-5596,2 ,46,3,4,5,4,5,,,2NRTIs+NNRTIs,51,低于检出限,低于检出限,低于检出限,低于检出限,低于检出限,低于检出限,低于检出限,低于检出限,低于检出限,低于检出限,低于检出限,低于检出限,低于检出限,低于检出限,低于检出限,低于检出限,低于检出限,低于检出限,低于检出限,低于检出限,低于检出限,低于检出限,低于检出限,低于检出限
2023/04/03,2023,VF-CQ-5599,1 ,23,1,3,4,2,3,361,71100 ,2NRTIs+NNRTIs,15,CRF53_01B,N,S,S,S,S,S,S,S,S,N,S,S,S,S,S,S,S,V179E,S,P,P,P,P
2023/04/03,2023,VF-CQ-5600,2 ,53,3,4,5,4,5,76,63900 ,2NRTIs+NNRTIs,27,CRF01_AE,N,S,S,S,S,S,S,S,S,D67N · K70E · M184V · K219R,I,L,I,I,H,H,L,V106M · V179D · F227L,H,H,P,H,L
2023/04/10,2023,VF-CQ-5608,1 ,75,1,4,4,1,5,137,480000 ,2NRTIs+NNRTIs,105,CRF08_BC,N,S,S,S,S,S,S,S,S,N,S,S,S,S,S,S,S,N,S,S,S,S,S
2023/04/10,2023,VF-CQ-5610,1 ,27,1,4,5,4,5,22,1080000 ,2NRTIs+INSTIs,6,CRF07_BC,N,S,S,S,S,S,S,S,S,K219E,S,P,P,S,S,S,S,Y181C,P,I,I,H,I
2023/04/10,2023,VF-CQ-5613,1 ,72,1,4,2,4,5,147,527000 ,2NRTIs+NNRTIs,68,CRF07_BC,K43T,S,S,S,S,S,P,S,P,N,S,S,S,S,S,S,S,N,S,S,S,S,S
2023/04/10,2023,VF-CQ-5615,1 ,27,1,4,4,4,5,,881 ,2NRTIs+NNRTIs,62,CRF07_BC,N,S,S,S,S,S,S,S,S,K65R · S68N · Y115F · M184V,H,S,I,H,H,H,H,V106M · V179E · G190A · F227FL,H,H,L,H,L
2023/04/10,2023,VF-CQ-5625,2 ,68,3,4,5,4,5,649,208000 ,2NRTIs+NNRTIs,73,低于检出限,低于检出限,低于检出限,低于检出限,低于检出限,低于检出限,低于检出限,低于检出限,低于检出限,低于检出限,低于检出限,低于检出限,低于检出限,低于检出限,低于检出限,低于检出限,低于检出限,低于检出限,低于检出限,低于检出限,低于检出限,低于检出限,低于检出限,低于检出限
2023/04/17,2023,VF-CQ-5643,2 ,67,3,4,5,4,5,208,2490 ,2NRTIs+NNRTIs,50,CRF08_BC,N,S,S,S,S,S,S,S,S,N,S,S,S,S,S,S,S,N,S,S,S,S,S
2023/04/17,2023,VF-CQ-5646,1 ,66,3,4,5,4,5,922,1190 ,2NRTIs+NNRTIs,49,CRF08_BC,N,S,S,S,S,S,S,S,S,N,S,S,S,S,S,S,S,N,S,S,S,S,S
2023/04/17,2023,VF-CQ-5658,1 ,65,3,4,5,4,5,,195000 ,不详,23年4月失败,CRF07_BC,N,S,S,S,S,S,S,S,S,N,S,S,S,S,S,S,S,N,S,S,S,S,S
2023/04/24,2023,VF-CQ-5667,1 ,27,3,4,4,4,5,489,30000 ,2NRTIs+NNRTIs,66,低于检出限,低于检出限,低于检出限,低于检出限,低于检出限,低于检出限,低于检出限,低于检出限,低于检出限,低于检出限,低于检出限,低于检出限,低于检出限,低于检出限,低于检出限,低于检出限,低于检出限,低于检出限,低于检出限,低于检出限,低于检出限,低于检出限,低于检出限,低于检出限
2023/04/24,2023,VF-CQ-5668,2 ,59,1,4,4,1,5,333,7290 ,2NRTIs+NNRTIs,24,CRF07_BC,N,S,S,S,S,S,S,S,S,N,S,S,S,S,S,S,S,V179D,S,P,P,P,P
2023/04/24,2023,VF-CQ-5677,1 ,31,1,4,4,4,5,,700000 ,2NRTIs+NNRTIs,95,低于检出限,低于检出限,低于检出限,低于检出限,低于检出限,低于检出限,低于检出限,低于检出限,低于检出限,低于检出限,低于检出限,低于检出限,低于检出限,低于检出限,低于检出限,低于检出限,低于检出限,低于检出限,低于检出限,低于检出限,低于检出限,低于检出限,低于检出限,低于检出限
2023/04/24,2023,VF-CQ-5678,1 ,77,3,4,5,4,5,4224,819 ,2NRTIs+NNRTIs,8,CRF07_BC,N,S,S,S,S,S,S,S,S,N,S,S,S,S,S,S,S,K103N,S,H,S,H,S
2023/04/24,2023,VF-CQ-5685,2 ,67,1,1,2,1,3,28,31400 ,不详,42,CRF07_BC,N,S,S,S,S,S,S,S,S,N,S,S,S,S,S,S,S,N,S,S,S,S,S
2023/04/24,2023,VF-CQ-5689,1 ,71,1,4,4,4,5,172,264000 ,2NRTIs+NNRTIs,64,CRF07_BC,N,S,S,S,S,S,S,S,S,K65R · Y115F · M184V · K219E,H,S,H,H,H,H,H,V106M · V179E · F227L,H,H,P,H,P
2023/05/01,2023,VF-CQ-5693,1 ,61,1,4,4,3,5,26,428000 ,2NRTIs+NNRTIs,10,CRF01_AE,N,S,S,S,S,S,S,S,S,A62V · K65R · M184V,H,S,I,H,H,H,I,K103N · Y181C · G190A,L,H,I,H,H
2023/05/01,2023,VF-CQ-5694,2 ,41,1,4,4,1,5,138,374000 ,2NRTIs+NNRTIs,112,B,N,S,S,S,S,S,S,S,S,N,S,S,S,S,S,S,S,K103KN,S,H,S,H,S
2023/05/01,2023,VF-CQ-5708,1 ,50,2,2,3,3,3,19,70200 ,2NRTIs+NNRTIs,96,CRF01_AE,N,S,S,S,S,S,S,S,S,N,S,S,S,S,S,S,S,N,S,S,S,S,S
2023/05/01,2023,VF-CQ-5712,1 ,26,1,4,4,1,4,53,982000 ,2NRTIs+NNRTIs,27,CRF52_01B,N,S,S,S,S,S,S,S,S,S68G,S,S,S,S,S,S,S,V106I,P,S,P,P,P
2023/05/01,2023,VF-CQ-5719,1 ,30,1,3,4,2,5,22,383000 ,2NRTIs+INSTIs,21,CRF01_AE,N,S,S,S,S,S,S,S,S,N,S,S,S,S,S,S,S,N,S,S,S,S,S
2023/05/01,2023,VF-CQ-5720,1 ,61,1,1,4,1,3,70,866000 ,不详,36,CRF85_BC,N,S,S,S,S,S,S,S,S,N,S,S,S,S,S,S,S,K103N,S,H,S,H,S
2023/05/01,2023,VF-CQ-5721,1 ,62,1,1,4,3,3,118,451000 ,2NRTIs+NNRTIs,30,CRF07_BC,N,S,S,S,S,S,S,S,S,N,S,S,S,S,S,S,S,K103N,S,H,S,H,S
2023/05/08,2023,VF-CQ-5727,2 ,51,1,4,4,3,5,289,442 ,2NRTIs+NNRTIs,8,CRF07_BC,N,S,S,S,S,S,S,S,S,K65R · S68N · M184I,H,S,I,H,H,H,I,K103N · P225H · M230L,H,H,I,H,H
2023/05/08,2023,VF-CQ-5729,1 ,55,1,4,4,1,5,198,30200 ,2NRTIs+INSTIs,9,C,N,S,S,S,S,S,S,S,S,N,S,S,S,S,S,S,S,N,S,S,S,S,S
2023/05/08,2023,VF-CQ-5733,1 ,39,1,2,4,2,5,193,1840 ,2NRTIs+NNRTIs,63,CRF07_BC,N,S,S,S,S,S,S,S,S,N,S,S,S,S,S,S,S,N,S,S,S,S,S
2023/05/08,2023,VF-CQ-5738,1 ,37,3,4,5,4,5,30,30000 ,2NRTIs+NNRTIs,108,CRF01_AE,N,S,S,S,S,S,S,S,S,N,S,S,S,S,S,S,S,N,S,S,S,S,S
2023/05/08,2023,VF-CQ-5742,1 ,59,1,4,2,1,3,1,1350 ,2NRTIs+NNRTIs,13,CRF01_AE,N,S,S,S,S,S,S,S,S,S68G,S,S,S,S,S,S,S,N,S,S,S,S,S
2023/05/08,2023,VF-CQ-5744,1 ,70,1,4,2,4,5,609,13200 ,2NRTIs+NNRTIs,79,低于检出限,低于检出限,低于检出限,低于检出限,低于检出限,低于检出限,低于检出限,低于检出限,低于检出限,低于检出限,低于检出限,低于检出限,低于检出限,低于检出限,低于检出限,低于检出限,低于检出限,低于检出限,低于检出限,低于检出限,低于检出限,低于检出限,低于检出限,低于检出限
2023/05/08,2023,VF-CQ-5748,1 ,61,1,2,4,1,3,27,221000 ,2NRTIs+NNRTIs,24,CRF08_BC,N,S,S,S,S,S,S,S,S,N,S,S,S,S,S,S,S,V179D,S,I,P,I,L
2023/05/08,2023,VF-CQ-5751,1 ,53,1,1,4,1,3,14,216000 ,2NRTIs+NNRTIs,38,CRF01_AE,N,S,S,S,S,S,S,S,S,M184V,L,S,S,P,H,H,S,K103N,S,H,S,H,S
2023/05/08,2023,VF-CQ-5752,1 ,49,1,4,4,4,5,31,59300 ,2NRTIs+NNRTIs,75,CRF01_AE,N,S,S,S,S,S,S,S,S,K65R · S68G · M184V · K219E,H,S,H,H,H,H,I,K101H · Y181C · G190S · K238T,I,H,H,H,H
5/8/2023,2023,VF-CQ-5753,1 ,53,1,1,4,3,3,24,803000 ,2NRTIs+NNRTIs,18,CRF08_BC,N,S,S,S,S,S,S,S,S,N,S,S,S,S,S,S,S,N,S,S,S,S,S
2023/05/08,2023,VF-CQ-5753,1 ,55,1,1,4,3,3,24,803000 ,2NRTIs+NNRTIs,18,CRF08_BC,N,S,S,S,S,S,S,S,S,K65KR · S68SN · M184V,H,S,I,H,H,H,I,N,S,S,S,S,S
2023/05/15,2023,VF-CQ-5756,1 ,24,1,4,4,4,5,,,2NRTIs+NNRTIs,57,低于检出限,低于检出限,低于检出限,低于检出限,低于检出限,低于检出限,低于检出限,低于检出限,低于检出限,低于检出限,低于检出限,低于检出限,低于检出限,低于检出限,低于检出限,低于检出限,低于检出限,低于检出限,低于检出限,低于检出限,低于检出限,低于检出限,低于检出限,低于检出限
2023/05/15,2023,VF-CQ-5758,2 ,67,3,4,5,4,5,355,27300 ,2NRTIs+NNRTIs,106,低于检出限,低于检出限,低于检出限,低于检出限,低于检出限,低于检出限,低于检出限,低于检出限,低于检出限,低于检出限,低于检出限,低于检出限,低于检出限,低于检出限,低于检出限,低于检出限,低于检出限,低于检出限,低于检出限,低于检出限,低于检出限,低于检出限,低于检出限,低于检出限
2023/05/15,2023,VF-CQ-5761,1 ,36,1,4,4,4,5,197,2090 ,2NRTIs+NNRTIs,94,CRF07_BC,N,S,S,S,S,S,S,S,S,A62V · K65R · S68G · K70T · M184V,H,S,H,H,H,H,H,K101E · V106M · Y181V · G190A,H,H,H,H,H
2023/05/15,2023,VF-CQ-5764,2 ,33,1,4,4,4,5,442,63100 ,2NRTIs+NNRTIs,8,CRF08_BC,N,S,S,S,S,S,S,S,S,N,S,S,S,S,S,S,S,N,S,S,S,S,S
2023/05/15,2023,VF-CQ-5765,1 ,47,1,2,4,2,3,16,4490000 ,2NRTIs+NNRTIs,9,CRF07_BC,K43T,S,S,S,S,S,P,S,P,M184I,L,S,S,P,H,H,S,K103N · F227L · M230L,H,H,I,H,H
2023/05/15,2023,VF-CQ-5766,2 ,27,1,4,4,2,5,195,4400 ,2NRTIs+NNRTIs,53,低于检出限,低于检出限,低于检出限,低于检出限,低于检出限,低于检出限,低于检出限,低于检出限,低于检出限,低于检出限,低于检出限,低于检出限,低于检出限,低于检出限,低于检出限,低于检出限,低于检出限,低于检出限,低于检出限,低于检出限,低于检出限,低于检出限,低于检出限,低于检出限
2023/05/15,2023,VF-CQ-5770,2 ,17,3,4,5,4,5,45,71900 ,2NRTIs+NNRTIs,6,CRF08_BC,N,S,S,S,S,S,S,S,S,D67N · K70E · M184V · K219KR,I,L,I,I,H,H,L,V106M · V179D · F227L,H,H,P,H,L
2023/05/15,2023,VF-CQ-5774,1 ,68,1,1,4,1,3,146,5260000 ,2NRTIs+INSTIs,18,CRF07_BC,N,S,S,S,S,S,S,S,S,M184V,L,S,S,P,H,H,S,V106M · V179D,I,H,P,H,L
2023/05/15,2023,VF-CQ-5776,1 ,53,1,4,4,4,5,317,1440 ,2NRTIs+NNRTIs,12,CRF07_BC,N,S,S,S,S,S,S,S,S,K65R · V75M · M184V,H,S,H,H,H,H,I,L100I · K103N,I,H,I,H,H
2023/05/22,2023,VF-CQ-5779,1 ,59,1,4,4,1,3,36,230000 ,不详,33,CRF07_BC,N,S,S,S,S,S,S,S,S,K65R · S68N · M184V,H,S,I,H,H,H,I,L100I · K103N · P225PH,I,H,I,H,H
2023/05/22,2023,VF-CQ-5782,1 ,62,1,2,4,1,3,53,1240000 ,2NRTIs+NNRTIs,35,CRF08_BC,N,S,S,S,S,S,S,S,S,M184V,L,S,S,P,H,H,S,N,S,S,S,S,S
2023/05/22,2023,VF-CQ-5790,1 ,32,3,4,5,4,5,187,37500 ,不详,59,CRF07_BC,N,S,S,S,S,S,S,S,S,N,S,S,S,S,S,S,S,N,S,S,S,S,S
2023/05/22,2023,VF-CQ-5794,1 ,65,1,4,4,1,5,27,606000 ,2NRTIs+NNRTIs,43,低于检出限,低于检出限,低于检出限,低于检出限,低于检出限,低于检出限,低于检出限,低于检出限,低于检出限,低于检出限,低于检出限,低于检出限,低于检出限,低于检出限,低于检出限,低于检出限,低于检出限,低于检出限,低于检出限,低于检出限,低于检出限,低于检出限,低于检出限,低于检出限
2023/05/22,2023,VF-CQ-5800,1 ,49,1,4,4,2,5,35,534000 ,2NRTIs+NNRTIs,12,CRF07_BC,N,S,S,S,S,S,S,S,S,D67N · K70E · L74LV · Y115F · M184V,H,S,I,H,H,H,I,V106M · H221Y · F227C,H,H,I,H,H
2023/05/29,2023,VF-CQ-5804,1 ,70,1,4,4,1,3,82,1070000 ,2NRTIs+NNRTIs,84,CRF07_BC,N,S,S,S,S,S,S,S,S,M184MV,L,S,S,P,H,H,S,N,S,S,S,S,S
2023/05/29,2023,VF-CQ-5808,1 ,81,1,2,2,3,3,320,155000 ,2NRTIs+NNRTIs,48,CRF01_AE,N,S,S,S,S,S,S,S,S,N,S,S,S,S,S,S,S,N,S,S,S,S,S
2023/05/29,2023,VF-CQ-5813,1 ,62,1,4,5,4,5,,336000 ,2NRTIs+NNRTIs,23,CRF01_AE,N,S,S,S,S,S,S,S,S,K65R · S68G · M184V · K219E,H,S,H,H,H,H,I,L100I · K103N,I,H,I,H,H
2023/05/29,2023,VF-CQ-5817,2 ,70,1,4,4,1,3,145,72100 ,2NRTIs+NNRTIs,17,CRF08_BC,N,S,S,S,S,S,S,S,S,N,S,S,S,S,S,S,S,K103N · V179D · N348I,S,H,P,H,P
2023/05/29,2023,VF-CQ-5820,1 ,70,1,4,4,4,5,,528000 ,2NRTIs+NNRTIs,36,CRF08_BC,N,S,S,S,S,S,S,S,S,K70Q · L74I · Y115F · M184V,H,S,L,H,H,H,I,K103N · H221Y,P,H,P,H,L
2023/05/29,2023,VF-CQ-5823,1 ,75,1,4,4,1,5,347,1620 ,2NRTIs+NNRTIs,84,低于检出限,低于检出限,低于检出限,低于检出限,低于检出限,低于检出限,低于检出限,低于检出限,低于检出限,低于检出限,低于检出限,低于检出限,低于检出限,低于检出限,低于检出限,低于检出限,低于检出限,低于检出限,低于检出限,低于检出限,低于检出限,低于检出限,低于检出限,低于检出限
2023/05/29,2023,VF-CQ-5827,1 ,54,1,4,4,4,5,25,12300 ,2NRTIs+NNRTIs,145,低于检出限,低于检出限,低于检出限,低于检出限,低于检出限,低于检出限,低于检出限,低于检出限,低于检出限,低于检出限,低于检出限,低于检出限,低于检出限,低于检出限,低于检出限,低于检出限,低于检出限,低于检出限,低于检出限,低于检出限,低于检出限,低于检出限,低于检出限,低于检出限
2023/05/29,2023,VF-CQ-5829,1 ,52,1,4,4,3,5,36,216311 ,2NRTIs+NNRTIs,69,CRF01_AE,N,S,S,S,S,S,S,S,S,N,S,S,S,S,S,S,S,N,S,S,S,S,S
2023/05/29,2023,VF-CQ-5831,2 ,64,3,4,5,4,5,,106000 ,2NRTIs+NNRTIs,17,低于检出限,低于检出限,低于检出限,低于检出限,低于检出限,低于检出限,低于检出限,低于检出限,低于检出限,低于检出限,低于检出限,低于检出限,低于检出限,低于检出限,低于检出限,低于检出限,低于检出限,低于检出限,低于检出限,低于检出限,低于检出限,低于检出限,低于检出限,低于检出限
2023/05/29,2023,VF-CQ-5834,2 ,18,1,4,3,4,5,144,250000 ,2NRTIs+PIs,56,CRF01_AE,N,S,S,S,S,S,S,S,S,N,S,S,S,S,S,S,S,N,S,S,S,S,S
2023/06/05,2023,VF-CQ-5836,2 ,30,1,4,4,1,5,5,162000 ,2NRTIs+NNRTIs,76,CRF08_BC,N,S,S,S,S,S,S,S,S,N,S,S,S,S,S,S,S,Y318F,H,P,S,I,S
2023/06/05,2023,VF-CQ-5838,1 ,38,1,4,4,2,4,595,49900 ,不详,120,CRF07_BC,N,S,S,S,S,S,S,S,S,N,S,S,S,S,S,S,S,N,S,S,S,S,S
2023/06/05,2023,VF-CQ-5842,1 ,66,1,1,4,1,3,45,1390000 ,2NRTIs+NNRTIs,82,CRF08_BC,N,S,S,S,S,S,S,S,S,N,S,S,S,S,S,S,S,N,S,S,S,S,S
2023/06/05,2023,VF-CQ-5844,2 ,68,1,4,4,3,5,9,154000 ,2NRTIs+NNRTIs,24,CRF01_AE,N,S,S,S,S,S,S,S,S,Y115F · M184V,H,S,S,P,H,H,P,L100I · K103N,I,H,I,H,H
2023/06/05,2023,VF-CQ-5847,1 ,76,3,4,5,4,5,639,37600 ,2NRTIs+NNRTIs,112,CRF07_BC,N,S,S,S,S,S,S,S,S,N,S,S,S,S,S,S,S,K103N,S,H,S,H,S
2023/06/05,2023,VF-CQ-5849,1 ,57,1,2,4,1,3,263,1110000 ,2NRTIs+PIs,24,CRF07_BC,N,S,S,S,S,S,S,S,S,N,S,S,S,S,S,S,S,N,S,S,S,S,S
2023/06/05,2023,VF-CQ-5850,1 ,49,1,1,3,3,3,22,698000 ,2NRTIs+NNRTIs,80,CRF07_BC,N,S,S,S,S,S,S,S,S,N,S,S,S,S,S,S,S,V179VD,S,P,P,P,P
2023/06/05,2023,VF-CQ-5851,1 ,79,1,4,2,1,5,164,1360 ,不详,96,CRF07_BC,N,S,S,S,S,S,S,S,S,N,S,S,S,S,S,S,S,K103N · P225H,I,H,S,H,S
2023/06/05,2023,VF-CQ-5852,2 ,51,1,4,2,4,5,241,12800 ,NRTIs+INSTIs,9,CRF08_BC,N,S,S,S,S,S,S,S,S,N,S,S,S,S,S,S,S,N,S,S,S,S,S
2023/06/05,2023,VF-CQ-5853,1 ,55,3,4,5,4,5,,,不详,84,CRF07_BC,K43T,S,S,S,S,S,P,S,P,N,S,S,S,S,S,S,S,K103N,S,H,S,H,S
2023/06/05,2023,VF-CQ-5865,1 ,66,1,2,2,1,3,191,580000 ,2NRTIs+NNRTIs,120,CRF07_BC,N,S,S,S,S,S,S,S,S,N,S,S,S,S,S,S,S,V179D,S,P,P,P,P
2023/06/12,2023,VF-CQ-5869,1 ,60,3,4,5,4,5,,,2NRTIs+NNRTIs,12,低于检出限,低于检出限,低于检出限,低于检出限,低于检出限,低于检出限,低于检出限,低于检出限,低于检出限,低于检出限,低于检出限,低于检出限,低于检出限,低于检出限,低于检出限,低于检出限,低于检出限,低于检出限,低于检出限,低于检出限,低于检出限,低于检出限,低于检出限,低于检出限
2023/06/12,2023,VF-CQ-5870,1 ,32,1,2,4,2,3,95,53300 ,2NRTIs+NNRTIs,47,CRF07_BC,N,S,S,S,S,S,S,S,S,N,S,S,S,S,S,S,S,V179VD,S,P,P,P,P
2023/06/12,2023,VF-CQ-5871,1 ,50,1,1,3,3,2,114,5450 ,2NRTIs+NNRTIs,48,CRF07_BC,N,S,S,S,S,S,S,S,S,N,S,S,S,S,S,S,S,N,S,S,S,S,S
2023/06/12,2023,VF-CQ-5878,1 ,67,3,4,5,4,5,707,488 ,2NRTIs+NNRTIs,18,低于检出限,低于检出限,低于检出限,低于检出限,低于检出限,低于检出限,低于检出限,低于检出限,低于检出限,低于检出限,低于检出限,低于检出限,低于检出限,低于检出限,低于检出限,低于检出限,低于检出限,低于检出限,低于检出限,低于检出限,低于检出限,低于检出限,低于检出限,低于检出限
2023/06/12,2023,VF-CQ-5882,1 ,46,1,1,4,3,3,19,3180000 ,2NRTIs+NNRTIs,36,B,N,S,S,S,S,S,S,S,S,"A62AV,K65R",I,S,H,H,I,I,H,"K103N,V106M",I,H,S,H,S
2023/06/12,2023,VF-CQ-5889,1 ,41,1,4,2,4,5,118,5270000 ,2NRTIs+NNRTIs,7,CRF07_BC,N,S,S,S,S,S,S,S,S,N,S,S,S,S,S,S,S,N,S,S,S,S,S
2023/06/12,2023,VF-CQ-5893,1 ,56,1,4,4,1,2,18,466095 ,2NRTIs+NNRTIs,36,CRF08_BC,N,S,S,S,S,S,S,S,S,N,S,S,S,S,S,S,S,N,S,S,S,S,S
2023/06/19,2023,VF-CQ-5902,1 ,32,3,4,5,4,5,16,3177 ,2NRTIs+NNRTIs,100,CRF01_AE,N,S,S,S,S,S,S,S,S,K65KR · D67DN · S68G · K70KE · M184I,H,S,H,H,H,H,H,V179D · Y181C,P,H,I,H,H
2023/06/19,2023,VF-CQ-5913,1 ,49,1,4,3,1,3,16,169000 ,2NRTIs+NNRTIs,36,CRF07_BC,N,S,S,S,S,S,S,S,S,N,S,S,S,S,S,S,S,N,S,S,S,S,S
2023/06/19,2023,VF-CQ-5922,2 ,20,1,4,4,2,5,13,3690 ,2NRTIs+NNRTIs,7,CRF07_BC,N,S,S,S,S,S,S,S,S,K70KE · M184V,I,S,L,L,H,H,L,K103N · P225H,I,H,S,H,S
2023/06/19,2023,VF-CQ-5924,1 ,41,1,4,5,4,5,,5000 ,2NRTIs+NNRTIs,19,CRF01_AE,N,S,S,S,S,S,S,S,S,N,S,S,S,S,S,S,S,K103N,S,H,S,H,S
2023/06/19,2023,VF-CQ-5925,2 ,27,3,4,5,4,5,,110000 ,不详,66,CRF07_BC,N,S,S,S,S,S,S,S,S,N,S,S,S,S,S,S,S,K103N · P225H,I,H,S,H,S
2023/06/26,2023,VF-CQ-5931,2 ,32,1,4,4,1,3,8,26000 ,2NRTIs+NNRTIs,54,CRF01_AE,N,S,S,S,S,S,S,S,S,A62AV · K65R · S68N · M184V · K219KE,H,S,H,H,H,H,H,K101H · K103N · Y181YC · G190A,L,H,H,H,H
2023/06/26,2023,VF-CQ-5935,1 ,63,1,4,4,4,5,19,1060000 ,2NRTIs+NNRTIs,14,CRF01_AE,N,S,S,S,S,S,S,S,S,N,S,S,S,S,S,S,S,K103N,S,H,S,H,S
2023/06/26,2023,VF-CQ-5936,1 ,60,1,2,4,1,3,290,489000 ,2NRTIs+NNRTIs,36,CRF08_BC,N,S,S,S,S,S,S,S,S,N,S,S,S,S,S,S,S,N,S,S,S,S,S
2023/06/26,2023,VF-CQ-5937,1 ,34,1,4,4,2,3,110,30500 ,不详,60,CRF01_AE,N,S,S,S,S,S,S,S,S,N,S,S,S,S,S,S,S,N,S,S,S,S,S
2023/06/26,2023,VF-CQ-5940,2 ,43,1,2,4,1,3,44,9740000 ,2NRTIs+NNRTIs,42,CRF07_BC,N,S,S,S,S,S,S,S,S,K65R · D67G · Y115F,H,S,H,H,I,I,H,V106M · Y188C · G190GA,I,H,P,H,L
2023/06/26,2023,VF-CQ-5948,2 ,13,1,2,1,2,5,386,69200 ,2NRTIs+NNRTIs,14,CRF07_BC,N,S,S,S,S,S,S,S,S,M41L,S,L,L,P,S,S,S,K103N,S,H,S,H,S
2023/07/03,2023,VF-CQ-5961,2 ,34,1,4,4,2,3,349,3320 ,2NRTIs+PIs,174,CRF08_BC,M46I · V82A，L10F,I,S,I,H,I,H,I,S,M184V · T215F,L,S,S,L,H,H,S,A98G · K101E · G190A,I,H,I,H,H
2023/07/03,2023,VF-CQ-5963,2 ,59,1,4,4,1,3,100,131000 ,2NRTIs+NNRTIs,26,CRF07_BC,N,S,S,S,S,S,S,S,S,N,S,S,S,S,S,S,S,N,S,S,S,S,S
2023/07/03,2023,VF-CQ-5966,1 ,58,1,4,4,4,5,,43100 ,2NRTIs+NNRTIs,73,CRF07_BC,N,S,S,S,S,S,S,S,S,M184V,L,S,S,P,H,H,S,V106M · V179D,I,H,P,H,P
2023/07/03,2023,VF-CQ-5973,1 ,30,1,4,2,4,5,67,143000 ,2NRTIs+NNRTIs,21,A,N,S,S,S,S,S,S,S,S,A62V · K65R · S68N · M184I,H,S,I,H,H,H,I,Y181C · G190S,I,H,I,H,H
2023/07/03,2023,VF-CQ-5974,1 ,53,3,4,5,4,5,325,,2NRTIs+NNRTIs,120,CRF01_AE,N,S,S,S,S,S,S,S,S,N,S,S,S,S,S,S,S,K103N,S,H,S,H,S
2023/07/03,2023,VF-CQ-5978,1 ,58,1,4,4,1,3,78,95400 ,不详,120,CRF08_BC,N,S,S,S,S,S,S,S,S,N,S,S,S,S,S,S,S,N,S,S,S,S,S
2023/07/03,2023,VF-CQ-5980,2 ,41,2,4,2,1,3,105,291000 ,2NRTIs+NNRTIs,96,CRF01_AE,N,S,S,S,S,S,S,S,S,N,S,S,S,S,S,S,S,N,S,S,S,S,S
2023/07/03,2023,VF-CQ-5981,1 ,32,1,4,4,2,4,93,379000 ,2NRTIs+NNRTIs,22,CRF07_BC,N,S,S,S,S,S,S,S,S,D67G · K70E · M184V,I,S,L,I,H,H,L,K101PT · K103S · V106M · F227L,H,H,H,H,H
2023/07/03,2023,VF-CQ-5982,1 ,30,1,4,4,1,3,8,730 ,2NRTIs+NNRTIs,31,CRF01_AE,N,S,S,S,S,S,S,S,S,N,S,S,S,S,S,S,S,N,S,S,S,S,S
2023/07/03,2023,VF-CQ-5983,2 ,65,1,4,2,4,5,205,88000 ,不详,110,CRF07_BC,N,S,S,S,S,S,S,S,S,K65R · S68G · Y115F · M184V · K219E,H,S,H,H,H,H,H,L100I · K103N,I,H,I,H,H
2023/07/03,2023,VF-CQ-5984,2 ,68,1,4,2,4,5,,16100 ,2NRTIs+NNRTIs,15,CRF01_AE,N,S,S,S,S,S,S,S,S,N,S,S,S,S,S,S,S,N,S,S,S,S,S
2023/07/03,2023,VF-CQ-5988,1 ,53,1,4,2,1,5,78,9750 ,2NRTIs+NNRTIs,36,CRF01_AE,N,S,S,S,S,S,S,S,S,M184MIV,L,S,S,P,H,H,S,K103N · V106M,I,H,S,H,S
2023/07/03,2023,VF-CQ-5995,1 ,48,1,4,2,2,3,108,11800 ,2NRTIs+NNRTIs,13,CRF07_BC,N,S,S,S,S,S,S,S,S,K65R,I,S,H,H,I,I,I,V106M · V179VD · Y181YC · Y188YC · G190GA,I,H,H,H,H
2023/07/10,2023,VF-CQ-5998,2 ,35,1,4,4,2,3,26,56400 ,2NRTIs+NNRTIs,43,CRF01_AE,N,S,S,S,S,S,S,S,S,S68G,S,S,S,S,S,S,S,V179D,S,P,P,P,P
2023/07/10,2023,VF-CQ-6000,1 ,17,1,2,1,2,1,23,235205 ,2NRTIs+PIs,36,低于检出限,低于检出限,低于检出限,低于检出限,低于检出限,低于检出限,低于检出限,低于检出限,低于检出限,低于检出限,低于检出限,低于检出限,低于检出限,低于检出限,低于检出限,低于检出限,低于检出限,低于检出限,低于检出限,低于检出限,低于检出限,低于检出限,低于检出限,低于检出限
2023/07/10,2023,VF-CQ-6005,1 ,71,1,4,2,4,5,,659000 ,2NRTIs+NNRTIs,33,CRF01_AE,N,S,S,S,S,S,S,S,S,D67N · K70E · M184V · T215F,I,H,H,I,H,H,I,K101E · V106I · Y188L,H,H,I,H,H
2023/07/10,2023,VF-CQ-6006,2 ,66,1,4,2,4,5,,13400 ,2NRTIs+NNRTIs,35,低于检出限,低于检出限,低于检出限,低于检出限,低于检出限,低于检出限,低于检出限,低于检出限,低于检出限,低于检出限,低于检出限,低于检出限,低于检出限,低于检出限,低于检出限,低于检出限,低于检出限,低于检出限,低于检出限,低于检出限,低于检出限,低于检出限,低于检出限,低于检出限
2023/07/10,2023,VF-CQ-6008,1 ,58,3,4,5,4,5,,951 ,2NRTIs+NNRTIs,8,低于检出限,低于检出限,低于检出限,低于检出限,低于检出限,低于检出限,低于检出限,低于检出限,低于检出限,低于检出限,低于检出限,低于检出限,低于检出限,低于检出限,低于检出限,低于检出限,低于检出限,低于检出限,低于检出限,低于检出限,低于检出限,低于检出限,低于检出限,低于检出限
2023/07/10,2023,VF-CQ-6009,1 ,29,1,4,4,4,5,,432 ,2NRTIs+PIs,8,低于检出限,低于检出限,低于检出限,低于检出限,低于检出限,低于检出限,低于检出限,低于检出限,低于检出限,低于检出限,低于检出限,低于检出限,低于检出限,低于检出限,低于检出限,低于检出限,低于检出限,低于检出限,低于检出限,低于检出限,低于检出限,低于检出限,低于检出限,低于检出限
2023/07/10,2023,VF-CQ-6020,1 ,39,1,4,5,4,5,,35500 ,2NRTIs+NNRTIs,21,CRF07_BC,N,S,S,S,S,S,S,S,S,D67N · K70E · Y115F · M184V,H,S,I,I,H,H,I,V106M · V179D,I,H,P,H,L
2023/07/10,2023,VF-CQ-6026,2 ,42,1,4,4,3,5,50,303000 ,不详,31,CRF08_BC,N,S,S,S,S,S,S,S,S,N,S,S,S,S,S,S,S,N,S,S,S,S,S
2023/07/17,2023,VF-CQ-6037,1 ,,3,4,5,4,4,,,2NRTIs+NNRTIs,48,低于检出限,低于检出限,低于检出限,低于检出限,低于检出限,低于检出限,低于检出限,低于检出限,低于检出限,低于检出限,低于检出限,低于检出限,低于检出限,低于检出限,低于检出限,低于检出限,低于检出限,低于检出限,低于检出限,低于检出限,低于检出限,低于检出限,低于检出限,低于检出限
2023/07/17,2023,VF-CQ-6038,1 ,33,1,4,2,4,5,493,6830 ,2NRTIs+NNRTIs,37,CRF07_BC,N,S,S,S,S,S,S,S,S,N,S,S,S,S,S,S,S,K103N,S,H,S,H,S
2023/07/17,2023,VF-CQ-6051,1 ,30,1,4,4,2,4,39,914000 ,2NRTIs+NNRTIs,72,CRF01_AE,N,S,S,S,S,S,S,S,S,N,S,S,S,S,S,S,S,V179D · Y188YD,S,P,P,P,P
2023/07/17,2023,VF-CQ-6054,1 ,71,1,4,4,1,3,27,50100 ,2NRTIs+NNRTIs,138,CRF07_BC,N,S,S,S,S,S,S,S,S,N,S,S,S,S,S,S,S,V179D,S,P,P,P,P
2023/07/17,2023,VF-CQ-6057,1 ,82,1,4,4,4,5,301,307000 ,2NRTIs+NNRTIs,,CRF07_BC,N,S,S,S,S,S,S,S,S,N,S,S,S,S,S,S,S,N,S,S,S,S,S
2023/07/24,2023,VF-CQ-6066,1 ,76,1,4,4,1,5,238,17800 ,2NRTIs+NNRTIs,36,CRF07_BC,N,S,S,S,S,S,S,S,S,N,S,S,S,S,S,S,S,K103N,S,H,S,H,S
2023/07/24,2023,VF-CQ-6067,1 ,82,1,4,4,3,3,144,373000 ,2NRTIs+NNRTIs,12,CRF01_AE,N,S,S,S,S,S,S,S,S,N,S,S,S,S,S,S,S,N,S,S,S,S,S
2023/07/24,2023,VF-CQ-6075,1 ,,1,4,4,2,3,33,313000 ,2NRTIs+NNRTIs,49,CRF55_01B,N,S,S,S,S,S,S,S,S,K70Q · L74I · Y115F · M184G,H,S,L,H,P,P,I,K103N · V179E · Y188D,S,H,P,H,P
2023/07/24,2023,VF-CQ-6078,1 ,69,1,1,4,1,3,153,113000 ,不详,12,CRF59_01B,N,S,S,S,S,S,S,S,S,N,S,S,S,S,S,S,S,N,S,S,S,S,S
2023/07/24,2023,VF-CQ-6083,1 ,29,1,4,2,4,5,258,2280 ,2NRTIs+NNRTIs,54,CRF07_BC,N,S,S,S,S,S,S,S,S,D67G · K70E · Y115F · M184V · K219KR,H,L,I,I,H,H,I,A98G · V106M · V179D · F227L,H,H,I,H,I
2023/07/24,2023,VF-CQ-6092,1 ,47,1,4,4,4,5,66,88100 ,不详,6,CRF01_AE,N,S,S,S,S,S,S,S,S,K65R · S68G · M184I,H,S,I,H,H,H,I,V106M · V179D · Y188YD · M230L,H,H,I,H,H
2023/07/31,2023,VF-CQ-6100,1 ,48,1,4,4,4,5,303,2147 ,2NRTIs+NNRTIs,13,CRF07_BC,N,S,S,S,S,S,S,S,S,L74I · M184V,I,S,S,H,H,H,S,V106M · V179D · F227L · N348I,H,H,P,H,P
2023/07/31,2023,VF-CQ-6102,1 ,70,1,1,4,1,3,153,113000 ,不详,12,CRF59_01B,N,S,S,S,S,S,S,S,S,N,S,S,S,S,S,S,S,N,S,S,S,S,S
2023/08/07,2023,VF-CQ-6118,1 ,42,1,2,3,3,5,56,246000 ,2NRTIs+NNRTIs,72,CRF07_BC,N,S,S,S,S,S,S,S,S,N,S,S,S,S,S,S,S,N,S,S,S,S,S
2023/08/07,2023,VF-CQ-6132,1 ,59,1,4,4,3,3,,129000 ,不详,31,CRF07_BC,N,S,S,S,S,S,S,S,S,N,S,S,S,S,S,S,S,N,S,S,S,S,S
2023/08/07,2023,VF-CQ-6136,1 ,51,1,2,4,3,3,9,831782 ,2NRTIs+NNRTIs,6,低于检出限,低于检出限,低于检出限,低于检出限,低于检出限,低于检出限,低于检出限,低于检出限,低于检出限,低于检出限,低于检出限,低于检出限,低于检出限,低于检出限,低于检出限,低于检出限,低于检出限,低于检出限,低于检出限,低于检出限,低于检出限,低于检出限,低于检出限,低于检出限
2023/08/07,2023,VF-CQ-6138,2 ,33,1,4,5,1,5,6,2620 ,2NRTIs+PIs,116,CRF01_AE,N,S,S,S,S,S,S,S,S,K219E,S,P,P,S,S,S,S,K103KN · L234I · Y318F,H,H,S,H,S
2023/08/07,2023,VF-CQ-6143,1 ,35,3,4,5,4,5,,1280 ,2NRTIs+NNRTIs,31,CRF01_AE,N,S,S,S,S,S,S,S,S,N,S,S,S,S,S,S,S,N,S,S,S,S,S
2023/08/14,2023,VF-CQ-6149,2 ,38,1,4,4,4,5,413,19500 ,2NRTIs+NNRTIs,84,CRF07_BC,N,S,S,S,S,S,S,S,S,K70E · M184V · K219KR,I,S,L,I,H,H,L,K103N · P225H,I,H,S,H,S
2023/08/14,2023,VF-CQ-6150,1 ,58,1,4,2,4,5,34,673000 ,不详,11,CRF07_BC,N,S,S,S,S,S,S,S,S,K65R · S68N · V75M · M184V,H,S,H,H,H,H,I,V106M · V179D · F227L,H,H,P,H,P
2023/08/14,2023,VF-CQ-6161,1 ,52,1,1,4,3,3,37,3700000 ,2NRTIs+NNRTIs,22,CRF07_BC,N,S,S,S,S,S,S,S,S,D67N · K70E · M184V,I,S,I,I,H,H,L,V106M · V179D · F227L,H,H,P,H,L
2023/08/14,2023,VF-CQ-6166,1 ,71,1,4,4,2,5,43,144000 ,2NRTIs+NNRTIs,84,CRF07_BC,N,S,S,S,S,S,S,S,S,N,S,S,S,S,S,S,S,N,S,S,S,S,S
2023/08/14,2023,VF-CQ-6168,1 ,77,1,4,4,4,5,64,146000 ,2NRTIs+NNRTIs,36,CRF01_AE,N,S,S,S,S,S,S,S,S,A62V · K65R · S68SDGN · M184I,H,S,I,H,H,H,I,K103N · Y181C,L,H,I,H,I
2023/08/14,2023,VF-CQ-6169,1 ,50,1,2,4,3,3,81,8510 ,2NRTIs+NNRTIs,16,CRF07_BC,N,S,S,S,S,S,S,S,S,K65R · Y115F,H,S,H,H,I,I,H,K103S · V106M · Y181C,I,H,I,H,I
2023/08/14,2023,VF-CQ-6172,2 ,76,3,4,5,4,5,,,2NRTIs+NNRTIs,19,低于检出限,低于检出限,低于检出限,低于检出限,低于检出限,低于检出限,低于检出限,低于检出限,低于检出限,低于检出限,低于检出限,低于检出限,低于检出限,低于检出限,低于检出限,低于检出限,低于检出限,低于检出限,低于检出限,低于检出限,低于检出限,低于检出限,低于检出限,低于检出限
2023/08/14,2023,VF-CQ-6173,1 ,36,1,4,3,2,5,7,138000 ,2NRTIs+NNRTIs,64,CRF07_BC,N,S,S,S,S,S,S,S,S,M184V,L,S,S,P,H,H,S,Y188L,H,H,P,H,H
2023/08/14,2023,VF-CQ-6179,1 ,34,3,4,5,4,5,11,16000 ,2NRTIs+NNRTIs,22,低于检出限,低于检出限,低于检出限,低于检出限,低于检出限,低于检出限,低于检出限,低于检出限,低于检出限,低于检出限,低于检出限,低于检出限,低于检出限,低于检出限,低于检出限,低于检出限,低于检出限,低于检出限,低于检出限,低于检出限,低于检出限,低于检出限,低于检出限,低于检出限
2023/08/21,2023,VF-CQ-6180,1 ,59,1,1,2,1,3,378,528000 ,2NRTIs+NNRTIs,11,低于检出限,低于检出限,低于检出限,低于检出限,低于检出限,低于检出限,低于检出限,低于检出限,低于检出限,低于检出限,低于检出限,低于检出限,低于检出限,低于检出限,低于检出限,低于检出限,低于检出限,低于检出限,低于检出限,低于检出限,低于检出限,低于检出限,低于检出限,低于检出限
2023/08/21,2023,VF-CQ-6181,1 ,36,1,4,4,2,5,39,1150000 ,2NRTIs+NNRTIs,156,CRF07_BC,N,S,S,S,S,S,S,S,S,N,S,S,S,S,S,S,S,V179D,S,P,P,P,P
2023/08/21,2023,VF-CQ-6182,1 ,35,1,2,3,2,4,1,1800000 ,2NRTIs+NNRTIs,11,CRF07_BC,N,S,S,S,S,S,S,S,S,N,S,S,S,S,S,S,S,V106M · V179D,I,H,P,H,P
2023/08/21,2023,VF-CQ-6188,1 ,51,1,4,4,4,5,228,1230 ,不详,74,CRF07_BC,N,S,S,S,S,S,S,S,S,"M41ML,K65KR,S68SR",I,S,H,H,I,I,H,"A98AG,V106M",I,H,P,H,L
2023/08/21,2023,VF-CQ-6189,2 ,72,1,4,2,1,3,,335534 ,不详,79,低于检出限,低于检出限,低于检出限,低于检出限,低于检出限,低于检出限,低于检出限,低于检出限,低于检出限,低于检出限,低于检出限,低于检出限,低于检出限,低于检出限,低于检出限,低于检出限,低于检出限,低于检出限,低于检出限,低于检出限,低于检出限,低于检出限,低于检出限,低于检出限
2023/08/21,2023,VF-CQ-6190,1 ,69,1,4,4,1,3,149,680000 ,2NRTIs+NNRTIs,12,CRF08_BC,N,S,S,S,S,S,S,S,S,M184V,L,S,S,P,H,H,S,K103N · E138A · Y188L,H,H,L,H,H
2023/08/21,2023,VF-CQ-6191,1 ,36,1,2,4,2,5,,254000 ,不详,120,CRF01_AE,N,S,S,S,S,S,S,S,S,N,S,S,S,S,S,S,S,N,S,S,S,S,S
2023/08/21,2023,VF-CQ-6192,1 ,48,1,4,2,4,5,,1400000 ,2NRTIs+NNRTIs,192,CRF01_AE,N,S,S,S,S,S,S,S,S,D67N · K70Q · M184I,I,S,I,I,H,H,L,K101E · Y181C · Y188L · G190A,H,H,H,H,H
2023/08/21,2023,VF-CQ-6194,1 ,39,1,2,4,3,3,87,166000 ,2NRTIs+NNRTIs,9,CRF07_BC,N,S,S,S,S,S,S,S,S,"D67DN , K70KE , L74LI ,M184V",I,S,I,H,H,H,L,V106M · G190A,I,H,P,H,L
2023/08/21,2023,VF-CQ-6198,1 ,65,1,1,4,3,3,68,2670000 ,2NRTIs+NNRTIs,24,CRF01_AE,N,S,S,S,S,S,S,S,S,N,S,S,S,S,S,S,S,N,S,S,S,S,S
2023/08/21,2023,VF-CQ-6204,1 ,49,2,4,2,1,3,281,1500 ,2NRTIs+NNRTIs,105,低于检出限,低于检出限,低于检出限,低于检出限,低于检出限,低于检出限,低于检出限,低于检出限,低于检出限,低于检出限,低于检出限,低于检出限,低于检出限,低于检出限,低于检出限,低于检出限,低于检出限,低于检出限,低于检出限,低于检出限,低于检出限,低于检出限,低于检出限,低于检出限
2023/08/21,2023,VF-CQ-6205,1 ,37,1,4,2,4,5,,1360000 ,2NRTIs+NNRTIs,10,C,N,S,S,S,S,S,S,S,S,K65R · M184V,H,S,I,H,H,H,I,V106M · V179D,I,H,P,H,L
2023/08/21,2023,VF-CQ-6206,1 ,79,1,4,4,4,5,425,1080000 ,2NRTIs+NNRTIs,22,CRF01_AE,N,S,S,S,S,S,S,S,S,N,S,S,S,S,S,S,S,N,S,S,S,S,S
2023/08/28,2023,VF-CQ-6211,1 ,67,1,4,2,4,5,,2687 ,2NRTIs+NNRTIs,23,CRF07_BC,N,S,S,S,S,S,S,S,S,M184V,L,S,S,P,H,H,S,N,S,S,S,S,S
2023/08/28,2023,VF-CQ-6213,1 ,26,1,4,4,4,5,711,4110 ,2NRTIs+NNRTIs,74,CRF01_AE,N,S,S,S,S,S,S,S,S,N,S,S,S,S,S,S,S,N,S,S,S,S,S
2023/08/28,2023,VF-CQ-6217,1 ,39,3,4,5,4,5,,2640 ,2NRTIs+NNRTIs,90,CRF07_BC,N,S,S,S,S,S,S,S,S,N,S,S,S,S,S,S,S,N,S,S,S,S,S
2023/08/28,2023,VF-CQ-6218,2 ,77,1,4,2,4,5,,16300 ,2NRTIs+NNRTIs,53,CRF07_BC,K43T,S,S,S,S,S,P,S,P,"M41ML,K65R,S68G,K70T,Y115F,M184V",H,S,H,H,H,H,H,"V106M,E138A,G190A,F227L",H,H,L,H,I
2023/08/28,2023,VF-CQ-6220,1 ,67,1,4,4,4,5,,1680 ,2NRTIs+NNRTIs,60,低于检出限,低于检出限,低于检出限,低于检出限,低于检出限,低于检出限,低于检出限,低于检出限,低于检出限,低于检出限,低于检出限,低于检出限,低于检出限,低于检出限,低于检出限,低于检出限,低于检出限,低于检出限,低于检出限,低于检出限,低于检出限,低于检出限,低于检出限,低于检出限
2023/08/28,2023,VF-CQ-6222,2 ,42,1,4,4,4,5,41,49400 ,2NRTIs+NNRTIs,92,B,N,S,S,S,S,S,S,S,S,N,S,S,S,S,S,S,S,K103N,S,H,S,H,S
2023/08/28,2023,VF-CQ-6226,1 ,62,1,4,4,4,5,,68600 ,2NRTIs+NNRTIs,13,低于检出限,低于检出限,低于检出限,低于检出限,低于检出限,低于检出限,低于检出限,低于检出限,低于检出限,低于检出限,低于检出限,低于检出限,低于检出限,低于检出限,低于检出限,低于检出限,低于检出限,低于检出限,低于检出限,低于检出限,低于检出限,低于检出限,低于检出限,低于检出限
2023/08/28,2023,VF-CQ-6228,2 ,49,1,4,5,4,5,337,50 ,2NRTIs+PIs,94,CRF08_BC,N,S,S,S,S,S,S,S,S,N,S,S,S,S,S,S,S,N,S,S,S,S,S
2023/08/28,2023,VF-CQ-6234,1 ,51,1,4,2,4,5,,,2NRTIs+NNRTIs,21年开始治疗，23.7失败,低于检出限,低于检出限,低于检出限,低于检出限,低于检出限,低于检出限,低于检出限,低于检出限,低于检出限,低于检出限,低于检出限,低于检出限,低于检出限,低于检出限,低于检出限,低于检出限,低于检出限,低于检出限,低于检出限,低于检出限,低于检出限,低于检出限,低于检出限,低于检出限
2023/08/28,2023,VF-CQ-6235,1 ,59,1,4,2,4,5,56,61800000 ,2NRTIs+NNRTIs,36,CRF08_BC,N,S,S,S,S,S,S,S,S,N,S,S,S,S,S,S,S,K103N,S,H,S,H,S
2023/08/28,2023,VF-CQ-6237,1 ,60,1,4,3,1,5,42,370000 ,2NRTIs+NNRTIs,7,CRF08_BC,N,S,S,S,S,S,S,S,S,N,S,S,S,S,S,S,S,N,S,S,S,S,S
2023/08/28,2023,VF-CQ-6241,2 ,83,1,4,2,1,3,,,,,CRF85_BC,N,S,S,S,S,S,S,S,S,N,S,S,S,S,S,S,S,N,S,S,S,S,S
2023/09/04,2023,VF-CQ-6248,2 ,67,1,1,4,3,5,17,82500000 ,2NRTIs+PIs,61,CRF07_BC,M46I,P,S,P,P,P,I,P,S,M184V,L,S,S,P,H,H,S,N,S,S,S,S,S
2023/09/04,2023,VF-CQ-6253,1 ,55,1,4,4,3,3,295,69800 ,2NRTIs+INSTIs,24,CRF01_AE,N,S,S,S,S,S,S,S,S,N,S,S,S,S,S,S,S,V179D,S,P,P,P,P
2023/09/04,2023,VF-CQ-6259,1 ,32,1,4,3,4,5,,3030 ,2NRTIs+NNRTIs,60,CRF07_BC,N,S,S,S,S,S,S,S,S,N,S,S,S,S,S,S,S,V179D,S,P,P,P,P
2023/09/04,2023,VF-CQ-6261,1 ,38,1,4,4,1,5,7,116000 ,2NRTIs+NNRTIs,66,CRF08_BC,N,S,S,S,S,S,S,S,S,N,S,S,S,S,S,S,S,E138A,S,S,P,S,L
2023/09/04,2023,VF-CQ-6262,1 ,37,2,4,4,1,4,17,255000 ,2NRTIs+NNRTIs,109,CRF01_AE,N,S,S,S,S,S,S,S,S,N,S,S,S,S,S,S,S,"V106M,V179D,F227L",H,H,P,H,P
2023/09/04,2023,VF-CQ-6264,1 ,62,1,4,4,3,3,17,182000 ,2NRTIs+NNRTIs,85,CRF07_BC,N,S,S,S,S,S,S,S,S,N,S,S,S,S,S,S,S,K103N,S,H,S,H,S
2023/09/04,2023,VF-CQ-6265,1 ,48,1,4,2,4,5,210,3430 ,2NRTIs+NNRTIs,168,CRF07_BC,N,S,S,S,S,S,S,S,S,"D67DN,K70KN,M184V,K219R",I,L,I,I,H,H,L,"K103N ,P225H",I,H,S,H,S
2023/09/04,2023,VF-CQ-6266,1 ,70,1,4,5,4,5,83,116000 ,2NRTIs+NNRTIs,59,CRF07_BC,"M46I,I54V,V82VA",H,S,I,H,H,H,H,L,"M41L,M184V,L210W,T215Y",H,H,H,H,H,H,I,"Y188L ,N348I",H,H,P,H,H
2023/09/04,2023,VF-CQ-6267,2 ,48,1,4,2,4,5,462,8900 ,2NRTIs+NNRTIs,169,CRF07_BC,N,S,S,S,S,S,S,S,S,M184V,L,S,S,P,H,H,S,K103N · P225H,I,H,S,H,S
2023/09/04,2023,VF-CQ-6272,1 ,60,1,4,4,4,5,,49600 ,2NRTIs+NNRTIs,95,CRF07_BC,"M46I,I54IV,L76V,V82A,I84V,L10F",H,I,H,H,H,H,H,I,M184V,L,S,S,P,H,H,S,N,S,S,S,S,S
2023/09/04,2023,VF-CQ-6273,1 ,38,1,4,4,1,4,8,94900 ,2NRTIs+NNRTIs,24,CRF55_01B,N,S,S,S,S,S,S,S,S,N,S,S,S,S,S,S,S,V179E,S,P,P,P,P
2023/09/11,2023,VF-CQ-6281,2 ,36,1,4,3,1,3,52,415000 ,2NRTIs+NNRTIs,117,CRF07_BC,N,S,S,S,S,S,S,S,S,N,S,S,S,S,S,S,S,N,S,S,S,S,S
2023/09/11,2023,VF-CQ-6285,1 ,37,1,2,5,2,4,264,20500 ,2NRTIs+NNRTIs,32,CRF07_BC,N,S,S,S,S,S,S,S,S,N,S,S,S,S,S,S,S,N,S,S,S,S,S
2023/09/11,2023,VF-CQ-6293,2 ,28,1,4,4,4,5,221,5870 ,2NRTIs+NNRTIs,9,CRF07_BC,N,S,S,S,S,S,S,S,S,N,S,S,S,S,S,S,S,K101KE,L,L,L,I,I
2023/09/11,2023,VF-CQ-6300,1 ,56,1,1,3,1,3,65,81 ,2NRTIs+INSTIs,17,CRF01_AE,N,S,S,S,S,S,S,S,S,N,S,S,S,S,S,S,S,V106VI,P,S,P,P,P
2023/09/11,2023,VF-CQ-6302,1 ,56,1,4,4,1,5,65,945000 ,2NRTIs+NNRTIs,12,CRF01_AE,N,S,S,S,S,S,S,S,S,"K65R,S68G,Y115F",H,S,H,H,I,I,H,"V106M,V179D,G190A",I,H,L,H,L
2023/09/11,2023,VF-CQ-6306,1 ,73,1,4,4,4,5,252,783 ,2NRTIs+NNRTIs,36,CRF07_BC,N,S,S,S,S,S,S,S,S,N,S,S,S,S,S,S,S,N,S,S,S,S,S
2023/09/11,2023,VF-CQ-6309,1 ,50,1,4,4,4,5,98,571000 ,2NRTIs+NNRTIs,110,CRF01_AE,N,S,S,S,S,S,S,S,S,N,S,S,S,S,S,S,S,N,S,S,S,S,S
2023/09/11,2023,VF-CQ-6311,1 ,81,1,4,4,2,5,19,3910000 ,不详,85,CRF07_BC,N,S,S,S,S,S,S,S,S,N,S,S,S,S,S,S,S,N,S,S,S,S,S
2023/09/18,2023,VF-CQ-6317,1 ,71,1,4,4,4,5,133,49000 ,2NRTIs+NNRTIs,69,C,N,S,S,S,S,S,S,S,S,"A62AV,K65R,S68N,V75VI,M184V",H,S,H,H,H,H,H,L100I · K103N,I,H,I,H,H
2023/09/18,2023,VF-CQ-6319,1 ,33,1,3,3,2,3,5,210000 ,2NRTIs+INSTIs,40,CRF07_BC,N,S,S,S,S,S,S,S,S,N,S,S,S,S,S,S,S,N,S,S,S,S,S
2023/09/18,2023,VF-CQ-6328,2 ,30,1,4,4,4,5,,,2NRTIs+NNRTIs,34,CRF01_AE,N,S,S,S,S,S,S,S,S,"K65R,S68G,M184V",H,S,I,H,H,H,I,"V106M,F227L",H,H,S,H,S
2023/09/18,2023,VF-CQ-6330,2 ,31,1,4,4,4,5,272,20800 ,2NRTIs+NNRTIs,69,B,N,S,S,S,S,S,S,S,S,"K65N,S68G,Y115F",H,S,I,I,L,L,H,"K103N,Y188L",H,H,P,H,H
2023/09/18,2023,VF-CQ-6336,1 ,33,3,4,5,4,5,198,33700 ,2NRTIs+INSTIs,21,CRF07_BC,N,S,S,S,S,S,S,S,S,N,S,S,S,S,S,S,S,N,S,S,S,S,S
2023/09/18,2023,VF-CQ-6339,1 ,54,3,4,5,4,5,,293000 ,不详,64,CRF01_AE,N,S,S,S,S,S,S,S,S,K65R · S68G · M184V,H,S,I,H,H,H,I,V179DE · Y181C · Y188L,H,H,I,H,H
2023/09/18,2023,VF-CQ-6344,2 ,65,1,4,2,4,5,241,36600 ,2NRTIs+NNRTIs,78,C,N,S,S,S,S,S,S,S,S,N,S,S,S,S,S,S,S,V106M · V179VD,I,H,P,H,P
2023/09/25,2023,VF-CQ-6345,1 ,48,3,4,5,4,5,,461 ,2NRTIs+NNRTIs,111,低于检出限,低于检出限,低于检出限,低于检出限,低于检出限,低于检出限,低于检出限,低于检出限,低于检出限,低于检出限,低于检出限,低于检出限,低于检出限,低于检出限,低于检出限,低于检出限,低于检出限,低于检出限,低于检出限,低于检出限,低于检出限,低于检出限,低于检出限,低于检出限
2023/09/25,2023,VF-CQ-6357,1 ,42,1,4,3,1,3,19,1390 ,2NRTIs+NNRTIs,76,CRF07_BC,N,S,S,S,S,S,S,S,S,N,S,S,S,S,S,S,S,N,S,S,S,S,S
2023/09/25,2023,VF-CQ-6362,1 ,44,1,4,2,4,5,,,2NRTIs+NNRTIs,58,CRF07_BC,N,S,S,S,S,S,S,S,S,N,S,S,S,S,S,S,S,N,S,S,S,S,S
2023/09/25,2023,VF-CQ-6363,1 ,52,1,4,2,4,5,,7010 ,2NRTIs+NNRTIs,120,C,"I54V,K20T",L,S,L,L,L,I,L,L,M184V,L,S,S,P,H,H,S,K103N,S,H,S,H,S
2023/09/25,2023,VF-CQ-6364,1 ,29,1,4,4,4,5,174,298000 ,2NRTIs+NNRTIs,50,CRF52_01B,N,S,S,S,S,S,S,S,S,"M41ML,K65R,S68R,M184V",H,S,H,H,H,H,I,"V106M,V179E,F227FL",H,H,P,H,P
2023/09/25,2023,VF-CQ-6384,1 ,30,1,4,5,3,4,182,71400 ,2NRTIs+NNRTIs,129,CRF07_BC,N,S,S,S,S,S,S,S,S,N,S,S,S,S,S,S,S,N,S,S,S,S,S
2023/09/25,2023,VF-CQ-6385,1 ,64,1,4,4,2,4,74,1000000 ,不详,56,CRF07_BC,K43T,S,S,S,S,S,P,S,P,N,S,S,S,S,S,S,S,N,S,S,S,S,S
2023/09/25,2023,VF-CQ-6386,1 ,60,3,4,5,4,5,,,2NRTIs+NNRTIs,11,B,N,S,S,S,S,S,S,S,S,"A62V,K65R,S68N,M184V",H,S,I,H,H,H,I,"V106M,V179D,F227L",H,H,P,H,L
2023/10/02,2023,VF-CQ-6391,1 ,20,1,4,4,2,5,176,1430 ,2NRTIs+PIs,60,CRF07_BC,N,S,S,S,S,S,S,S,S,N,S,S,S,S,S,S,S,N,S,S,S,S,S
2023/10/02,2023,VF-CQ-6397,1 ,35,1,4,4,2,3,152,7480 ,2NRTIs+NNRTIs,120,CRF07_BC,N,S,S,S,S,S,S,S,S,N,S,S,S,S,S,S,S,N,S,S,S,S,S
2023/10/02,2023,VF-CQ-6402,1 ,61,1,4,2,4,5,,60500 ,2NRTIs+NNRTIs,29,低于检出限,低于检出限,低于检出限,低于检出限,低于检出限,低于检出限,低于检出限,低于检出限,低于检出限,低于检出限,低于检出限,低于检出限,低于检出限,低于检出限,低于检出限,低于检出限,低于检出限,低于检出限,低于检出限,低于检出限,低于检出限,低于检出限,低于检出限,低于检出限
2023/10/09,2023,VF-CQ-6404,2 ,57,1,4,4,3,5,18,235000 ,不详,58,CRF07_BC,N,S,S,S,S,S,S,S,S,N,S,S,S,S,S,S,S,N,S,S,S,S,S
2023/10/09,2023,VF-CQ-6410,1 ,56,1,4,2,4,4,,1000 ,2NRTIs+NNRTIs,12,C,Q58E,S,S,S,S,S,P,S,L,"A62V,K65R,M184V",H,S,I,H,H,H,I,"V106M,V179D",I,H,P,H,P
2023/10/09,2023,VF-CQ-6411,1 ,72,1,4,5,4,5,,26200 ,2NRTIs+NNRTIs,24,C,N,S,S,S,S,S,S,S,S,N,S,S,S,S,S,S,S,K103KN,S,H,S,H,S
2023/10/09,2023,VF-CQ-6412,1 ,71,1,4,2,4,5,,,2NRTIs+NNRTIs,46,CRF08_BC,N,S,S,S,S,S,S,S,S,N,S,S,S,S,S,S,S,K103N,S,H,S,H,S
2023/10/09,2023,VF-CQ-6413,1 ,29,1,4,4,4,5,,76800 ,2NRTIs+NNRTIs,96,CRF07_BC,N,S,S,S,S,S,S,S,S,N,S,S,S,S,S,S,S,N,S,S,S,S,S
2023/10/09,2023,VF-CQ-6417,2 ,47,1,4,4,4,5,,10100 ,2NRTIs+NNRTIs,8,C,N,S,S,S,S,S,S,S,S,"K65R,S68G,M184V",H,S,I,H,H,H,I,"V179D,K238N",S,I,P,I,L
2023/10/09,2023,VF-CQ-6420,2 ,49,1,2,4,1,5,86,1510000 ,2NRTIs+NNRTIs,33,CRF01_AE,N,S,S,S,S,S,S,S,S,"S68G,L74I ,M184V",I,S,S,H,H,H,S,"A98G,K103N, P225H",I,H,P,H,L
2023/10/09,2023,VF-CQ-6422,1 ,27,1,4,4,2,5,251,1000000 ,2NRTIs+NNRTIs,52,CRF07_BC,N,S,S,S,S,S,S,S,S,N,S,S,S,S,S,S,S,K103N,S,H,S,H,S
2023/10/16,2023,VF-CQ-6431,1 ,60,1,2,4,3,4,81,215000 ,2NRTIs+INSTIs,25,CRF07_BC,N,S,S,S,S,S,S,S,S,N,S,S,S,S,S,S,S,V179D,S,P,P,P,P
2023/10/16,2023,VF-CQ-6433,1 ,68,1,4,2,1,5,27,1230 ,2NRTIs+INSTIs,36,CRF07_BC,N,S,S,S,S,S,S,S,S,N,S,S,S,S,S,S,S,N,S,S,S,S,S
2023/10/16,2023,VF-CQ-6438,1 ,33,1,4,4,4,5,107,35200 ,不详,72,CRF07_BC,N,S,S,S,S,S,S,S,S,N,S,S,S,S,S,S,S,N,S,S,S,S,S
2023/10/16,2023,VF-CQ-6440,2 ,63,1,4,2,1,5,51,4670000 ,2NRTIs+NNRTIs,51,C,N,S,S,S,S,S,S,S,S,"K65R,L74I,Y115F,M184V",H,S,I,H,H,H,H,"K103N,V106M",I,H,S,H,S
2023/10/16,2023,VF-CQ-6444,1 ,54,1,4,4,4,5,315,97000 ,2NRTIs+NNRTIs,26,CRF07_BC,N,S,S,S,S,S,S,S,S,N,S,S,S,S,S,S,S,N,S,S,S,S,S
2023/10/16,2023,VF-CQ-6445,2 ,79,1,4,4,4,5,,2900000 ,2NRTIs+NNRTIs,105,低于检出限,低于检出限,低于检出限,低于检出限,低于检出限,低于检出限,低于检出限,低于检出限,低于检出限,低于检出限,低于检出限,低于检出限,低于检出限,低于检出限,低于检出限,低于检出限,低于检出限,低于检出限,低于检出限,低于检出限,低于检出限,低于检出限,低于检出限,低于检出限
2023/10/16,2023,VF-CQ-6446,1 ,82,1,4,4,4,5,171,195000 ,2NRTIs+NNRTIs,108,低于检出限,低于检出限,低于检出限,低于检出限,低于检出限,低于检出限,低于检出限,低于检出限,低于检出限,低于检出限,低于检出限,低于检出限,低于检出限,低于检出限,低于检出限,低于检出限,低于检出限,低于检出限,低于检出限,低于检出限,低于检出限,低于检出限,低于检出限,低于检出限
2023/10/16,2023,VF-CQ-6450,2 ,65,1,4,4,4,5,,,2NRTIs+NNRTIs,10,C,N,S,S,S,S,S,S,S,S,N,S,S,S,S,S,S,S,K103N,S,H,S,H,S
2023/10/16,2023,VF-CQ-6451,2 ,77,1,4,4,4,5,129,1230 ,2NRTIs+NNRTIs,"38,5",CRF07_BC,N,S,S,S,S,S,S,S,S,N,S,S,S,S,S,S,S,N,S,S,S,S,S
2023/10/23,2023,VF-CQ-6467,1 ,78,1,1,3,1,4,239,169781 ,2NRTIs+PIs,76,CRF07_BC,N,S,S,S,S,S,S,S,S,N,S,S,S,S,S,S,S,V179E,S,P,P,P,P
2023/10/23,2023,VF-CQ-6472,1 ,56,1,4,4,3,5,231,41700 ,2NRTIs+NNRTIs,36,CRF08_BC,N,S,S,S,S,S,S,S,S,N,S,S,S,S,S,S,S,N,S,S,S,S,S
2023/10/23,2023,VF-CQ-6474,1 ,23,1,4,4,4,5,69,55600 ,2NRTIs+NNRTIs,35,CRF01_AE,N,S,S,S,S,S,S,S,S,"K65R,S68N,K70T,Y115F",H,S,H,H,I,I,H,"V106M,V179D",I,H,P,H,L
2023/10/23,2023,VF-CQ-6484,1 ,90,1,4,4,4,5,135,10100 ,2NRTIs+NNRTIs,48,CRF07_BC,N,S,S,S,S,S,S,S,S,K65R · M184V · K219E,H,S,H,H,H,H,I,Y181C · G190A,L,H,I,H,H
2023/10/23,2023,VF-CQ-6485,1 ,34,1,4,4,2,5,17,121000 ,不详,60,CRF07_BC,N,S,S,S,S,S,S,S,S,N,S,S,S,S,S,S,S,N,S,S,S,S,S
2023/10/23,2023,VF-CQ-6486,2 ,58,1,4,4,1,5,5,245000 ,2NRTIs+NNRTIs,120,CRF01_AE,N,S,S,S,S,S,S,S,S,N,S,S,S,S,S,S,S,Y181C,P,I,I,H,I
2023/10/30,2023,VF-CQ-6491,1 ,52,1,2,2,1,3,38,491000 ,2NRTIs+NNRTIs,55,CRF07_BC,N,S,S,S,S,S,S,S,S,N,S,S,S,S,S,S,S,N,S,S,S,S,S
2023/10/30,2023,VF-CQ-6499,2 ,44,1,4,2,4,5,,10000 ,2NRTIs+NNRTIs,37,低于检出限,低于检出限,低于检出限,低于检出限,低于检出限,低于检出限,低于检出限,低于检出限,低于检出限,低于检出限,低于检出限,低于检出限,低于检出限,低于检出限,低于检出限,低于检出限,低于检出限,低于检出限,低于检出限,低于检出限,低于检出限,低于检出限,低于检出限,低于检出限
2023/10/30,2023,VF-CQ-6500,1 ,77,1,4,4,4,5,,9510 ,2NRTIs+INSTIs,7,低于检出限,低于检出限,低于检出限,低于检出限,低于检出限,低于检出限,低于检出限,低于检出限,低于检出限,低于检出限,低于检出限,低于检出限,低于检出限,低于检出限,低于检出限,低于检出限,低于检出限,低于检出限,低于检出限,低于检出限,低于检出限,低于检出限,低于检出限,低于检出限
2023/10/30,2023,VF-CQ-6502,1 ,48,2,4,4,4,5,,4700 ,2NRTIs+NNRTIs,65,低于检出限,低于检出限,低于检出限,低于检出限,低于检出限,低于检出限,低于检出限,低于检出限,低于检出限,低于检出限,低于检出限,低于检出限,低于检出限,低于检出限,低于检出限,低于检出限,低于检出限,低于检出限,低于检出限,低于检出限,低于检出限,低于检出限,低于检出限,低于检出限
2023/10/30,2023,VF-CQ-6506,1 ,49,1,4,2,2,2,220,12100 ,不详,84,CRF07_BC,N,S,S,S,S,S,S,S,S,N,S,S,S,S,S,S,S,V179D,S,P,P,P,P
2023/10/30,2023,VF-CQ-6508,1 ,71,1,4,4,1,3,120,67700 ,2NRTIs+NNRTIs,12,CRF08_BC,N,S,S,S,S,S,S,S,S,N,S,S,S,S,S,S,S,V106I · V179D,P,P,L,L,L
2023/10/30,2023,VF-CQ-6512,1 ,52,1,4,4,4,5,49,384000 ,2NRTIs+NNRTIs,59,CRF07_BC,N,S,S,S,S,S,S,S,S,D67N，K70E，M184V,I,S,I,I,H,H,L,V106M，E138Q，F227C,H,H,I,H,H
11/14/2023,2023,VF-CQ-6513,1 ,47,1,1,4,1,5,121,4240 ,ABT+INSTIs+CYP3A+TAF+NRTIs,32,CRF07_BC,N,S,S,S,S,S,S,S,S,N,S,S,S,S,S,S,S,N,S,S,S,S,S
2023/10/30,2023,VF-CQ-6514,1 ,22,1,4,4,4,5,236,29900 ,不详,28,CRF07_BC,N,S,S,S,S,S,S,S,S,N,S,S,S,S,S,S,S,N,S,S,S,S,S
2023/10/30,2023,VF-CQ-6516,1 ,47,1,4,3,1,3,3,10300 ,2NRTIs+NNRTIs,13,CRF68_01B,N,S,S,S,S,S,S,S,S,M184V,L,S,S,P,H,H,S,V106I,P,S,P,P,P
2023/10/30,2023,VF-CQ-6524,2 ,36,1,2,4,2,5,303,662000 ,2NRTIs+NNRTIs,43,CRF07_BC,N,S,S,S,S,S,S,S,S,N,S,S,S,S,S,S,S,N,S,S,S,S,S
2023/10/30,2023,VF-CQ-6533,2 ,39,1,4,4,4,5,,5000 ,不详,20,CRF07_BC,N,S,S,S,S,S,S,S,S,"D67N,K70E,Y115F,M184V",H,S,I,I,H,H,I,"V106M,V179D,F227L",H,H,P,H,L
2023/11/06,2023,VF-CQ-6538,1 ,49,1,4,4,4,5,102,950000 ,2NRTIs+NNRTIs,17,低于检出限,低于检出限,低于检出限,低于检出限,低于检出限,低于检出限,低于检出限,低于检出限,低于检出限,低于检出限,低于检出限,低于检出限,低于检出限,低于检出限,低于检出限,低于检出限,低于检出限,低于检出限,低于检出限,低于检出限,低于检出限,低于检出限,低于检出限,低于检出限
2023/11/06,2023,VF-CQ-6541,1 ,37,1,4,4,2,5,384,10800 ,2NRTIs+NNRTIs,96,CRF07_BC,N,S,S,S,S,S,S,S,S,N,S,S,S,S,S,S,S,K103N,S,H,S,H,S
2023/11/06,2023,VF-CQ-6546,1 ,62,1,1,4,1,3,34,11000 ,2NRTIs+INSTIs,26,CRF07_BC,N,S,S,S,S,S,S,S,S,L74V · M184V,H,S,S,H,H,H,S,V179D,S,P,P,P,P
2023/11/06,2023,VF-CQ-6547,2 ,63,1,4,4,4,5,309,22300 ,2NRTIs+INSTIs,42,CRF07_BC,N,S,S,S,S,S,S,S,S,M184V,L,S,S,P,H,H,S,N,S,S,S,S,S
2023/11/06,2023,VF-CQ-6548,2 ,26,1,4,4,4,5,57,331000 ,不详,72,CRF07_BC,N,S,S,S,S,S,S,S,S,N,S,S,S,S,S,S,S,N,S,S,S,S,S
2023/11/06,2023,VF-CQ-6555,1 ,52,1,4,4,4,5,57,387000 ,2NRTIs+NNRTIs,22,CRF01_AE,N,S,S,S,S,S,S,S,S,"K65R,S68SG,M184I",H,S,I,H,H,H,I,"K103N,V106I,V179E,M230L",H,H,I,H,H
2023/11/06,2023,VF-CQ-6556,1 ,58,1,4,4,4,5,,,2NRTIs+NNRTIs,72,CRF07_BC,N,S,S,S,S,S,S,S,S,"M41L,D67N,K70E,V75T,Y115F · M184V",H,I,H,H,H,H,I,"V106M,V179D,G190A",I,H,L,H,L
2023/11/06,2023,VF-CQ-6557,1 ,45,1,2,4,3,3,5,1500000 ,2NRTIs+NNRTIs,77,CRF01_AE,N,S,S,S,S,S,S,S,S,"A62V,K65R,Δ69,K70N,Y115F",H,S,H,H,I,I,H,"L100I,K103N,Y181C,H221Y",H,H,H,H,H
2023/11/06,2023,VF-CQ-6560,2 ,69,1,4,4,3,5,409,2780 ,2NRTIs+NNRTIs,47,CRF08_BC,N,S,S,S,S,S,S,S,S,N,S,S,S,S,S,S,S,N,S,S,S,S,S
2023/11/06,2023,VF-CQ-6561,1 ,50,1,4,2,1,3,47,24500 ,2NRTIs+NNRTIs,47,CRF08_BC,N,S,S,S,S,S,S,S,S,N,S,S,S,S,S,S,S,N,S,S,S,S,S
2023/11/13,2023,VF-CQ-6570,1 ,23,1,2,4,2,3,25,1930000 ,2NRTIs+INSTIs,10,CRF01_AE,N,S,S,S,S,S,S,S,S,N,S,S,S,S,S,S,S,N,S,S,S,S,S
2023/11/13,2023,VF-CQ-6574,1 ,60,1,4,4,1,3,,119000 ,2NRTIs+NNRTIs,72,CRF01_AE,N,S,S,S,S,S,S,S,S,N,S,S,S,S,S,S,S,N,S,S,S,S,S
2023/11/13,2023,VF-CQ-6583,1 ,44,1,1,4,3,2,20,615000 ,2NRTIs+NNRTIs,36,CRF07_BC,N,S,S,S,S,S,S,S,S,N,S,S,S,S,S,S,S,N,S,S,S,S,S
2023/11/13,2023,VF-CQ-6584,2 ,56,1,4,4,4,5,379,15900 ,2NRTIs+NNRTIs,23,CRF01_AE,N,S,S,S,S,S,S,S,S,M184V,L,S,S,P,H,H,S,"V108I, E138EQ,V179D,N348I",P,I,L,H,I
2023/11/13,2023,VF-CQ-6586,1 ,72,1,4,2,4,5,76,914 ,2NRTIs+NNRTIs,85,低于检出限,低于检出限,低于检出限,低于检出限,低于检出限,低于检出限,低于检出限,低于检出限,低于检出限,低于检出限,低于检出限,低于检出限,低于检出限,低于检出限,低于检出限,低于检出限,低于检出限,低于检出限,低于检出限,低于检出限,低于检出限,低于检出限,低于检出限,低于检出限
2023/11/13,2023,VF-CQ-6587,1 ,55,1,1,4,3,5,174,82300 ,不详,124,CRF07_BC,N,S,S,S,S,S,S,S,S,N,S,S,S,S,S,S,S,N,S,S,S,S,S
2023/11/20,2023,VF-CQ-6593,1 ,52,1,4,3,1,5,71,2220 ,2NRTIs+NNRTIs,120,CRF07_BC,N,S,S,S,S,S,S,S,S,N,S,S,S,S,S,S,S,Y181C,P,I,I,H,I
2023/11/20,2023,VF-CQ-6596,2 ,66,1,4,2,4,5,54,1050000 ,NRTIs+PIs,47,CRF07_BC,"M46L,G48A,I54V,V82A,Q58E",H,S,I,H,H,H,H,I,V75M · M184V,L,S,L,L,H,H,S,N,S,S,S,S,S
2023/11/20,2023,VF-CQ-6597,2 ,26,1,4,4,4,5,12,205000 ,不详,108,CRF01_AE,N,S,S,S,S,S,S,S,S,M184V,L,S,S,P,H,H,S,"L100I,V179IT,Y188L",H,H,I,H,H
2023/11/20,2023,VF-CQ-6605,1 ,51,1,4,2,1,5,,,2NRTIs+NNRTIs,16,CRF07_BC,N,S,S,S,S,S,S,S,S,N,S,S,S,S,S,S,S,N,S,S,S,S,S
2023/11/20,2023,VF-CQ-6610,1 ,22,1,4,2,4,5,272,33600 ,2NRTIs+NNRTIs,86,CRF07_BC,N,S,S,S,S,S,S,S,S,N,S,S,S,S,S,S,S,N,S,S,S,S,S
2023/11/27,2023,VF-CQ-6622,1 ,39,1,4,4,1,5,185,90400 ,2NRTIs+NNRTIs,46,CRF07_BC,N,S,S,S,S,S,S,S,S,D67N · K70KR · M184V · K219E,I,H,I,I,H,H,L,K103N · P225H,I,H,S,H,S
2023/11/27,2023,VF-CQ-6625,2 ,8,1,1,1,2,1,,,不详,58,CRF07_BC,N,S,S,S,S,S,S,S,S,N,S,S,S,S,S,S,S,N,S,S,S,S,S
2023/11/27,2023,VF-CQ-6626,2 ,31,1,4,4,4,5,,,2NRTIs+NNRTIs,58,CRF07_BC,N,S,S,S,S,S,S,S,S,N,S,S,S,S,S,S,S,N,S,S,S,S,S
2023/12/04,2023,VF-CQ-6639,2 ,65,1,4,4,3,3,123,37700 ,2NRTIs+NNRTIs,120,CRF08_BC,N,S,S,S,S,S,S,S,S,N,S,S,S,S,S,S,S,N,S,S,S,S,S
2023/12/04,2023,VF-CQ-6640,1 ,65,1,4,2,3,3,253,2500000 ,不详,48,CRF08_BC,N,S,S,S,S,S,S,S,S,N,S,S,S,S,S,S,S,N,S,S,S,S,S
2023/12/04,2023,VF-CQ-6642,2 ,75,1,4,2,4,5,,37000 ,2NRTIs+NNRTIs,22,CRF07_BC,N,S,S,S,S,S,S,S,S,N,S,S,S,S,S,S,S,K103N,S,H,S,H,S
2023/12/04,2023,VF-CQ-6647,1 ,83,1,4,4,1,5,60,550000 ,不详,252,CRF07_BC,N,S,S,S,S,S,S,S,S,N,S,S,S,S,S,S,S,K103KN,S,H,S,H,S
2023/12/04,2023,VF-CQ-6650,1 ,84,1,4,4,2,5,157,110487 ,2NRTIs+PIs,79,CRF07_BC,N,S,S,S,S,S,S,S,S,N,S,S,S,S,S,S,S,N,S,S,S,S,S
2023/12/04,2023,VF-CQ-6655,1 ,56,1,1,4,1,3,254,209000 ,2NRTIs+NNRTIs,14,CRF01_AE,N,S,S,S,S,S,S,S,S,"A62AV,K65KR,D67DG,M184I,K219KE",H,P,H,H,H,H,H,"V179T,Y181C,G190S",I,H,H,H,H
2023/12/04,2023,VF-CQ-6660,1 ,41,1,2,4,1,3,46,2760000 ,2NRTIs+NNRTIs,60,CRF07_BC,N,S,S,S,S,S,S,S,S,N,S,S,S,S,S,S,S,N,S,S,S,S,S
2023/12/04,2023,VF-CQ-6661,2 ,58,1,4,4,1,3,19,188000 ,2NRTIs+NNRTIs,120,CRF07_BC,N,S,S,S,S,S,S,S,S,"K65R,S68N,K70T,M184V",H,S,H,H,H,H,H,"L100I,K101E,V106M,V179IL,,G190A",H,H,H,H,H
2023/12/11,2023,VF-CQ-6664,1 ,27,1,3,3,2,4,22,3810000 ,2NRTIs+NNRTIs,24,CRF01_AE,N,S,S,S,S,S,S,S,S,"D67N,K70E",L,L,I,L,P,P,L,"V106M,V179D",I,H,P,H,L
2023/12/11,2023,VF-CQ-6665,2 ,45,1,4,2,4,5,,804000 ,2NRTIs+NNRTIs,9,CRF07_BC,N,S,S,S,S,S,S,S,S,"D67N,K70E,L74V,M184V",H,S,I,H,H,H,L,G190E,H,H,I,H,H
2023/12/11,2023,VF-CQ-6666,2 ,48,1,4,4,4,5,311,7340 ,INSTIs+CYP3A+TAF+NRTIs,25,CRF07_BC,N,S,S,S,S,S,S,S,S,N,S,S,S,S,S,S,S,N,S,S,S,S,S
2023/12/11,2023,VF-CQ-6673,1 ,59,1,4,2,4,5,623,78700 ,不详,31,CRF07_BC,N,S,S,S,S,S,S,S,S,N,S,S,S,S,S,S,S,K103N,S,H,S,H,S
2023/12/11,2023,VF-CQ-6675,1 ,53,1,4,4,4,5,,86400 ,2NRTIs+NNRTIs,15,CRF85_BC,N,S,S,S,S,S,S,S,S,"M41ML,K65R,S68N,M184V",H,S,H,H,H,H,I,"V106M,V179E,F227L",H,H,P,H,P
2023/12/11,2023,VF-CQ-6678,1 ,53,1,4,4,3,5,,13700 ,2NRTIs+NNRTIs,96,CRF07_BC,N,S,S,S,S,S,S,S,S,N,S,S,S,S,S,S,S,N,S,S,S,S,S
2023/12/11,2023,VF-CQ-6680,1 ,43,1,2,4,1,5,12,331000 ,2NRTIs+NNRTIs,12,CRF07_BC,N,S,S,S,S,S,S,S,S,"K65R,S68N,M184V",H,S,I,H,H,H,I,"V179D,Y188L",H,H,L,H,H
2023/12/18,2023,VF-CQ-6696,1 ,55,1,4,4,4,5,429,1370000 ,2NRTIs+NNRTIs,7,CRF07_BC,N,S,S,S,S,S,S,S,S,N,S,S,S,S,S,S,S,N,S,S,S,S,S
2023/12/18,2023,VF-CQ-6698,1 ,27,1,4,4,4,5,384,45600 ,不详,96,CRF07_BC,N,S,S,S,S,S,S,S,S,N,S,S,S,S,S,S,S,N,S,S,S,S,S
2023/12/18,2023,VF-CQ-6701,1 ,54,2,1,4,1,3,,,2NRTIs+NNRTIs,69,CRF07_BC,N,S,S,S,S,S,S,S,S,"K65R,S68G,K70T,Y115F,M184MV",H,S,H,H,H,H,H,"V106M,V179D,Y181YC",I,H,I,H,I
2023/12/18,2023,VF-CQ-6709,1 ,71,1,4,4,4,5,112,3680 ,2NRTIs+NNRTIs,6,CRF07_BC,N,S,S,S,S,S,S,S,S,N,S,S,S,S,S,S,S,K103N,S,H,S,H,S
2023/12/18,2023,VF-CQ-6710,1 ,76,1,4,2,4,5,386,10100 ,2NRTIs+NNRTIs,69,CRF07_BC,N,S,S,S,S,S,S,S,S,"K65R,S68SDGN,M184I",H,S,I,H,H,H,I,"V106M,Y181C,M230L",H,H,H,H,H
2023/12/25,2023,VF-CQ-6714,1 ,49,1,4,4,3,3,45,294000 ,2NRTIs+NNRTIs,9,CRF01_AE,N,S,S,S,S,S,S,S,S,N,S,S,S,S,S,S,S,N,S,S,S,S,S
2023/12/25,2023,VF-CQ-6719,1 ,76,1,1,2,3,3,109,7120 ,2NRTIs+NNRTIs,82,C,N,S,S,S,S,S,S,S,S,N,S,S,S,S,S,S,S,A98G,L,L,P,I,L
2023/12/25,2023,VF-CQ-6723,1 ,69,1,4,2,1,5,153,11600 ,2NRTIs+NNRTIs,69,CRF01_AE,N,S,S,S,S,S,S,S,S,N,S,S,S,S,S,S,S,N,S,S,S,S,S
2023/12/25,2023,VF-CQ-6731,1 ,70,1,4,4,4,5,133,33900 ,2NRTIs+NNRTIs,28,C,N,S,S,S,S,S,S,S,S,"L74V,Y115F,M184V",H,S,S,H,H,H,P,"K103N,V106M,E138G,F227FL",H,H,P,H,L
,2023,VF-CQ-6788,2 ,46,1,1,4,3,5,113,1390000 ,2NRTIs+INSTIs,52,CRF07_BC,N,S,S,S,S,S,S,S,S,N,S,S,S,S,S,S,S,N,S,S,S,S,S
2019/04/15,2019,VF-CQ-732,1 ,46,1,1,3,3,2,114,5450 ,2NRTIs+NNRTIs,48,CRF07_BC,N,S,S,S,S,S,S,S,S,N,S,S,S,S,S,S,S,N,S,S,S,S,S
2019/05/20,2019,VF-CQ-816,2 ,31,1,4,5,4,5,,1930 ,2NRTIs+NNRTIs,84,C,N,S,S,S,S,S,S,S,S,"M41L, M184V, T215F",I,I,I,I,H,H,L,"G190A, Y318F",I,I,P,H,L
2019/05/20,2019,VF-CQ-817,2 ,31,2,4,4,1,3,29,23368 ,2NRTIs+NNRTIs,60,B+C,N,S,S,S,S,S,S,S,S,M184V,L,S,S,P,H,H,S,"K101P, K103S",P,H,H,H,H
2019/05/20,2019,VF-CQ-820,1 ,27,1,3,4,1,4,18,204000 ,2NRTIs+NNRTIs,6,CRF01_AE,N,S,S,S,S,S,S,S,S,M184MI,L,S,S,P,H,H,S,"K101E, Y181YC, G190S",H,H,H,H,H
2019/05/27,2019,VF-CQ-831,2 ,36,1,4,4,4,5,253,7890 ,2NRTIs+NNRTIs,121,B+C,K43T,S,S,S,S,S,P,S,P,N,S,S,S,S,S,S,S,N,S,S,S,S,S
2019/05/27,2019,VF-CQ-833,1 ,65,2,1,5,1,3,16,1063303 ,2NRTIs+NNRTIs,12,CRF01_AE,N,S,S,S,S,S,S,S,S,N,S,S,S,S,S,S,S,"V106VIM, E138K, V179E",I,H,I,H,H
2019/05/27,2019,VF-CQ-834,2 ,32,3,4,5,4,5,,7890 ,不详,149,CRF01_AE,N,S,S,S,S,S,S,S,S,"M41L, E44EA, M184V, T215FY",I,I,I,I,H,H,L,"K103N, V108I, H221Y, M230L, L234I, Y318F",H,H,I,H,H
2019/05/27,2019,VF-CQ-841,1 ,37,1,2,3,1,3,137,8503 ,2NRTIs+NNRTIs,72,CRF01_AE,N,S,S,S,S,S,S,S,S,N,S,S,S,S,S,S,S,N,S,S,S,S,S
2019/05/27,2019,VF-CQ-842,1 ,60,1,1,4,1,3,19,514432 ,2NRTIs+NNRTIs,25,CRF07_BC,N,S,S,S,S,S,S,S,S,N,S,S,S,S,S,S,S,K103N,S,H,S,H,S
2019/05/27,2019,VF-CQ-845,1 ,34,1,4,4,1,5,9,1005 ,2NRTIs+NNRTIs,84,CRF01_AE,N,S,S,S,S,S,S,S,S,N,S,S,S,S,S,S,S,K103N,S,H,S,H,S
2019/06/03,2019,VF-CQ-847,2 ,68,1,4,2,1,3,48,1144014 ,2NRTIs+NNRTIs,12,CRF07_BC,N,S,S,S,S,S,S,S,S,"K65R, L74I, Y115F, M184V",H,S,I,H,H,H,H,"L100I, K103N",I,H,I,H,H
2019/06/03,2019,VF-CQ-850,1 ,55,1,1,4,1,3,48,8397 ,2NRTIs+NNRTIs,48,B+C,N,S,S,S,S,S,S,S,S,N,S,S,S,S,S,S,S,K103N,S,H,S,H,S
2019/06/03,2019,VF-CQ-852,2 ,24,1,4,3,1,5,62,133 ,2NRTIs+NNRTIs,25,B+C,N,S,S,S,S,S,S,S,S,N,S,S,S,S,S,S,S,N,S,S,S,S,S
2019/06/03,2019,VF-CQ-859,1 ,49,1,4,4,2,2, ,7370 ,2NRTIs+PIs,9,CRF01_AE,N,S,S,S,S,S,S,S,S,N,S,S,S,S,S,S,S,V106VI,L,S,P,P,P
2019/06/03,2019,VF-CQ-866,1 ,59,1,2,4,1,3,2,265000 ,不详,61,CRF07_BC,N,S,S,S,S,S,S,S,S,N,S,S,S,S,S,S,S,"K103KN, G190GE",H,H,I,H,H
2019/06/10,2019,VF-CQ-871,2 ,35,1,2,4,1,5,19,290000 ,2NRTIs+NNRTIs,23,CRF01_AE,"M46MI, I54V, V82A",H,S,H,H,H,H,H,L,"K65R, K70T, M184V",H,S,H,H,H,H,H,"V106I, Y188L",H,H,L,H,H
2019/06/10,2019,VF-CQ-873,1 ,52,1,4,2,1,3,16,222763 ,2NRTIs+NNRTIs,24,CRF01_AE,N,S,S,S,S,S,S,S,S,"M41L, D67N, K70R, V75M, M184V, L210W, T215Y, K219E",H,H,H,H,H,H,H,"A98G, K101E, G190S",H,H,I,H,H
2019/06/10,2019,VF-CQ-876,1 ,27,1,4,4,2,5,32,502000 ,2NRTIs+NNRTIs,12,A,N,S,S,S,S,S,S,S,S,"K65R, K219E",I,S,H,H,I,I,H,"K101E, Y181C, G190S",H,H,H,H,H
2019/06/17,2019,VF-CQ-885,1 ,29,2,2,4,2,3,9,588267 ,2NRTIs+NNRTIs,36,CRF01_AE,N,S,S,S,S,S,S,S,S,"K65R,  M184V",H,S,I,H,H,H,I,"K101E,  V106I ,  Y181C,  G190S",H,H,H,H,H
2019/06/17,2019,VF-CQ-891,1 ,49,3,4,5,4,5,,26100 ,2NRTIs+NNRTIs,18,B+C,N,S,S,S,S,S,S,S,S,"K65R, Y115F, M184V",H,S,I,H,H,H,H,"V106M, V179D, Y181C",I,H,I,H,I
2019/06/17,2019,VF-CQ-893,1 ,50,3,4,5,4,5,99,23700 ,2NRTIs+NNRTIs,60,CRF08_BC,N,S,S,S,S,S,S,S,S,"K65R,  K70Q,  Y115F,  M184V",H,S,H,H,H,H,H,"A98G,  K103N,  Y181C,  G190A,  Y318F",H,H,H,H,H
2019/06/17,2019,VF-CQ-896,1 ,50,1,1,4,1,5,2,13900 ,2NRTIs+NNRTIs,71,CRF01_AE,N,S,S,S,S,S,S,S,S,"K65R, M184I",H,S,I,H,H,H,I,"K103N, V179T, Y188H",P,H,S,H,S
2019/06/17,2019,VF-CQ-900,1 ,54,1,4,3,3,3,37,694686 ,不详,10,CRF07_BC,N,S,S,S,S,S,S,S,S,N,S,S,S,S,S,S,S,N,S,S,S,S,S
2019/06/17,2019,VF-CQ-901,1 ,45,1,4,3,4,5,284,11100 ,2NRTIs+NNRTIs,81,CRF07_BC,N,S,S,S,S,S,S,S,S,N,S,S,S,S,S,S,S,N,S,S,S,S,S
2019/06/24,2019,VF-CQ-907,1 ,36,3,4,5,4,5,,,不详,60,CRF01_AE,N,S,S,S,S,S,S,S,S,"A62V,  K65R,  M184V",H,S,I,H,H,H,I,"K101E,  V106M,  G190A",I,H,I,H,H
2019/06/24,2019,VF-CQ-914,1 ,68,1,1,2,2,3,178,7394 ,2NRTIs+NNRTIs,12,B+C,N,S,S,S,S,S,S,S,S,N,S,S,S,S,S,S,S,K103N,S,H,S,H,S
2019/06/24,2019,VF-CQ-915,1 ,33,1,4,4,2,3,52,121 ,2NRTIs+NNRTIs,11,B+C,N,S,S,S,S,S,S,S,S,N,S,S,S,S,S,S,S,N,S,S,S,S,S
2019/06/24,2019,VF-CQ-916,1 ,37,1,4,3,3,5,68,1274133 ,2NRTIs+NNRTIs,16,CRF01_AE,N,S,S,S,S,S,S,S,S,N,S,S,S,S,S,S,S,N,S,S,S,S,S
2019/06/24,2019,VF-CQ-918,1 ,40,1,4,4,4,5,37,35295 ,2NRTIs+NNRTIs,48,B+C,N,S,S,S,S,S,S,S,S,N,S,S,S,S,S,S,S,N,S,S,S,S,S
2019/07/01,2019,VF-CQ-921,2 ,60,1,1,2,3,3,164,71433 ,不详,15,CRF01_AE,N,S,S,S,S,S,S,S,S,"K65R, M184V",H,S,I,H,H,H,I,Y181C,P,I,I,H,I
2019/07/01,2019,VF-CQ-932,1 ,43,1,2,4,1,3,22,1414844 ,2NRTIs+NNRTIs,13,A,N,S,S,S,S,S,S,S,S,"A62V, K65R, M184V",H,S,I,H,H,H,I,"K101E, V106M, G190A, F227FL",H,H,I,H,H
2019/07/01,2019,VF-CQ-933,2 ,43,3,4,5,4,5,40,48500 ,不详,8,C,N,S,S,S,S,S,S,S,S,N,S,S,S,S,S,S,S,N,S,S,S,S,S
2019/07/01,2019,VF-CQ-935,1 ,42,1,4,4,4,5,127,4359 ,2NRTIs+NNRTIs,27,B+C,N,S,S,S,S,S,S,S,S,"M41L, K65R, L74I, M184V",H,S,H,H,H,H,H,"V106M, V179E",I,H,P,H,P
2019/07/08,2019,VF-CQ-936,1 ,55,1,2,4,1,3,148,20940 ,2NRTIs+NNRTIs,84,CRF07_BC,N,S,S,S,S,S,S,S,S,N,S,S,S,S,S,S,S,N,S,S,S,S,S
2019/07/08,2019,VF-CQ-945,2 ,48,1,2,4,1,3,297,364658 ,2NRTIs+NNRTIs,125,CRF08_BC,N,S,S,S,S,S,S,S,S,N,S,S,S,S,S,S,S,N,S,S,S,S,S
2019/07/15,2019,VF-CQ-951,1 ,1,1,4,4,2,5,750,42200 ,2NRTIs+PIs,11,B+C,N,S,S,S,S,S,S,S,S,M184V,L,S,S,P,H,H,S,"K101E, G190A",L,H,I,H,H
2019/07/15,2019,VF-CQ-955,1 ,34,1,3,4,2,5,49,269079 ,2NRTIs+NNRTIs,26,CRF01_AE,N,S,S,S,S,S,S,S,S,N,S,S,S,S,S,S,S,N,S,S,S,S,S
2019/07/15,2019,VF-CQ-964,2 ,55,1,1,2,1,5,29,2228251 ,2NRTIs+NNRTIs,12,B+C,N,S,S,S,S,S,S,S,S,"K65R, M184V",H,S,I,H,H,H,I,"K101EQ, Y181C, G190A",I,H,H,H,H
2019/07/15,2019,VF-CQ-967,1 ,48,1,3,4,1,3,180,989 ,2NRTIs+NNRTIs,26,B+C,N,S,S,S,S,S,S,S,S,"K65KR, L74LI, M184MI",H,S,I,H,H,H,I,"K103N, V179E, Y181YC, H221HY",I,H,I,H,H
2019/07/22,2019,VF-CQ-970,1 ,46,1,1,4,3,3,20,95269 ,2NRTIs+NNRTIs,36,CRF01_AE,N,S,S,S,S,S,S,S,S,"K65R, D67N",I,S,H,H,I,I,H,"V106M, V179D, Y181YC, G190A",H,H,H,H,H
2019/07/22,2019,VF-CQ-971,1 ,52,1,2,3,1,5,38,508000 ,2NRTIs+NNRTIs,6,B+C,N,S,S,S,S,S,S,S,S,"K65R, M184I",H,S,I,H,H,H,I,"Y181C, G190S, M230ML",H,H,H,H,H
2019/07/22,2019,VF-CQ-978,1 ,38,1,4,4,1,3,20,170000 ,2NRTIs+NNRTIs,12,CRF01_AE,N,S,S,S,S,S,S,S,S,M184V,H,S,S,P,H,H,S,"K103N, P225H, L234I, Y318F",H,H,S,H,S
2019/07/22,2019,VF-CQ-981,2 ,52,1,2,5,1,5,9,1269413 ,2NRTIs+NNRTIs,72,CRF07_BC,N,S,S,S,S,S,S,S,S,N,S,S,S,S,S,S,S,V179D,S,P,P,P,P
2019/07/22,2019,VF-CQ-983,1 ,40,1,3,4,1,3,46,501487 ,2NRTIs+NNRTIs,9,B+C,N,S,S,S,S,S,S,S,S,N,S,S,S,S,S,S,S,N,S,S,S,S,S
2019/07/22,2019,VF-CQ-984,1 ,68,1,1,2,1,5,138,11100 ,2NRTIs+NNRTIs,12,B+C,N,S,S,S,S,S,S,S,S,"K65R, Y115F, M184V",H,S,I,H,H,H,H,"V179D, Y181C",P,H,I,H,H
2019/07/22,2019,VF-CQ-986,1 ,54,1,4,2,3,3,19,352505 ,2NRTIs+NNRTIs,48,CRF01_AE,N,S,S,S,S,S,S,S,S,"M41L, E44D, D67N, M184V, L210W, T215Y",H,H,H,H,H,H,H,"V108I, Y181C",I,I,I,H,I
2019/07/29,2019,VF-CQ-988,1 ,53,1,2,4,1,5,44,1040000 ,2NRTIs+NNRTIs,6,CRF01_AE,N,S,S,S,S,S,S,S,S,M184V,L,S,S,P,H,H,S,"K103N, P225H",I,H,S,H,S